word	zh	image
409a	409a	https://thumb.wikimedia.org/wikipedia/commons/thumb/7/7d/Nude_woman_pouring_water_over_head_%28rbm-QP301M8-1887-409a~2%29.jpg/120px-Nude_woman_pouring_water_over_head_%28rbm-QP301M8-1887-409a~2%29.jpg?utm_source=commons.wikimedia.org&utm_campaign=imageinfo&utm_content=thumbnail
a	一	
abandoned	废弃	https://thumb.wikimedia.org/wikipedia/commons/thumb/b/bf/Abandoned_house_-_geograph.org.uk_-_501079.jpg/250px-Abandoned_house_-_geograph.org.uk_-_501079.jpg?utm_source=commons.wikimedia.org&utm_campaign=imageinfo&utm_content=thumbnail
abnormal	异常	https://thumb.wikimedia.org/wikipedia/commons/thumb/c/ce/Abnormal_bone_growth.jpg/250px-Abnormal_bone_growth.jpg?utm_source=commons.wikimedia.org&utm_campaign=imageinfo&utm_content=thumbnail
abort	中止	https://thumb.wikimedia.org/wikipedia/commons/thumb/f/f7/Pad_Abort_Launch.jpg/120px-Pad_Abort_Launch.jpg?utm_source=commons.wikimedia.org&utm_campaign=imageinfo&utm_content=thumbnail
about	关于	https://thumb.wikimedia.org/wikipedia/commons/thumb/2/23/About_box_Windows_1.xx_%28EN%29.png/250px-About_box_Windows_1.xx_%28EN%29.png?utm_source=commons.wikimedia.org&utm_campaign=imageinfo&utm_content=thumbnail
absorbs	吸收	https://thumb.wikimedia.org/wikipedia/commons/thumb/4/47/Electron_capture_NT.PNG/250px-Electron_capture_NT.PNG?utm_source=commons.wikimedia.org&utm_campaign=imageinfo&utm_content=thumbnail
abstract	抽象	https://thumb.wikimedia.org/wikipedia/commons/thumb/5/5d/Abstract_Black_and_White_Graphic_Design.jpeg/250px-Abstract_Black_and_White_Graphic_Design.jpeg?utm_source=commons.wikimedia.org&utm_campaign=imageinfo&utm_content=thumbnail
abuse	滥用	https://thumb.wikimedia.org/wikipedia/commons/thumb/d/d4/Abuse_-_launch_grenade_on_flyer.png/250px-Abuse_-_launch_grenade_on_flyer.png?utm_source=commons.wikimedia.org&utm_campaign=imageinfo&utm_content=thumbnail
accept	接受	https://thumb.wikimedia.org/wikipedia/commons/thumb/6/63/Accept_rank_water.jpg/250px-Accept_rank_water.jpg?utm_source=commons.wikimedia.org&utm_campaign=imageinfo&utm_content=thumbnail
acceptance	接受	https://thumb.wikimedia.org/wikipedia/commons/thumb/1/1a/Press_photographers_during_Hillary_Clinton%27s_acceptance_speech_%2828632362435%29_2.jpg/250px-Press_photographers_during_Hillary_Clinton%27s_acceptance_speech_%2828632362435%29_2.jpg?utm_source=commons.wikimedia.org&utm_campaign=imageinfo&utm_content=thumbnail
access	访问	https://thumb.wikimedia.org/wikipedia/commons/thumb/2/2c/Beach_access_-_geograph.org.uk_-_978576.jpg/250px-Beach_access_-_geograph.org.uk_-_978576.jpg?utm_source=commons.wikimedia.org&utm_campaign=imageinfo&utm_content=thumbnail
accessibility	无障碍	https://upload.wikimedia.org/wikipedia/commons/b/b7/BBC_News_web_accessibility_demo.jpg?utm_source=commons.wikimedia.org&utm_campaign=imageinfo&utm_content=thumbnail_unscaled
accessible	可访问	https://upload.wikimedia.org/wikipedia/commons/e/e0/Disabled_accessible_%26_baby_changing_site_Icons.png?utm_source=commons.wikimedia.org&utm_campaign=imageinfo&utm_content=thumbnail_unscaled
accidental	意外	https://thumb.wikimedia.org/wikipedia/commons/thumb/c/cf/Accidental_Claims_UK_-_High_Street_-_geograph.org.uk_-_1773453.jpg/250px-Accidental_Claims_UK_-_High_Street_-_geograph.org.uk_-_1773453.jpg?utm_source=commons.wikimedia.org&utm_campaign=imageinfo&utm_content=thumbnail
according	根据	https://thumb.wikimedia.org/wikipedia/commons/thumb/8/88/Map_of_Europe_according_to_Strabo.jpg/250px-Map_of_Europe_according_to_Strabo.jpg?utm_source=commons.wikimedia.org&utm_campaign=imageinfo&utm_content=thumbnail
account	账户	https://thumb.wikimedia.org/wikipedia/commons/thumb/a/a5/Page_decoration_from_The_Chaldean_Account_of_Genesis_%281876%29.jpg/250px-Page_decoration_from_The_Chaldean_Account_of_Genesis_%281876%29.jpg?utm_source=commons.wikimedia.org&utm_campaign=imageinfo&utm_content=thumbnail
accountability	问责	https://thumb.wikimedia.org/wikipedia/commons/thumb/6/64/Ukraine_Accountability_Conference_The_Hague_2022_%2852215447856%29_%28cropped%29.jpg/250px-Ukraine_Accountability_Conference_The_Hague_2022_%2852215447856%29_%28cropped%29.jpg?utm_source=commons.wikimedia.org&utm_campaign=imageinfo&utm_content=thumbnail
accounting	会计	https://upload.wikimedia.org/wikipedia/commons/d/dd/Accounting-icon.png?utm_source=commons.wikimedia.org&utm_campaign=imageinfo&utm_content=thumbnail_unscaled
accounts	账户	https://thumb.wikimedia.org/wikipedia/commons/thumb/4/4a/Temporary_accounts_edit_notice_on_Test_Wikipedia_screenshot_%28cropped%29.webp/250px-Temporary_accounts_edit_notice_on_Test_Wikipedia_screenshot_%28cropped%29.webp?utm_source=commons.wikimedia.org&utm_campaign=imageinfo&utm_content=thumbnail
accuracy	准确度	https://thumb.wikimedia.org/wikipedia/commons/thumb/b/ba/Accuracy_and_precision_example.jpg/60px-Accuracy_and_precision_example.jpg?utm_source=commons.wikimedia.org&utm_campaign=imageinfo&utm_content=thumbnail
accurate	准确	
acknowledgements	致谢	https://thumb.wikimedia.org/wikipedia/commons/thumb/0/00/Thanks_He.jpg/250px-Thanks_He.jpg?utm_source=commons.wikimedia.org&utm_campaign=imageinfo&utm_content=thumbnail
across	跨	https://thumb.wikimedia.org/wikipedia/commons/thumb/b/ba/Across_the_Continent_%281922%29_-_1.jpg/250px-Across_the_Continent_%281922%29_-_1.jpg?utm_source=commons.wikimedia.org&utm_campaign=imageinfo&utm_content=thumbnail
act	行动	https://upload.wikimedia.org/wikipedia/commons/e/e9/ACT_Airlines_logo.png?utm_source=commons.wikimedia.org&utm_campaign=imageinfo&utm_content=thumbnail_unscaled
action	行动	https://thumb.wikimedia.org/wikipedia/commons/thumb/9/97/Action_Hoorn_Ramen_31.jpg/250px-Action_Hoorn_Ramen_31.jpg?utm_source=commons.wikimedia.org&utm_campaign=imageinfo&utm_content=thumbnail
actionable	可执行	https://thumb.wikimedia.org/wikipedia/commons/thumb/7/72/RecBCD_actionable.png/250px-RecBCD_actionable.png?utm_source=commons.wikimedia.org&utm_campaign=imageinfo&utm_content=thumbnail
actions	行动	https://upload.wikimedia.org/wikipedia/commons/4/4b/Nuvola_actions_top.png?utm_source=commons.wikimedia.org&utm_campaign=imageinfo&utm_content=thumbnail_unscaled
activation	激活	https://thumb.wikimedia.org/wikipedia/commons/thumb/5/56/Enzyme_activation_energy.png/250px-Enzyme_activation_energy.png?utm_source=commons.wikimedia.org&utm_campaign=imageinfo&utm_content=thumbnail
active	活跃	https://thumb.wikimedia.org/wikipedia/commons/thumb/b/b2/Glycolytic_Active_site.png/250px-Glycolytic_Active_site.png?utm_source=commons.wikimedia.org&utm_campaign=imageinfo&utm_content=thumbnail
activity	活动	https://upload.wikimedia.org/wikipedia/commons/4/4b/Activity_3.png?utm_source=commons.wikimedia.org&utm_campaign=imageinfo&utm_content=thumbnail_unscaled
actually	实际上	https://thumb.wikimedia.org/wikipedia/commons/thumb/3/34/Sharaku_%281794%29_Ichikawa_Ebiz%C5%8D_as_the_itinerant_monk_Ry%C5%8Dzan%2C_actually_Abe_no_Sadat%C5%8D.jpg/120px-Sharaku_%281794%29_Ichikawa_Ebiz%C5%8D_as_the_itinerant_monk_Ry%C5%8Dzan%2C_actually_Abe_no_Sadat%C5%8D.jpg?utm_source=commons.wikimedia.org&utm_campaign=imageinfo&utm_content=thumbnail
ad	广告	
adapt	适应	
adapters	适配器	https://thumb.wikimedia.org/wikipedia/commons/thumb/6/67/An_image_of_3_Farallon_PhoneNet_AppleTalk_adapters.jpg/250px-An_image_of_3_Farallon_PhoneNet_AppleTalk_adapters.jpg?utm_source=commons.wikimedia.org&utm_campaign=imageinfo&utm_content=thumbnail
adapts	适应	https://thumb.wikimedia.org/wikipedia/commons/thumb/1/1e/Without_adaptive_optics.jpg/250px-Without_adaptive_optics.jpg?utm_source=commons.wikimedia.org&utm_campaign=imageinfo&utm_content=thumbnail
add	添加	https://thumb.wikimedia.org/wikipedia/commons/thumb/7/74/Confluence_on_River_Add_-_geograph.org.uk_-_123963.jpg/250px-Confluence_on_River_Add_-_geograph.org.uk_-_123963.jpg?utm_source=commons.wikimedia.org&utm_campaign=imageinfo&utm_content=thumbnail
added	已添加	https://thumb.wikimedia.org/wikipedia/commons/thumb/c/cc/Smoothing_by_summation_sample.png/40px-Smoothing_by_summation_sample.png?utm_source=commons.wikimedia.org&utm_campaign=imageinfo&utm_content=thumbnail
addresses	地址	https://thumb.wikimedia.org/wikipedia/commons/thumb/d/d9/Luciano_Pavarotti_in_Saint_Petersburg.jpg/250px-Luciano_Pavarotti_in_Saint_Petersburg.jpg?utm_source=commons.wikimedia.org&utm_campaign=imageinfo&utm_content=thumbnail
adds	添加	https://thumb.wikimedia.org/wikipedia/commons/thumb/7/74/Confluence_on_River_Add_-_geograph.org.uk_-_123963.jpg/250px-Confluence_on_River_Add_-_geograph.org.uk_-_123963.jpg?utm_source=commons.wikimedia.org&utm_campaign=imageinfo&utm_content=thumbnail
adjust	调整	https://thumb.wikimedia.org/wikipedia/commons/thumb/8/85/Adjustment_Team_1.jpg/250px-Adjustment_Team_1.jpg?utm_source=commons.wikimedia.org&utm_campaign=imageinfo&utm_content=thumbnail
adjustments	调整	https://thumb.wikimedia.org/wikipedia/commons/thumb/d/d7/Ratcliffe_Power_Station_-_railway_adjustments_-_geograph.org.uk_-_1608043.jpg/250px-Ratcliffe_Power_Station_-_railway_adjustments_-_geograph.org.uk_-_1608043.jpg?utm_source=commons.wikimedia.org&utm_campaign=imageinfo&utm_content=thumbnail
admin	管理	https://upload.wikimedia.org/wikipedia/commons/a/a7/Simple_Wikipedia_admin_mop.png?utm_source=commons.wikimedia.org&utm_campaign=imageinfo&utm_content=thumbnail_unscaled
administrators	管理员	https://upload.wikimedia.org/wikipedia/commons/6/6d/NOAA_Administrators_Award_Medal.png?utm_source=commons.wikimedia.org&utm_campaign=imageinfo&utm_content=thumbnail_unscaled
admins	管理员	
adoption	采用	https://upload.wikimedia.org/wikipedia/commons/0/0f/Lifetime_adoption.gif?utm_source=commons.wikimedia.org&utm_campaign=imageinfo&utm_content=thumbnail_unscaled
ads	广告	https://thumb.wikimedia.org/wikipedia/commons/thumb/7/79/ADS_logo.png/250px-ADS_logo.png?utm_source=commons.wikimedia.org&utm_campaign=imageinfo&utm_content=thumbnail
adult	成人	https://upload.wikimedia.org/wikipedia/commons/4/42/Marcelino_Gavil%C3%A1n_Bofill_%281935%29_La_tuberculosis_cr%C3%B3nica_de_la_laringe_en_el_adulto.jpg?utm_source=commons.wikimedia.org&utm_campaign=imageinfo&utm_content=thumbnail_unscaled
adults	成人	https://upload.wikimedia.org/wikipedia/commons/4/42/Marcelino_Gavil%C3%A1n_Bofill_%281935%29_La_tuberculosis_cr%C3%B3nica_de_la_laringe_en_el_adulto.jpg?utm_source=commons.wikimedia.org&utm_campaign=imageinfo&utm_content=thumbnail_unscaled
advance	提前	https://upload.wikimedia.org/wikipedia/commons/2/2a/Advance.png?utm_source=commons.wikimedia.org&utm_campaign=imageinfo&utm_content=thumbnail_unscaled
advanced	高级	https://thumb.wikimedia.org/wikipedia/commons/thumb/e/e6/Indian_Institute_of_Advanced_Study_low_resolution.jpg/250px-Indian_Institute_of_Advanced_Study_low_resolution.jpg?utm_source=commons.wikimedia.org&utm_campaign=imageinfo&utm_content=thumbnail
adversaries	对手	https://thumb.wikimedia.org/wikipedia/commons/thumb/7/78/Opponent_color_circle_1917.png/250px-Opponent_color_circle_1917.png?utm_source=commons.wikimedia.org&utm_campaign=imageinfo&utm_content=thumbnail
advice	建议	https://thumb.wikimedia.org/wikipedia/commons/thumb/e/ed/French-advice-to-lover.gif/250px-French-advice-to-lover.gif?utm_source=commons.wikimedia.org&utm_campaign=imageinfo&utm_content=thumbnail
advise	建议	https://thumb.wikimedia.org/wikipedia/commons/thumb/6/6b/Footpath_flooded%2C_please_advise..._-_geograph.org.uk_-_704591.jpg/250px-Footpath_flooded%2C_please_advise..._-_geograph.org.uk_-_704591.jpg?utm_source=commons.wikimedia.org&utm_campaign=imageinfo&utm_content=thumbnail
advisories	公告	https://thumb.wikimedia.org/wikipedia/commons/thumb/0/06/Interim_Ryukyus_Advisory_Council_Members.JPG/250px-Interim_Ryukyus_Advisory_Council_Members.JPG?utm_source=commons.wikimedia.org&utm_campaign=imageinfo&utm_content=thumbnail
advisory	咨询	
advocacy	倡导	https://thumb.wikimedia.org/wikipedia/commons/thumb/9/94/Public_Library_Advocacy_Main.jpg/250px-Public_Library_Advocacy_Main.jpg?utm_source=commons.wikimedia.org&utm_campaign=imageinfo&utm_content=thumbnail
advocate	倡导	https://thumb.wikimedia.org/wikipedia/commons/thumb/4/4c/Sanjay_Jain_%28Senior_Advocate%29.jpg/250px-Sanjay_Jain_%28Senior_Advocate%29.jpg?utm_source=commons.wikimedia.org&utm_campaign=imageinfo&utm_content=thumbnail
affects	影响	https://thumb.wikimedia.org/wikipedia/commons/thumb/f/f2/Earth_Atmosphere_affects_Astronomy_Images.png/250px-Earth_Atmosphere_affects_Astronomy_Images.png?utm_source=commons.wikimedia.org&utm_campaign=imageinfo&utm_content=thumbnail
affiliate	联盟	https://thumb.wikimedia.org/wikipedia/commons/thumb/e/e3/President_of_ChEmory_%28Emory%27s_Undergraduate_Affiliate_of_the_American_Chemical_Society%29.jpeg/250px-President_of_ChEmory_%28Emory%27s_Undergraduate_Affiliate_of_the_American_Chemical_Society%29.jpeg?utm_source=commons.wikimedia.org&utm_campaign=imageinfo&utm_content=thumbnail
after	之后	https://thumb.wikimedia.org/wikipedia/commons/thumb/4/40/After_hogarth.JPG/250px-After_hogarth.JPG?utm_source=commons.wikimedia.org&utm_campaign=imageinfo&utm_content=thumbnail
afterward	之后	https://thumb.wikimedia.org/wikipedia/commons/thumb/8/88/What_Next%2C_Corporal_Hargrove%3F_%281945%29.png/250px-What_Next%2C_Corporal_Hargrove%3F_%281945%29.png?utm_source=commons.wikimedia.org&utm_campaign=imageinfo&utm_content=thumbnail
again	再	https://thumb.wikimedia.org/wikipedia/commons/thumb/0/01/In_Again_Out_Again_poster.jpg/250px-In_Again_Out_Again_poster.jpg?utm_source=commons.wikimedia.org&utm_campaign=imageinfo&utm_content=thumbnail
against	反对	https://thumb.wikimedia.org/wikipedia/commons/thumb/c/cd/Cards-Against-Humanity.jpg/250px-Cards-Against-Humanity.jpg?utm_source=commons.wikimedia.org&utm_campaign=imageinfo&utm_content=thumbnail
age	年龄	https://thumb.wikimedia.org/wikipedia/commons/thumb/4/40/Age_of_Empires_franchise_logo.png/250px-Age_of_Empires_franchise_logo.png?utm_source=commons.wikimedia.org&utm_campaign=imageinfo&utm_content=thumbnail
agencies	机构	https://thumb.wikimedia.org/wikipedia/commons/thumb/b/b3/EU_agencies_2010.png/250px-EU_agencies_2010.png?utm_source=commons.wikimedia.org&utm_campaign=imageinfo&utm_content=thumbnail
agendas	议程	https://thumb.wikimedia.org/wikipedia/commons/thumb/5/54/Archives_de_l%27Op%C3%A9ra._R%C3%A9gie._Agendas_du_chef_d%27orchestre_-_btv1b53050015d_%28257_of_257%29.jpg/40px-Archives_de_l%27Op%C3%A9ra._R%C3%A9gie._Agendas_du_chef_d%27orchestre_-_btv1b53050015d_%28257_of_257%29.jpg?utm_source=commons.wikimedia.org&utm_campaign=imageinfo&utm_content=thumbnail
ages	年龄	https://thumb.wikimedia.org/wikipedia/commons/thumb/f/fb/Middle_Ages-b.jpg/250px-Middle_Ages-b.jpg?utm_source=commons.wikimedia.org&utm_campaign=imageinfo&utm_content=thumbnail
aggregate	汇总	https://thumb.wikimedia.org/wikipedia/commons/thumb/2/29/Aggregate_Plant_-_geograph.org.uk_-_939520.jpg/250px-Aggregate_Plant_-_geograph.org.uk_-_939520.jpg?utm_source=commons.wikimedia.org&utm_campaign=imageinfo&utm_content=thumbnail
aggregates	汇总	https://thumb.wikimedia.org/wikipedia/commons/thumb/5/54/LECA_-_Aggregates_Granules.jpg/250px-LECA_-_Aggregates_Granules.jpg?utm_source=commons.wikimedia.org&utm_campaign=imageinfo&utm_content=thumbnail
aggregation	聚合	https://thumb.wikimedia.org/wikipedia/commons/thumb/3/37/Aggregation-Composition.png/120px-Aggregation-Composition.png?utm_source=commons.wikimedia.org&utm_campaign=imageinfo&utm_content=thumbnail
aggressively	激进地	https://upload.wikimedia.org/wikipedia/commons/a/a2/Snarl2006.JPG?utm_source=commons.wikimedia.org&utm_campaign=imageinfo&utm_content=thumbnail_unscaled
agile	敏捷	https://thumb.wikimedia.org/wikipedia/commons/thumb/0/02/Getting_Started_at_Agile_DC_2013.gif/250px-Getting_Started_at_Agile_DC_2013.gif?utm_source=commons.wikimedia.org&utm_campaign=imageinfo&utm_content=thumbnail
aging	老化	https://thumb.wikimedia.org/wikipedia/commons/thumb/d/d6/Winton%2C_aging_kerbstones_in_Murley_Road_-_geograph.org.uk_-_880868.jpg/250px-Winton%2C_aging_kerbstones_in_Murley_Road_-_geograph.org.uk_-_880868.jpg?utm_source=commons.wikimedia.org&utm_campaign=imageinfo&utm_content=thumbnail
agree	同意	https://thumb.wikimedia.org/wikipedia/commons/thumb/5/5c/Albert_Dekker_in_Gentleman%27s_Agreement_trailer.jpg/250px-Albert_Dekker_in_Gentleman%27s_Agreement_trailer.jpg?utm_source=commons.wikimedia.org&utm_campaign=imageinfo&utm_content=thumbnail
agreed	已同意	https://thumb.wikimedia.org/wikipedia/commons/thumb/5/5c/Albert_Dekker_in_Gentleman%27s_Agreement_trailer.jpg/250px-Albert_Dekker_in_Gentleman%27s_Agreement_trailer.jpg?utm_source=commons.wikimedia.org&utm_campaign=imageinfo&utm_content=thumbnail
agreements	协议	
agrees	同意	https://thumb.wikimedia.org/wikipedia/commons/thumb/5/5c/Albert_Dekker_in_Gentleman%27s_Agreement_trailer.jpg/250px-Albert_Dekker_in_Gentleman%27s_Agreement_trailer.jpg?utm_source=commons.wikimedia.org&utm_campaign=imageinfo&utm_content=thumbnail
alert	告警	https://thumb.wikimedia.org/wikipedia/commons/thumb/2/2c/Orthographic_projection_centred_over_Alert_Nunavut.png/250px-Orthographic_projection_centred_over_Alert_Nunavut.png?utm_source=commons.wikimedia.org&utm_campaign=imageinfo&utm_content=thumbnail
alerts	告警	https://thumb.wikimedia.org/wikipedia/commons/thumb/1/13/RLX_alerts_202512150100Z.png/250px-RLX_alerts_202512150100Z.png?utm_source=commons.wikimedia.org&utm_campaign=imageinfo&utm_content=thumbnail
algorithms	算法	https://thumb.wikimedia.org/wikipedia/commons/thumb/6/6a/Sorting_quicksort_anim.gif/250px-Sorting_quicksort_anim.gif?utm_source=commons.wikimedia.org&utm_campaign=imageinfo&utm_content=thumbnail
align	对齐	https://upload.wikimedia.org/wikipedia/commons/4/4c/Farm-Fresh_align_below.png?utm_source=commons.wikimedia.org&utm_campaign=imageinfo&utm_content=thumbnail_unscaled
aligned	已对齐	https://thumb.wikimedia.org/wikipedia/commons/thumb/1/16/Aligned_Orbits.png/250px-Aligned_Orbits.png?utm_source=commons.wikimedia.org&utm_campaign=imageinfo&utm_content=thumbnail
aligns	对齐	https://thumb.wikimedia.org/wikipedia/commons/thumb/d/d7/A_second_standing_stone_aligns_with_the_first_to_provide_a_near_North_-_South_bearing_-_geograph.org.uk_-_751440.jpg/250px-A_second_standing_stone_aligns_with_the_first_to_provide_a_near_North_-_South_bearing_-_geograph.org.uk_-_751440.jpg?utm_source=commons.wikimedia.org&utm_campaign=imageinfo&utm_content=thumbnail
all	全部	https://thumb.wikimedia.org/wikipedia/commons/thumb/0/0e/Acute_leukemia-ALL.jpg/250px-Acute_leukemia-ALL.jpg?utm_source=commons.wikimedia.org&utm_campaign=imageinfo&utm_content=thumbnail
allocate	分配	https://thumb.wikimedia.org/wikipedia/commons/thumb/a/ab/Heizkostenverteiler.JPG/250px-Heizkostenverteiler.JPG?utm_source=commons.wikimedia.org&utm_campaign=imageinfo&utm_content=thumbnail
allocation	分配	https://thumb.wikimedia.org/wikipedia/commons/thumb/3/37/Resource_allocation.png/250px-Resource_allocation.png?utm_source=commons.wikimedia.org&utm_campaign=imageinfo&utm_content=thumbnail
allow	允许	
allows	允许	https://thumb.wikimedia.org/wikipedia/commons/thumb/e/e8/Tiepolo_-_Justice_allows_Harmony_to_Triumph%2C_ca_1746%2C_AKG8427887.jpg/250px-Tiepolo_-_Justice_allows_Harmony_to_Triumph%2C_ca_1746%2C_AKG8427887.jpg?utm_source=commons.wikimedia.org&utm_campaign=imageinfo&utm_content=thumbnail
alone	独自	https://thumb.wikimedia.org/wikipedia/commons/thumb/3/30/Bipasha_Basu_at_success_bash_of_%27Alone%27_trailer.jpg/250px-Bipasha_Basu_at_success_bash_of_%27Alone%27_trailer.jpg?utm_source=commons.wikimedia.org&utm_campaign=imageinfo&utm_content=thumbnail
along	沿着	https://thumb.wikimedia.org/wikipedia/commons/thumb/3/38/Milepost_along_Lutterworth_Road_-_geograph.org.uk_-_865555.jpg/250px-Milepost_along_Lutterworth_Road_-_geograph.org.uk_-_865555.jpg?utm_source=commons.wikimedia.org&utm_campaign=imageinfo&utm_content=thumbnail
alongside	旁边	https://thumb.wikimedia.org/wikipedia/commons/thumb/a/ad/Alongside_Wash_Road_-_geograph.org.uk_-_688588.jpg/250px-Alongside_Wash_Road_-_geograph.org.uk_-_688588.jpg?utm_source=commons.wikimedia.org&utm_campaign=imageinfo&utm_content=thumbnail
aloud	出声	https://thumb.wikimedia.org/wikipedia/commons/thumb/e/e9/GirlsAloudOOCLive_Nicola.jpg/250px-GirlsAloudOOCLive_Nicola.jpg?utm_source=commons.wikimedia.org&utm_campaign=imageinfo&utm_content=thumbnail
already	已经	https://thumb.wikimedia.org/wikipedia/commons/thumb/d/da/If_it_wasn%27t_already_obvious%5E_-_geograph.org.uk_-_686509.jpg/120px-If_it_wasn%27t_already_obvious%5E_-_geograph.org.uk_-_686509.jpg?utm_source=commons.wikimedia.org&utm_campaign=imageinfo&utm_content=thumbnail
alternate	替代	https://thumb.wikimedia.org/wikipedia/commons/thumb/d/d8/Ulistnienie_%28Phyllotaxys_alternate%29.png/250px-Ulistnienie_%28Phyllotaxys_alternate%29.png?utm_source=commons.wikimedia.org&utm_campaign=imageinfo&utm_content=thumbnail
alternative	替代	https://thumb.wikimedia.org/wikipedia/commons/thumb/8/85/Centre_for_Alternative_Technology_-_geograph.org.uk_-_378837.jpg/250px-Centre_for_Alternative_Technology_-_geograph.org.uk_-_378837.jpg?utm_source=commons.wikimedia.org&utm_campaign=imageinfo&utm_content=thumbnail
alternatives	替代方案	https://upload.wikimedia.org/wikipedia/commons/c/cd/Alternatives_Sky_Supernarkt_Logo_2007-2019.png?utm_source=commons.wikimedia.org&utm_campaign=imageinfo&utm_content=thumbnail_unscaled
alumni	校友	https://thumb.wikimedia.org/wikipedia/commons/thumb/f/f8/Young_Marines_Alumni_Association_Logo.tif/lossy-page1-120px-Young_Marines_Alumni_Association_Logo.tif.jpg?utm_source=commons.wikimedia.org&utm_campaign=imageinfo&utm_content=thumbnail
always	总是	
ambassador	大使	https://thumb.wikimedia.org/wikipedia/commons/thumb/f/fe/Brazilian_Ambassador_Eliana_Zugaib.jpg/250px-Brazilian_Ambassador_Eliana_Zugaib.jpg?utm_source=commons.wikimedia.org&utm_campaign=imageinfo&utm_content=thumbnail
amend	修正	https://upload.wikimedia.org/wikipedia/commons/1/16/BillAmend.png?utm_source=commons.wikimedia.org&utm_campaign=imageinfo&utm_content=thumbnail_unscaled
aml	反洗钱	https://thumb.wikimedia.org/wikipedia/commons/thumb/a/a9/277b-AML-90.jpg/250px-277b-AML-90.jpg?utm_source=commons.wikimedia.org&utm_campaign=imageinfo&utm_content=thumbnail
an	一	
analysis	分析	https://thumb.wikimedia.org/wikipedia/commons/thumb/c/c3/CORSET_An_Analysis_-_05.jpg/120px-CORSET_An_Analysis_-_05.jpg?utm_source=commons.wikimedia.org&utm_campaign=imageinfo&utm_content=thumbnail
analysts	分析师	https://thumb.wikimedia.org/wikipedia/commons/thumb/d/dd/Wages_and_Salaries_Analysts_by_Sept_14_1955_Sun_And_Flare_322_3847.jpg/250px-Wages_and_Salaries_Analysts_by_Sept_14_1955_Sun_And_Flare_322_3847.jpg?utm_source=commons.wikimedia.org&utm_campaign=imageinfo&utm_content=thumbnail
analytics	分析	https://upload.wikimedia.org/wikipedia/commons/5/5c/Google_Analytics_logo.png?utm_source=commons.wikimedia.org&utm_campaign=imageinfo&utm_content=thumbnail_unscaled
analyze	分析	https://thumb.wikimedia.org/wikipedia/commons/thumb/8/8d/Lubosh_Kavalek_analyzes_with_Vishy_Anand_in_Prague_2011.jpg/250px-Lubosh_Kavalek_analyzes_with_Vishy_Anand_in_Prague_2011.jpg?utm_source=commons.wikimedia.org&utm_campaign=imageinfo&utm_content=thumbnail
and	和	
animations	动画	https://upload.wikimedia.org/wikipedia/commons/a/a4/Animexample.gif?utm_source=commons.wikimedia.org&utm_campaign=imageinfo&utm_content=thumbnail_unscaled
annotated	已标注	https://thumb.wikimedia.org/wikipedia/commons/thumb/0/06/Markup_menu.jpg/250px-Markup_menu.jpg?utm_source=commons.wikimedia.org&utm_campaign=imageinfo&utm_content=thumbnail
announce	宣布	https://thumb.wikimedia.org/wikipedia/commons/thumb/3/30/GIs_in_Kandahar_watch_President_Obama_announce_the_killing_of_Osama_bin_Laden.jpg/250px-GIs_in_Kandahar_watch_President_Obama_announce_the_killing_of_Osama_bin_Laden.jpg?utm_source=commons.wikimedia.org&utm_campaign=imageinfo&utm_content=thumbnail
anonymous	匿名	
another	另一个	https://thumb.wikimedia.org/wikipedia/commons/thumb/4/47/Another_face_of_Another_Place_-_geograph.org.uk_-_1609022.jpg/250px-Another_face_of_Another_Place_-_geograph.org.uk_-_1609022.jpg?utm_source=commons.wikimedia.org&utm_campaign=imageinfo&utm_content=thumbnail
answer	回答	https://upload.wikimedia.org/wikipedia/commons/7/70/Button_Answer_to_Life.png?utm_source=commons.wikimedia.org&utm_campaign=imageinfo&utm_content=thumbnail_unscaled
answers	回答	https://thumb.wikimedia.org/wikipedia/commons/thumb/0/09/Yahoo_answers_cup.JPG/250px-Yahoo_answers_cup.JPG?utm_source=commons.wikimedia.org&utm_campaign=imageinfo&utm_content=thumbnail
anti	反	https://upload.wikimedia.org/wikipedia/commons/f/f4/Anti_USSR.png?utm_source=commons.wikimedia.org&utm_campaign=imageinfo&utm_content=thumbnail_unscaled
any	任何	https://thumb.wikimedia.org/wikipedia/commons/thumb/f/f5/Any_Wife_%281922%29_-_2.jpg/250px-Any_Wife_%281922%29_-_2.jpg?utm_source=commons.wikimedia.org&utm_campaign=imageinfo&utm_content=thumbnail
anymore	再也不	https://thumb.wikimedia.org/wikipedia/commons/thumb/6/6e/It_coesn%27t_Matter_Anymore_%28UK%29.jpg/250px-It_coesn%27t_Matter_Anymore_%28UK%29.jpg?utm_source=commons.wikimedia.org&utm_campaign=imageinfo&utm_content=thumbnail
anyone	任何人	https://thumb.wikimedia.org/wikipedia/commons/thumb/2/21/Anyone_for_Doubles%5E_-_geograph.org.uk_-_753274.jpg/250px-Anyone_for_Doubles%5E_-_geograph.org.uk_-_753274.jpg?utm_source=commons.wikimedia.org&utm_campaign=imageinfo&utm_content=thumbnail
anything	任何事	https://thumb.wikimedia.org/wikipedia/commons/thumb/5/5d/Hold_Anything.jpg/250px-Hold_Anything.jpg?utm_source=commons.wikimedia.org&utm_campaign=imageinfo&utm_content=thumbnail
api	API	https://thumb.wikimedia.org/wikipedia/commons/thumb/1/16/API_oliewaterskeier.png/250px-API_oliewaterskeier.png?utm_source=commons.wikimedia.org&utm_campaign=imageinfo&utm_content=thumbnail
apis	API	https://thumb.wikimedia.org/wikipedia/commons/thumb/b/bd/Stamp_of_Indonesia_-_2003_-_Colnect_266035_-_Giant_Honeybee_Apis_dorsata.jpeg/250px-Stamp_of_Indonesia_-_2003_-_Colnect_266035_-_Giant_Honeybee_Apis_dorsata.jpeg?utm_source=commons.wikimedia.org&utm_campaign=imageinfo&utm_content=thumbnail
app	应用	
appeal	呼吁	https://thumb.wikimedia.org/wikipedia/commons/thumb/d/d0/Socialist_Appeal_banner.jpg/250px-Socialist_Appeal_banner.jpg?utm_source=commons.wikimedia.org&utm_campaign=imageinfo&utm_content=thumbnail
appear	出现	https://thumb.wikimedia.org/wikipedia/commons/thumb/e/e5/Appearance_of_Our_Lady_of_St._Sergius_of_Radonezh_%28finift%29.jpg/250px-Appearance_of_Our_Lady_of_St._Sergius_of_Radonezh_%28finift%29.jpg?utm_source=commons.wikimedia.org&utm_campaign=imageinfo&utm_content=thumbnail
append	追加	https://upload.wikimedia.org/wikipedia/commons/6/6c/Blender-append-file.png?utm_source=commons.wikimedia.org&utm_campaign=imageinfo&utm_content=thumbnail_unscaled
application	应用	https://upload.wikimedia.org/wikipedia/commons/8/84/Silk_application_form_delete.png?utm_source=commons.wikimedia.org&utm_campaign=imageinfo&utm_content=thumbnail_unscaled
applications	应用	https://thumb.wikimedia.org/wikipedia/commons/thumb/8/80/Wikipedia_mobile_app_beta_bug_-_2014-12-18_-_01.png/120px-Wikipedia_mobile_app_beta_bug_-_2014-12-18_-_01.png?utm_source=commons.wikimedia.org&utm_campaign=imageinfo&utm_content=thumbnail
apply	应用	https://thumb.wikimedia.org/wikipedia/commons/thumb/8/8f/Newlisp-apply-and-map.png/250px-Newlisp-apply-and-map.png?utm_source=commons.wikimedia.org&utm_campaign=imageinfo&utm_content=thumbnail
appointment	预约	https://thumb.wikimedia.org/wikipedia/commons/thumb/8/8f/By_Royal_Appointment_-_geograph.org.uk_-_1581779.jpg/250px-By_Royal_Appointment_-_geograph.org.uk_-_1581779.jpg?utm_source=commons.wikimedia.org&utm_campaign=imageinfo&utm_content=thumbnail
apprenticeships	学徒	https://thumb.wikimedia.org/wikipedia/commons/thumb/a/a5/Matchbox_label_-_Recruit_Boys_For_Apprenticeships_-_Czechoslovakia_%28circa_1940s%29_-_MBP1628192029.jpg/250px-Matchbox_label_-_Recruit_Boys_For_Apprenticeships_-_Czechoslovakia_%28circa_1940s%29_-_MBP1628192029.jpg?utm_source=commons.wikimedia.org&utm_campaign=imageinfo&utm_content=thumbnail
approach	方法	https://thumb.wikimedia.org/wikipedia/commons/thumb/a/a4/Hobson%27s_DIY_-_Irwin_Approach_-_geograph.org.uk_-_1869967.jpg/120px-Hobson%27s_DIY_-_Irwin_Approach_-_geograph.org.uk_-_1869967.jpg?utm_source=commons.wikimedia.org&utm_campaign=imageinfo&utm_content=thumbnail
appropriate	适当	https://thumb.wikimedia.org/wikipedia/commons/thumb/d/dd/Activation_of_the_cAMP_pathway_by_binding_of_ligand_to_its_appropriate_receptor.png/120px-Activation_of_the_cAMP_pathway_by_binding_of_ligand_to_its_appropriate_receptor.png?utm_source=commons.wikimedia.org&utm_campaign=imageinfo&utm_content=thumbnail
approval	批准	https://upload.wikimedia.org/wikipedia/commons/0/07/China_Inspection_Body_and_Laboratory_Mandatory_Approval_example.jpg?utm_source=commons.wikimedia.org&utm_campaign=imageinfo&utm_content=thumbnail_unscaled
approvals	批准	https://thumb.wikimedia.org/wikipedia/commons/thumb/2/21/Spinning_Dancer.gif/250px-Spinning_Dancer.gif?utm_source=commons.wikimedia.org&utm_campaign=imageinfo&utm_content=thumbnail
approve	批准	https://thumb.wikimedia.org/wikipedia/commons/thumb/7/7b/My_dad_would_approve..._-_geograph.org.uk_-_1101251.jpg/250px-My_dad_would_approve..._-_geograph.org.uk_-_1101251.jpg?utm_source=commons.wikimedia.org&utm_campaign=imageinfo&utm_content=thumbnail
approved	已批准	https://thumb.wikimedia.org/wikipedia/commons/thumb/6/67/Approved_by_the_Postmaster_General_-_geograph.org.uk_-_676731.jpg/250px-Approved_by_the_Postmaster_General_-_geograph.org.uk_-_676731.jpg?utm_source=commons.wikimedia.org&utm_campaign=imageinfo&utm_content=thumbnail
apps	应用	https://thumb.wikimedia.org/wikipedia/commons/thumb/6/6d/Syl_Apps_vs_five_defenders.jpg/250px-Syl_Apps_vs_five_defenders.jpg?utm_source=commons.wikimedia.org&utm_campaign=imageinfo&utm_content=thumbnail
architects	架构师	https://thumb.wikimedia.org/wikipedia/commons/thumb/6/60/Michael_bell_founder_of_Michael_Bell_Architects_Sydney.webp/250px-Michael_bell_founder_of_Michael_Bell_Architects_Sydney.webp?utm_source=commons.wikimedia.org&utm_campaign=imageinfo&utm_content=thumbnail
architecture	架构	https://thumb.wikimedia.org/wikipedia/commons/thumb/a/aa/Decorated_style_English_Gothic_architecture_and_architectural_ornamentation.jpg/250px-Decorated_style_English_Gothic_architecture_and_architectural_ornamentation.jpg?utm_source=commons.wikimedia.org&utm_campaign=imageinfo&utm_content=thumbnail
architectures	架构	https://thumb.wikimedia.org/wikipedia/commons/thumb/c/c8/Architectes.medievaux.png/250px-Architectes.medievaux.png?utm_source=commons.wikimedia.org&utm_campaign=imageinfo&utm_content=thumbnail
archive	归档	https://thumb.wikimedia.org/wikipedia/commons/thumb/5/56/Archive_Guyana.png/250px-Archive_Guyana.png?utm_source=commons.wikimedia.org&utm_campaign=imageinfo&utm_content=thumbnail
archives	归档	https://thumb.wikimedia.org/wikipedia/commons/thumb/c/ce/Archives_seigneuriales%2C_1507%2C_Archives_de_l%27Etat_de_Neuch%C3%A2tel_verso_de_la_bulle_%28AS-B6.16%29.tif/lossy-page1-250px-Archives_seigneuriales%2C_1507%2C_Archives_de_l%27Etat_de_Neuch%C3%A2tel_verso_de_la_bulle_%28AS-B6.16%29.tif.jpg?utm_source=commons.wikimedia.org&utm_campaign=imageinfo&utm_content=thumbnail
are	是	
area	区域	https://upload.wikimedia.org/wikipedia/commons/c/c5/Tools_Inquiry_Surface_Area_01.jpg?utm_source=commons.wikimedia.org&utm_campaign=imageinfo&utm_content=thumbnail_unscaled
argue	争论	https://thumb.wikimedia.org/wikipedia/commons/thumb/e/e4/James_Argue.jpg/250px-James_Argue.jpg?utm_source=commons.wikimedia.org&utm_campaign=imageinfo&utm_content=thumbnail
around	周围	https://thumb.wikimedia.org/wikipedia/commons/thumb/5/50/Sailing_Alone_Around_the_World-0080.jpg/250px-Sailing_Alone_Around_the_World-0080.jpg?utm_source=commons.wikimedia.org&utm_campaign=imageinfo&utm_content=thumbnail
arrivals	到达	https://thumb.wikimedia.org/wikipedia/commons/thumb/5/55/The_Arrivals_Gate_at_Leicester_Railway_Station_-_geograph.org.uk_-_1576167.jpg/250px-The_Arrivals_Gate_at_Leicester_Railway_Station_-_geograph.org.uk_-_1576167.jpg?utm_source=commons.wikimedia.org&utm_campaign=imageinfo&utm_content=thumbnail
arrive	到达	https://thumb.wikimedia.org/wikipedia/commons/thumb/2/29/The_Next_Tram_Will_Arrive_in_Approximately_Five_Years_-_geograph.org.uk_-_1330341.jpg/250px-The_Next_Tram_Will_Arrive_in_Approximately_Five_Years_-_geograph.org.uk_-_1330341.jpg?utm_source=commons.wikimedia.org&utm_campaign=imageinfo&utm_content=thumbnail
arrives	到达	https://thumb.wikimedia.org/wikipedia/commons/thumb/a/a3/Uetlibergbahn_arrives_at_Uetliberg.jpg/250px-Uetlibergbahn_arrives_at_Uetliberg.jpg?utm_source=commons.wikimedia.org&utm_campaign=imageinfo&utm_content=thumbnail
art	艺术	https://thumb.wikimedia.org/wikipedia/commons/thumb/7/78/Roundabout_public_artwork_on_the_A13_road%2C_London.jpg/250px-Roundabout_public_artwork_on_the_A13_road%2C_London.jpg?utm_source=commons.wikimedia.org&utm_campaign=imageinfo&utm_content=thumbnail
articles	文章	https://thumb.wikimedia.org/wikipedia/commons/thumb/0/0b/WP_Good_Articles_Christmas_Logo.png/250px-WP_Good_Articles_Christmas_Logo.png?utm_source=commons.wikimedia.org&utm_campaign=imageinfo&utm_content=thumbnail
artifacts	产物	https://thumb.wikimedia.org/wikipedia/commons/thumb/c/c2/Artifacts_JPEG_Unnoticeable.jpg/250px-Artifacts_JPEG_Unnoticeable.jpg?utm_source=commons.wikimedia.org&utm_campaign=imageinfo&utm_content=thumbnail
as	作为	
ask	询问	https://thumb.wikimedia.org/wikipedia/commons/thumb/0/03/Ask_lindman.jpg/250px-Ask_lindman.jpg?utm_source=commons.wikimedia.org&utm_campaign=imageinfo&utm_content=thumbnail
asking	询问	
asks	询问	https://thumb.wikimedia.org/wikipedia/commons/thumb/5/5d/Asks_kyrka%2C_stol.jpg/120px-Asks_kyrka%2C_stol.jpg?utm_source=commons.wikimedia.org&utm_campaign=imageinfo&utm_content=thumbnail
asset	资产	https://upload.wikimedia.org/wikipedia/commons/0/0a/Asset-1-wp20.png?utm_source=commons.wikimedia.org&utm_campaign=imageinfo&utm_content=thumbnail_unscaled
assets	资产	https://thumb.wikimedia.org/wikipedia/commons/thumb/4/46/LUSO_Digital_Assets_Logo_Horizontal.png/250px-LUSO_Digital_Assets_Logo_Horizontal.png?utm_source=commons.wikimedia.org&utm_campaign=imageinfo&utm_content=thumbnail
assign	分配	https://thumb.wikimedia.org/wikipedia/commons/thumb/d/d5/Blender3d_Edit_mode_assign_remove_buttons.jpg/250px-Blender3d_Edit_mode_assign_remove_buttons.jpg?utm_source=commons.wikimedia.org&utm_campaign=imageinfo&utm_content=thumbnail
assistants	助理	https://thumb.wikimedia.org/wikipedia/commons/thumb/1/19/Iva_Majoli.JPG/250px-Iva_Majoli.JPG?utm_source=commons.wikimedia.org&utm_campaign=imageinfo&utm_content=thumbnail
assistive	辅助	https://thumb.wikimedia.org/wikipedia/commons/thumb/4/4a/Assistive_Listening_Device.jpg/250px-Assistive_Listening_Device.jpg?utm_source=commons.wikimedia.org&utm_campaign=imageinfo&utm_content=thumbnail
assume	假设	https://thumb.wikimedia.org/wikipedia/commons/thumb/e/e8/Assume_Good_Faith_Flowchart.png/120px-Assume_Good_Faith_Flowchart.png?utm_source=commons.wikimedia.org&utm_campaign=imageinfo&utm_content=thumbnail
assumes	假设	https://upload.wikimedia.org/wikipedia/commons/9/90/Thomas_DeLaney_assumes_command_of_the_captive%27s_hospital.jpg?utm_source=commons.wikimedia.org&utm_campaign=imageinfo&utm_content=thumbnail_unscaled
assurance	保证	https://thumb.wikimedia.org/wikipedia/commons/thumb/3/3c/Refuge_Assurance_Building_clock_tower.jpg/120px-Refuge_Assurance_Building_clock_tower.jpg?utm_source=commons.wikimedia.org&utm_campaign=imageinfo&utm_content=thumbnail
async	异步	https://thumb.wikimedia.org/wikipedia/commons/thumb/d/de/JK_FF_async.png/250px-JK_FF_async.png?utm_source=commons.wikimedia.org&utm_campaign=imageinfo&utm_content=thumbnail
at	在	
atomic	原子	
attack	攻击	https://thumb.wikimedia.org/wikipedia/commons/thumb/6/6c/Aldrich_Attack_movie_trailer_screenshot2.jpg/250px-Aldrich_Attack_movie_trailer_screenshot2.jpg?utm_source=commons.wikimedia.org&utm_campaign=imageinfo&utm_content=thumbnail
attacker	攻击者	https://thumb.wikimedia.org/wikipedia/commons/thumb/e/ef/Pakistan_Air_Force_Supermarine_Attacker_Aircraft.jpg/250px-Pakistan_Air_Force_Supermarine_Attacker_Aircraft.jpg?utm_source=commons.wikimedia.org&utm_campaign=imageinfo&utm_content=thumbnail
attacks	攻击	https://thumb.wikimedia.org/wikipedia/commons/thumb/f/fb/Two_firefighters_spray_water_on_the_debris_and_rubble_at_the_Western_ring_of_the_Pentagon_Building_hours_after_the_September_11%2C_2001_attacks_DA-SD-03-11475.jpg/250px-Two_firefighters_spray_water_on_the_debris_and_rubble_at_the_Western_ring_of_the_Pentagon_Building_hours_after_the_September_11%2C_2001_attacks_DA-SD-03-11475.jpg?utm_source=commons.wikimedia.org&utm_campaign=imageinfo&utm_content=thumbnail
attend	出席	https://thumb.wikimedia.org/wikipedia/commons/thumb/a/ac/Seiwa_Junior_High_School_Relief.jpg/250px-Seiwa_Junior_High_School_Relief.jpg?utm_source=commons.wikimedia.org&utm_campaign=imageinfo&utm_content=thumbnail
attendance	出勤	https://upload.wikimedia.org/wikipedia/commons/0/0f/CA_Drill_Attendance_Ribbon.jpg?utm_source=commons.wikimedia.org&utm_campaign=imageinfo&utm_content=thumbnail_unscaled
attendee	参会者	https://thumb.wikimedia.org/wikipedia/commons/thumb/c/cc/Attendee_party_17.JPG/250px-Attendee_party_17.JPG?utm_source=commons.wikimedia.org&utm_campaign=imageinfo&utm_content=thumbnail
attending	参加	https://thumb.wikimedia.org/wikipedia/commons/thumb/5/50/Students_Attending_Seminar.jpg/250px-Students_Attending_Seminar.jpg?utm_source=commons.wikimedia.org&utm_campaign=imageinfo&utm_content=thumbnail
attention	注意	https://thumb.wikimedia.org/wikipedia/commons/thumb/8/80/Attention_%28Bugle_Call%29.png/250px-Attention_%28Bugle_Call%29.png?utm_source=commons.wikimedia.org&utm_campaign=imageinfo&utm_content=thumbnail
attest	证明	https://thumb.wikimedia.org/wikipedia/commons/thumb/3/38/Gough_Whitlam_attestation_paper_%28Royal_Australian_Air_Force%29.jpg/250px-Gough_Whitlam_attestation_paper_%28Royal_Australian_Air_Force%29.jpg?utm_source=commons.wikimedia.org&utm_campaign=imageinfo&utm_content=thumbnail
attributes	属性	https://thumb.wikimedia.org/wikipedia/commons/thumb/b/b4/William_Paley_Natural_Theology_or_Evidences_of_the_Existence_and_Attributes_of_the_Deity_Title_Page_1802.jpg/120px-William_Paley_Natural_Theology_or_Evidences_of_the_Existence_and_Attributes_of_the_Deity_Title_Page_1802.jpg?utm_source=commons.wikimedia.org&utm_campaign=imageinfo&utm_content=thumbnail
attribution	归属	
audience	受众	https://thumb.wikimedia.org/wikipedia/commons/thumb/d/d5/MAST_2008_conference_audience.jpg/250px-MAST_2008_conference_audience.jpg?utm_source=commons.wikimedia.org&utm_campaign=imageinfo&utm_content=thumbnail
audiences	受众	https://thumb.wikimedia.org/wikipedia/commons/thumb/d/d5/MAST_2008_conference_audience.jpg/250px-MAST_2008_conference_audience.jpg?utm_source=commons.wikimedia.org&utm_campaign=imageinfo&utm_content=thumbnail
audio	音频	https://thumb.wikimedia.org/wikipedia/commons/thumb/2/2c/Binaural_Audio_Recording_Instrument.png/250px-Binaural_Audio_Recording_Instrument.png?utm_source=commons.wikimedia.org&utm_campaign=imageinfo&utm_content=thumbnail
audit	审计	https://thumb.wikimedia.org/wikipedia/commons/thumb/7/71/Nanjing_Audit_University_logo.jpg/250px-Nanjing_Audit_University_logo.jpg?utm_source=commons.wikimedia.org&utm_campaign=imageinfo&utm_content=thumbnail
auditable	可审计	https://thumb.wikimedia.org/wikipedia/commons/thumb/7/71/Nanjing_Audit_University_logo.jpg/250px-Nanjing_Audit_University_logo.jpg?utm_source=commons.wikimedia.org&utm_campaign=imageinfo&utm_content=thumbnail
auditors	审计员	https://upload.wikimedia.org/wikipedia/commons/c/c9/Teniente_Auditor.png?utm_source=commons.wikimedia.org&utm_campaign=imageinfo&utm_content=thumbnail_unscaled
audits	审计	https://upload.wikimedia.org/wikipedia/commons/0/0d/Auditoria_2.jpg?utm_source=commons.wikimedia.org&utm_campaign=imageinfo&utm_content=thumbnail_unscaled
authenticate	认证	https://upload.wikimedia.org/wikipedia/commons/8/8e/IPC-sign.gif?utm_source=commons.wikimedia.org&utm_campaign=imageinfo&utm_content=thumbnail_unscaled
authentication	认证	https://thumb.wikimedia.org/wikipedia/commons/thumb/1/1a/Pattern_-_Array-Card_Two_factor_authentication_process.gif/250px-Pattern_-_Array-Card_Two_factor_authentication_process.gif?utm_source=commons.wikimedia.org&utm_campaign=imageinfo&utm_content=thumbnail
author	作者	https://thumb.wikimedia.org/wikipedia/commons/thumb/7/7f/JJ_Ellis_-_author.jpg/250px-JJ_Ellis_-_author.jpg?utm_source=commons.wikimedia.org&utm_campaign=imageinfo&utm_content=thumbnail
auto	自动	
automate	自动化	https://thumb.wikimedia.org/wikipedia/commons/thumb/c/c7/Automate%22a%22.png/250px-Automate%22a%22.png?utm_source=commons.wikimedia.org&utm_campaign=imageinfo&utm_content=thumbnail
automated	已自动化	https://thumb.wikimedia.org/wikipedia/commons/thumb/0/0d/Nasdaq_5.jpg/250px-Nasdaq_5.jpg?utm_source=commons.wikimedia.org&utm_campaign=imageinfo&utm_content=thumbnail
automatically	自动地	https://thumb.wikimedia.org/wikipedia/commons/thumb/e/ea/Back_side_of_disposable_RFID_tag_used_for_race_timing.png/250px-Back_side_of_disposable_RFID_tag_used_for_race_timing.png?utm_source=commons.wikimedia.org&utm_campaign=imageinfo&utm_content=thumbnail
av	音视频	
available	可用	https://thumb.wikimedia.org/wikipedia/commons/thumb/c/ca/Fishing_Permits_available_-_geograph.org.uk_-_205766.jpg/250px-Fishing_Permits_available_-_geograph.org.uk_-_205766.jpg?utm_source=commons.wikimedia.org&utm_campaign=imageinfo&utm_content=thumbnail
average	平均	https://thumb.wikimedia.org/wikipedia/commons/thumb/e/ed/Moving_average_crossover.png/250px-Moving_average_crossover.png?utm_source=commons.wikimedia.org&utm_campaign=imageinfo&utm_content=thumbnail
averages	平均	https://thumb.wikimedia.org/wikipedia/commons/thumb/6/6d/Normal_mapping.jpg/250px-Normal_mapping.jpg?utm_source=commons.wikimedia.org&utm_campaign=imageinfo&utm_content=thumbnail
avoid	避免	https://thumb.wikimedia.org/wikipedia/commons/thumb/0/0e/Avoid_Interference.jpg/250px-Avoid_Interference.jpg?utm_source=commons.wikimedia.org&utm_campaign=imageinfo&utm_content=thumbnail
aware	意识到	https://upload.wikimedia.org/wikipedia/commons/7/78/Autism_awareness_ribbon-20051114.png?utm_source=commons.wikimedia.org&utm_campaign=imageinfo&utm_content=thumbnail_unscaled
awareness	意识	https://thumb.wikimedia.org/wikipedia/commons/thumb/a/a8/Child_abuse_awareness_ribbon.jpg/250px-Child_abuse_awareness_ribbon.jpg?utm_source=commons.wikimedia.org&utm_campaign=imageinfo&utm_content=thumbnail
b	B	
back	回	https://thumb.wikimedia.org/wikipedia/commons/thumb/b/b3/Psoriasis_on_back.jpg/250px-Psoriasis_on_back.jpg?utm_source=commons.wikimedia.org&utm_campaign=imageinfo&utm_content=thumbnail
backlog	待办	https://thumb.wikimedia.org/wikipedia/commons/thumb/b/b8/Reference_Backlog_Barnstar.jpg/250px-Reference_Backlog_Barnstar.jpg?utm_source=commons.wikimedia.org&utm_campaign=imageinfo&utm_content=thumbnail
backoff	退避	
backport	回移植	
backup	备份	https://upload.wikimedia.org/wikipedia/commons/e/e7/Farm-Fresh_backup_manager.png?utm_source=commons.wikimedia.org&utm_campaign=imageinfo&utm_content=thumbnail_unscaled
backups	备份	https://thumb.wikimedia.org/wikipedia/commons/thumb/6/63/Munin-cpu-day.png/250px-Munin-cpu-day.png?utm_source=commons.wikimedia.org&utm_campaign=imageinfo&utm_content=thumbnail
backwards	向后	https://thumb.wikimedia.org/wikipedia/commons/thumb/f/fc/The_backwards_-_mcartney_harrison.JPG/250px-The_backwards_-_mcartney_harrison.JPG?utm_source=commons.wikimedia.org&utm_campaign=imageinfo&utm_content=thumbnail
bad	坏	https://thumb.wikimedia.org/wikipedia/commons/thumb/8/86/AUT_Bad_Gams_COA.jpg/250px-AUT_Bad_Gams_COA.jpg?utm_source=commons.wikimedia.org&utm_campaign=imageinfo&utm_content=thumbnail
badge	徽章	https://upload.wikimedia.org/wikipedia/commons/c/cd/Breast_Badge_Honor_railwayman_Russia.jpg?utm_source=commons.wikimedia.org&utm_campaign=imageinfo&utm_content=thumbnail_unscaled
badges	徽章	https://thumb.wikimedia.org/wikipedia/commons/thumb/2/2a/Badges_Etoile_WA_-_Classique.png/250px-Badges_Etoile_WA_-_Classique.png?utm_source=commons.wikimedia.org&utm_campaign=imageinfo&utm_content=thumbnail
badly	糟糕地	https://thumb.wikimedia.org/wikipedia/commons/thumb/d/d5/Badly_eroded_section_of_Mounth_Road_-_geograph.org.uk_-_33305.jpg/250px-Badly_eroded_section_of_Mounth_Road_-_geograph.org.uk_-_33305.jpg?utm_source=commons.wikimedia.org&utm_campaign=imageinfo&utm_content=thumbnail
balance	平衡	
balancer	均衡器	https://upload.wikimedia.org/wikipedia/commons/e/e5/Hobart_Quantum_Scale.PNG?utm_source=commons.wikimedia.org&utm_campaign=imageinfo&utm_content=thumbnail_unscaled
balancers	均衡器	https://upload.wikimedia.org/wikipedia/commons/e/e5/Hobart_Quantum_Scale.PNG?utm_source=commons.wikimedia.org&utm_campaign=imageinfo&utm_content=thumbnail_unscaled
balances	余额	https://upload.wikimedia.org/wikipedia/commons/e/e5/Hobart_Quantum_Scale.PNG?utm_source=commons.wikimedia.org&utm_campaign=imageinfo&utm_content=thumbnail_unscaled
band	带宽段	https://thumb.wikimedia.org/wikipedia/commons/thumb/1/1d/Fioretti_%28music_band%29-2004.jpg/250px-Fioretti_%28music_band%29-2004.jpg?utm_source=commons.wikimedia.org&utm_campaign=imageinfo&utm_content=thumbnail
bandwidth	带宽	https://thumb.wikimedia.org/wikipedia/commons/thumb/2/27/Antarctica_limited_bandwidth_fr.png/250px-Antarctica_limited_bandwidth_fr.png?utm_source=commons.wikimedia.org&utm_campaign=imageinfo&utm_content=thumbnail
bank	银行	https://thumb.wikimedia.org/wikipedia/commons/thumb/9/9d/Faisal_Islamic_Bank_of_Sudan_logo.jpg/250px-Faisal_Islamic_Bank_of_Sudan_logo.jpg?utm_source=commons.wikimedia.org&utm_campaign=imageinfo&utm_content=thumbnail
banks	银行	https://upload.wikimedia.org/wikipedia/commons/7/74/Joseph_Banks_as_a_boy.jpg?utm_source=commons.wikimedia.org&utm_campaign=imageinfo&utm_content=thumbnail_unscaled
banners	横幅	https://thumb.wikimedia.org/wikipedia/commons/thumb/4/40/Red_Arrows_banners_on_Gyllygnvase_Beach_-_geograph.org.uk_-_4020708.jpg/250px-Red_Arrows_banners_on_Gyllygnvase_Beach_-_geograph.org.uk_-_4020708.jpg?utm_source=commons.wikimedia.org&utm_campaign=imageinfo&utm_content=thumbnail
bans	封禁	https://thumb.wikimedia.org/wikipedia/commons/thumb/f/f2/Yung_Bans.png/250px-Yung_Bans.png?utm_source=commons.wikimedia.org&utm_campaign=imageinfo&utm_content=thumbnail
bar	栏	https://thumb.wikimedia.org/wikipedia/commons/thumb/7/7b/Bar10.png/250px-Bar10.png?utm_source=commons.wikimedia.org&utm_campaign=imageinfo&utm_content=thumbnail
barcodes	条码	
base	基础	https://thumb.wikimedia.org/wikipedia/commons/thumb/e/e8/VAZIANI_TRAINING_BASE_%281%29.jpg/250px-VAZIANI_TRAINING_BASE_%281%29.jpg?utm_source=commons.wikimedia.org&utm_campaign=imageinfo&utm_content=thumbnail
based	基于	https://thumb.wikimedia.org/wikipedia/commons/thumb/b/b0/ZSD_Nysa_522_M-based_fire_engine_of_OSP_Dworszowice_Ko%C5%9Bcielne.jpg/250px-ZSD_Nysa_522_M-based_fire_engine_of_OSP_Dworszowice_Ko%C5%9Bcielne.jpg?utm_source=commons.wikimedia.org&utm_campaign=imageinfo&utm_content=thumbnail
baseline	基线	https://thumb.wikimedia.org/wikipedia/commons/thumb/a/ac/Baseline_magazine_logo_chronology.JPG/250px-Baseline_magazine_logo_chronology.JPG?utm_source=commons.wikimedia.org&utm_campaign=imageinfo&utm_content=thumbnail
bashes	吐槽	https://thumb.wikimedia.org/wikipedia/commons/thumb/a/ad/Command-line-completion-example.gif/250px-Command-line-completion-example.gif?utm_source=commons.wikimedia.org&utm_campaign=imageinfo&utm_content=thumbnail
basics	基础	https://thumb.wikimedia.org/wikipedia/commons/thumb/a/aa/Compost_basics_%285067150783%29.jpg/250px-Compost_basics_%285067150783%29.jpg?utm_source=commons.wikimedia.org&utm_campaign=imageinfo&utm_content=thumbnail
batch	批次	https://thumb.wikimedia.org/wikipedia/commons/thumb/8/8c/Beacon_Batch_Trig_Point_-_geograph.org.uk_-_971589.jpg/250px-Beacon_Batch_Trig_Point_-_geograph.org.uk_-_971589.jpg?utm_source=commons.wikimedia.org&utm_campaign=imageinfo&utm_content=thumbnail
be	是	
beat	胜过	https://thumb.wikimedia.org/wikipedia/commons/thumb/7/7d/Altar_Beat_Bonaventura_-_Riudoms_2.jpg/250px-Altar_Beat_Bonaventura_-_Riudoms_2.jpg?utm_source=commons.wikimedia.org&utm_campaign=imageinfo&utm_content=thumbnail
beats	胜过	https://thumb.wikimedia.org/wikipedia/commons/thumb/4/45/Two-frequency_beats_of_a_non-dispersive_transverse_wave_%28animated%29.gif/250px-Two-frequency_beats_of_a_non-dispersive_transverse_wave_%28animated%29.gif?utm_source=commons.wikimedia.org&utm_campaign=imageinfo&utm_content=thumbnail
become	成为	https://thumb.wikimedia.org/wikipedia/commons/thumb/0/09/Training_to_become_requete.jpg/250px-Training_to_become_requete.jpg?utm_source=commons.wikimedia.org&utm_campaign=imageinfo&utm_content=thumbnail
beds	床位	https://thumb.wikimedia.org/wikipedia/commons/thumb/3/3d/EB1911_Furniture_Plate_IV_5._FOUR-POST_BEDSTEAD.jpg/250px-EB1911_Furniture_Plate_IV_5._FOUR-POST_BEDSTEAD.jpg?utm_source=commons.wikimedia.org&utm_campaign=imageinfo&utm_content=thumbnail
bedtime	就寝	
before	之前	https://thumb.wikimedia.org/wikipedia/commons/thumb/4/47/Before_hogarth.JPG/250px-Before_hogarth.JPG?utm_source=commons.wikimedia.org&utm_campaign=imageinfo&utm_content=thumbnail
begin	开始	https://thumb.wikimedia.org/wikipedia/commons/thumb/c/c4/Menahem_Begin_poses_at_Camp_David_1978.jpg/250px-Menahem_Begin_poses_at_Camp_David_1978.jpg?utm_source=commons.wikimedia.org&utm_campaign=imageinfo&utm_content=thumbnail
behavior	行为	https://thumb.wikimedia.org/wikipedia/commons/thumb/6/62/Function_behavior.gif/250px-Function_behavior.gif?utm_source=commons.wikimedia.org&utm_campaign=imageinfo&utm_content=thumbnail
behaviors	行为	https://thumb.wikimedia.org/wikipedia/commons/thumb/6/62/Function_behavior.gif/250px-Function_behavior.gif?utm_source=commons.wikimedia.org&utm_campaign=imageinfo&utm_content=thumbnail
behind	后面	https://thumb.wikimedia.org/wikipedia/commons/thumb/a/a5/Behind_the_Door_%281919%29_-_2.jpg/120px-Behind_the_Door_%281919%29_-_2.jpg?utm_source=commons.wikimedia.org&utm_campaign=imageinfo&utm_content=thumbnail
being	正在	https://thumb.wikimedia.org/wikipedia/commons/thumb/f/f8/Shortnose_Sturgeon_Being_Weighed.jpg/250px-Shortnose_Sturgeon_Being_Weighed.jpg?utm_source=commons.wikimedia.org&utm_campaign=imageinfo&utm_content=thumbnail
belong	属于	https://thumb.wikimedia.org/wikipedia/commons/thumb/5/5f/All_your_base_are_belong_to_us_Aarhus.jpg/250px-All_your_base_are_belong_to_us_Aarhus.jpg?utm_source=commons.wikimedia.org&utm_campaign=imageinfo&utm_content=thumbnail
benchmarks	基准	https://thumb.wikimedia.org/wikipedia/commons/thumb/c/ce/Benchmarks_in_Burton-in-Kendal_-_geograph.org.uk_-_4347864.jpg/250px-Benchmarks_in_Burton-in-Kendal_-_geograph.org.uk_-_4347864.jpg?utm_source=commons.wikimedia.org&utm_campaign=imageinfo&utm_content=thumbnail
benefit	益处	https://thumb.wikimedia.org/wikipedia/commons/thumb/a/af/Katie_Waltern_performing_at_2007_Hollywood_Cure_for_Pain_Benefit_1.jpg/250px-Katie_Waltern_performing_at_2007_Hollywood_Cure_for_Pain_Benefit_1.jpg?utm_source=commons.wikimedia.org&utm_campaign=imageinfo&utm_content=thumbnail
benefits	福利	https://thumb.wikimedia.org/wikipedia/commons/thumb/6/66/Initial-Severity-and-Antidepressant-Benefits-A-Meta-Analysis-of-Data-Submitted-to-the-Food-and-Drug-pmed.0050045.g001.jpg/250px-Initial-Severity-and-Antidepressant-Benefits-A-Meta-Analysis-of-Data-Submitted-to-the-Food-and-Drug-pmed.0050045.g001.jpg?utm_source=commons.wikimedia.org&utm_campaign=imageinfo&utm_content=thumbnail
beside	旁边	
best	最好	https://thumb.wikimedia.org/wikipedia/commons/thumb/a/af/Bevolkingspiramide_-_Gemeente_Best_%282007%29.png/250px-Bevolkingspiramide_-_Gemeente_Best_%282007%29.png?utm_source=commons.wikimedia.org&utm_campaign=imageinfo&utm_content=thumbnail
beta	测试版	https://thumb.wikimedia.org/wikipedia/commons/thumb/8/82/Beta-decay.png/250px-Beta-decay.png?utm_source=commons.wikimedia.org&utm_campaign=imageinfo&utm_content=thumbnail
better	更好	https://thumb.wikimedia.org/wikipedia/commons/thumb/4/4f/Better_Times_%281919%29_-_3.jpg/250px-Better_Times_%281919%29_-_3.jpg?utm_source=commons.wikimedia.org&utm_campaign=imageinfo&utm_content=thumbnail
between	之间	https://upload.wikimedia.org/wikipedia/commons/b/b6/Astronomical_Dialogues_Between_a_Gentleman_and_a_Lady_-_Harris_%281719%29_-_initial_I.png?utm_source=commons.wikimedia.org&utm_campaign=imageinfo&utm_content=thumbnail_unscaled
bias	偏见	https://thumb.wikimedia.org/wikipedia/commons/thumb/4/40/Bias_Fortes.jpg/250px-Bias_Fortes.jpg?utm_source=commons.wikimedia.org&utm_campaign=imageinfo&utm_content=thumbnail
bibliographies	参考书目	https://thumb.wikimedia.org/wikipedia/commons/thumb/2/24/Bibliographie_Dumas_p%C3%A8re_%28liste_en_forme_de_montage_photos%29.jpg/20px-Bibliographie_Dumas_p%C3%A8re_%28liste_en_forme_de_montage_photos%29.jpg?utm_source=commons.wikimedia.org&utm_campaign=imageinfo&utm_content=thumbnail
bike	自行车	https://thumb.wikimedia.org/wikipedia/commons/thumb/0/0c/Mother_Puts_Helmet_on_Child_with_Bicycle_for_Bike_Safety_-_silhouette_mask_signage.png/250px-Mother_Puts_Helmet_on_Child_with_Bicycle_for_Bike_Safety_-_silhouette_mask_signage.png?utm_source=commons.wikimedia.org&utm_campaign=imageinfo&utm_content=thumbnail
bikes	自行车	https://thumb.wikimedia.org/wikipedia/commons/thumb/2/20/%27Boris_bikes%27_outside_the_Royal_Brompton_Hospital_-_geograph.org.uk_-_2127892.jpg/250px-%27Boris_bikes%27_outside_the_Royal_Brompton_Hospital_-_geograph.org.uk_-_2127892.jpg?utm_source=commons.wikimedia.org&utm_campaign=imageinfo&utm_content=thumbnail
billable	可计费	https://thumb.wikimedia.org/wikipedia/commons/thumb/e/ea/Digital_Media_Law_Project_on_Landmark_Education_v_Ross_description.jpg/120px-Digital_Media_Law_Project_on_Landmark_Education_v_Ross_description.jpg?utm_source=commons.wikimedia.org&utm_campaign=imageinfo&utm_content=thumbnail
billing	计费	https://upload.wikimedia.org/wikipedia/commons/9/99/Heinz_Billing-2012.jpg?utm_source=commons.wikimedia.org&utm_campaign=imageinfo&utm_content=thumbnail_unscaled
bills	账单	
binaries	二进制	https://thumb.wikimedia.org/wikipedia/commons/thumb/9/99/Eclipsing_binary_theorical_light_curve.png/250px-Eclipsing_binary_theorical_light_curve.png?utm_source=commons.wikimedia.org&utm_campaign=imageinfo&utm_content=thumbnail
binary	二进制	https://thumb.wikimedia.org/wikipedia/commons/thumb/3/36/Binary_tree_%28oriented_digraph%29.png/250px-Binary_tree_%28oriented_digraph%29.png?utm_source=commons.wikimedia.org&utm_campaign=imageinfo&utm_content=thumbnail
bind	绑定	https://upload.wikimedia.org/wikipedia/commons/4/4e/Keyboard_shortcuts_screen_shot.png?utm_source=commons.wikimedia.org&utm_campaign=imageinfo&utm_content=thumbnail_unscaled
bios	BIOS	https://thumb.wikimedia.org/wikipedia/commons/thumb/0/0e/AMI_486DX_EISA_BIOS_20051109.jpg/250px-AMI_486DX_EISA_BIOS_20051109.jpg?utm_source=commons.wikimedia.org&utm_campaign=imageinfo&utm_content=thumbnail
bits	位	https://upload.wikimedia.org/wikipedia/commons/e/e0/Bits.png?utm_source=commons.wikimedia.org&utm_campaign=imageinfo&utm_content=thumbnail_unscaled
blame	责备	https://thumb.wikimedia.org/wikipedia/commons/thumb/0/02/Blame_it_on_the_Boogie_-_geograph.org.uk_-_1408626.jpg/250px-Blame_it_on_the_Boogie_-_geograph.org.uk_-_1408626.jpg?utm_source=commons.wikimedia.org&utm_campaign=imageinfo&utm_content=thumbnail
blaming	责备	https://thumb.wikimedia.org/wikipedia/commons/thumb/d/d8/Blaming_The_Victim.jpg/120px-Blaming_The_Victim.jpg?utm_source=commons.wikimedia.org&utm_campaign=imageinfo&utm_content=thumbnail
blank	空白	https://upload.wikimedia.org/wikipedia/commons/0/08/Blank_1x1.png?utm_source=commons.wikimedia.org&utm_campaign=imageinfo&utm_content=thumbnail_unscaled
blasts	爆发	https://thumb.wikimedia.org/wikipedia/commons/thumb/5/50/21_February_2008_Pula_van_blasts_%285%29.JPG/250px-21_February_2008_Pula_van_blasts_%285%29.JPG?utm_source=commons.wikimedia.org&utm_campaign=imageinfo&utm_content=thumbnail
blends	混合	https://thumb.wikimedia.org/wikipedia/commons/thumb/4/4a/RECALLED_%E2%80%93_Seasoning_blends_%288600575073%29.jpg/120px-RECALLED_%E2%80%93_Seasoning_blends_%288600575073%29.jpg?utm_source=commons.wikimedia.org&utm_campaign=imageinfo&utm_content=thumbnail
blind	盲目	
block	阻止	https://thumb.wikimedia.org/wikipedia/commons/thumb/1/18/Scratch3GreenFlagBlock.png/250px-Scratch3GreenFlagBlock.png?utm_source=commons.wikimedia.org&utm_campaign=imageinfo&utm_content=thumbnail
blockers	阻碍	https://thumb.wikimedia.org/wikipedia/commons/thumb/e/ec/Mechanism_of_action_for_beta_blockers.png/250px-Mechanism_of_action_for_beta_blockers.png?utm_source=commons.wikimedia.org&utm_campaign=imageinfo&utm_content=thumbnail
blocks	阻止	https://thumb.wikimedia.org/wikipedia/commons/thumb/6/65/Tower_Blocks_at_Shieldfield_-_geograph.org.uk_-_55131.jpg/250px-Tower_Blocks_at_Shieldfield_-_geograph.org.uk_-_55131.jpg?utm_source=commons.wikimedia.org&utm_campaign=imageinfo&utm_content=thumbnail
blogs	博客	https://upload.wikimedia.org/wikipedia/commons/5/5f/Science_Blogs_logo.JPG?utm_source=commons.wikimedia.org&utm_campaign=imageinfo&utm_content=thumbnail_unscaled
blue	蓝	https://thumb.wikimedia.org/wikipedia/commons/thumb/7/73/Pale_Blue_Dot.png/250px-Pale_Blue_Dot.png?utm_source=commons.wikimedia.org&utm_campaign=imageinfo&utm_content=thumbnail
board	委员会	https://thumb.wikimedia.org/wikipedia/commons/thumb/a/a2/Electronic_Printed_Circuit_Board.jpg/250px-Electronic_Printed_Circuit_Board.jpg?utm_source=commons.wikimedia.org&utm_campaign=imageinfo&utm_content=thumbnail
boards	董事会	https://thumb.wikimedia.org/wikipedia/commons/thumb/b/b0/Decalogue_boards%2C_St_Andrew%27s_Church%2C_Coryton_-_geograph.org.uk_-_316962.jpg/250px-Decalogue_boards%2C_St_Andrew%27s_Church%2C_Coryton_-_geograph.org.uk_-_316962.jpg?utm_source=commons.wikimedia.org&utm_campaign=imageinfo&utm_content=thumbnail
body	正文	https://upload.wikimedia.org/wikipedia/commons/6/62/Kit_body_alain1516a.png?utm_source=commons.wikimedia.org&utm_campaign=imageinfo&utm_content=thumbnail_unscaled
boilerplate	样板	https://thumb.wikimedia.org/wikipedia/commons/thumb/d/de/Boilerplate_and_Sgurr_Dearg_-_geograph.org.uk_-_1570516.jpg/250px-Boilerplate_and_Sgurr_Dearg_-_geograph.org.uk_-_1570516.jpg?utm_source=commons.wikimedia.org&utm_campaign=imageinfo&utm_content=thumbnail
book	预订	https://thumb.wikimedia.org/wikipedia/commons/thumb/c/c7/Book_of_common_prayer_1596.jpg/250px-Book_of_common_prayer_1596.jpg?utm_source=commons.wikimedia.org&utm_campaign=imageinfo&utm_content=thumbnail
booking	预订	
books	书籍	https://thumb.wikimedia.org/wikipedia/commons/thumb/9/93/Stamp_of_Indonesia_-_1976_-_Colnect_258352_-_Books_for_Children.jpeg/250px-Stamp_of_Indonesia_-_1976_-_Colnect_258352_-_Books_for_Children.jpeg?utm_source=commons.wikimedia.org&utm_campaign=imageinfo&utm_content=thumbnail
booth	展位	https://thumb.wikimedia.org/wikipedia/commons/thumb/8/83/Edwin_Booth_as_Hamlet.jpg/250px-Edwin_Booth_as_Hamlet.jpg?utm_source=commons.wikimedia.org&utm_campaign=imageinfo&utm_content=thumbnail
booths	展位	https://thumb.wikimedia.org/wikipedia/commons/thumb/4/45/Booths_Caesar.jpg/250px-Booths_Caesar.jpg?utm_source=commons.wikimedia.org&utm_campaign=imageinfo&utm_content=thumbnail
boring	无聊	https://thumb.wikimedia.org/wikipedia/commons/thumb/f/fe/AmCyc_Boring_-_Drilling_Machine.jpg/250px-AmCyc_Boring_-_Drilling_Machine.jpg?utm_source=commons.wikimedia.org&utm_campaign=imageinfo&utm_content=thumbnail
bot	机器人	https://thumb.wikimedia.org/wikipedia/commons/thumb/b/b4/Bot_Message_AntiVandalisme.png/120px-Bot_Message_AntiVandalisme.png?utm_source=commons.wikimedia.org&utm_campaign=imageinfo&utm_content=thumbnail
both	两者	https://thumb.wikimedia.org/wikipedia/commons/thumb/1/15/Shooting_Both_Hands_Grip.jpg/120px-Shooting_Both_Hands_Grip.jpg?utm_source=commons.wikimedia.org&utm_campaign=imageinfo&utm_content=thumbnail
bots	机器人	https://thumb.wikimedia.org/wikipedia/commons/thumb/8/8a/Automation_of_foundry_with_robot.jpg/250px-Automation_of_foundry_with_robot.jpg?utm_source=commons.wikimedia.org&utm_campaign=imageinfo&utm_content=thumbnail
bottlenecks	瓶颈	https://thumb.wikimedia.org/wikipedia/commons/thumb/5/5d/%22Bottlenecks_delay_delivery_of_supplies...Awards_for_your_ideas%22_-_DPLA_-_b7253e2e979fe9be57c91271f0993cc6.gif/250px-%22Bottlenecks_delay_delivery_of_supplies...Awards_for_your_ideas%22_-_DPLA_-_b7253e2e979fe9be57c91271f0993cc6.gif?utm_source=commons.wikimedia.org&utm_campaign=imageinfo&utm_content=thumbnail
bounce	退回	https://upload.wikimedia.org/wikipedia/commons/4/42/4_multiple_bounce_roll.gif?utm_source=commons.wikimedia.org&utm_campaign=imageinfo&utm_content=thumbnail_unscaled
bounced	已退回	https://thumb.wikimedia.org/wikipedia/commons/thumb/5/55/Trampoline_with_assisted_bounce%2C_Brighton_beach_-_geograph.org.uk_-_1338775.jpg/250px-Trampoline_with_assisted_bounce%2C_Brighton_beach_-_geograph.org.uk_-_1338775.jpg?utm_source=commons.wikimedia.org&utm_campaign=imageinfo&utm_content=thumbnail
boundaries	边界	https://thumb.wikimedia.org/wikipedia/commons/thumb/8/8f/Boundary_Post_-_geograph.org.uk_-_1718707.jpg/250px-Boundary_Post_-_geograph.org.uk_-_1718707.jpg?utm_source=commons.wikimedia.org&utm_campaign=imageinfo&utm_content=thumbnail
bounty	赏金	https://thumb.wikimedia.org/wikipedia/commons/thumb/5/57/Taliban_bounty_flyer.jpg/250px-Taliban_bounty_flyer.jpg?utm_source=commons.wikimedia.org&utm_campaign=imageinfo&utm_content=thumbnail
box	盒子	https://thumb.wikimedia.org/wikipedia/commons/thumb/1/13/A4_London_Road%2C_Box_-_geograph.org.uk_-_558917.jpg/250px-A4_London_Road%2C_Box_-_geograph.org.uk_-_558917.jpg?utm_source=commons.wikimedia.org&utm_campaign=imageinfo&utm_content=thumbnail
branch	分支	https://thumb.wikimedia.org/wikipedia/commons/thumb/2/27/Saint-Germain-en-Laye%2C_foret_branches_neige05429.jpg/250px-Saint-Germain-en-Laye%2C_foret_branches_neige05429.jpg?utm_source=commons.wikimedia.org&utm_campaign=imageinfo&utm_content=thumbnail
branches	分支	https://thumb.wikimedia.org/wikipedia/commons/thumb/2/27/Saint-Germain-en-Laye%2C_foret_branches_neige05429.jpg/250px-Saint-Germain-en-Laye%2C_foret_branches_neige05429.jpg?utm_source=commons.wikimedia.org&utm_campaign=imageinfo&utm_content=thumbnail
brand	品牌	https://upload.wikimedia.org/wikipedia/commons/2/2c/Brand_eins_logo.png?utm_source=commons.wikimedia.org&utm_campaign=imageinfo&utm_content=thumbnail_unscaled
breach	泄露	https://thumb.wikimedia.org/wikipedia/commons/thumb/1/14/Ballistic_breach_fm3-06-11fig3-26.gif/250px-Ballistic_breach_fm3-06-11fig3-26.gif?utm_source=commons.wikimedia.org&utm_campaign=imageinfo&utm_content=thumbnail
break	打破	https://upload.wikimedia.org/wikipedia/commons/2/24/The_Acre_prison_after_the_break%2C_1947.jpg?utm_source=commons.wikimedia.org&utm_campaign=imageinfo&utm_content=thumbnail_unscaled
breakers	断路	https://thumb.wikimedia.org/wikipedia/commons/thumb/f/f8/Paulette_Goddard_in_The_Ghost_Breakers_trailer.JPG/250px-Paulette_Goddard_in_The_Ghost_Breakers_trailer.JPG?utm_source=commons.wikimedia.org&utm_campaign=imageinfo&utm_content=thumbnail
breaking	破坏性	https://thumb.wikimedia.org/wikipedia/commons/thumb/b/bb/Breaking_Benjamin_Live.jpg/250px-Breaking_Benjamin_Live.jpg?utm_source=commons.wikimedia.org&utm_campaign=imageinfo&utm_content=thumbnail
breaks	中断	
brief	简短	https://thumb.wikimedia.org/wikipedia/commons/thumb/e/e3/Einbrief.jpg/250px-Einbrief.jpg?utm_source=commons.wikimedia.org&utm_campaign=imageinfo&utm_content=thumbnail
briefly	简短地	https://thumb.wikimedia.org/wikipedia/commons/thumb/1/1b/The_East_Wilder_Brook_it_where_briefly_emerges_from_underground_-_geograph.org.uk_-_1597375.jpg/250px-The_East_Wilder_Brook_it_where_briefly_emerges_from_underground_-_geograph.org.uk_-_1597375.jpg?utm_source=commons.wikimedia.org&utm_campaign=imageinfo&utm_content=thumbnail
brigading	围攻	https://upload.wikimedia.org/wikipedia/commons/2/25/6th_Cavalry_Brigade_SSI_%281975-2015%29.png?utm_source=commons.wikimedia.org&utm_campaign=imageinfo&utm_content=thumbnail_unscaled
bright	明亮	https://thumb.wikimedia.org/wikipedia/commons/thumb/d/d6/John_Bright_portrait.jpg/250px-John_Bright_portrait.jpg?utm_source=commons.wikimedia.org&utm_campaign=imageinfo&utm_content=thumbnail
bring	带来	https://thumb.wikimedia.org/wikipedia/commons/thumb/0/02/Bring_Kids_Back_UA.jpg/250px-Bring_Kids_Back_UA.jpg?utm_source=commons.wikimedia.org&utm_campaign=imageinfo&utm_content=thumbnail
brings	带来	https://thumb.wikimedia.org/wikipedia/commons/thumb/b/ba/An_ash_tree_brings_forth_shoes_-_geograph.org.uk_-_754896.jpg/250px-An_ash_tree_brings_forth_shoes_-_geograph.org.uk_-_754896.jpg?utm_source=commons.wikimedia.org&utm_campaign=imageinfo&utm_content=thumbnail
broken	损坏	https://thumb.wikimedia.org/wikipedia/commons/thumb/3/31/Broken_Hill_Court_House_%282801014781%29.jpg/250px-Broken_Hill_Court_House_%282801014781%29.jpg?utm_source=commons.wikimedia.org&utm_campaign=imageinfo&utm_content=thumbnail
broker	代理	https://upload.wikimedia.org/wikipedia/commons/6/6f/Broker%27s_Nose_seen_from_Fairy_Meadow.jpg?utm_source=commons.wikimedia.org&utm_campaign=imageinfo&utm_content=thumbnail_unscaled
browser	浏览器	https://thumb.wikimedia.org/wikipedia/commons/thumb/9/9b/3DS-Browser-Logo.png/250px-3DS-Browser-Logo.png?utm_source=commons.wikimedia.org&utm_campaign=imageinfo&utm_content=thumbnail
browsers	浏览器	https://thumb.wikimedia.org/wikipedia/commons/thumb/0/06/Browsers_russia.PNG/250px-Browsers_russia.PNG?utm_source=commons.wikimedia.org&utm_campaign=imageinfo&utm_content=thumbnail
browsing	浏览	
buckets	桶	https://thumb.wikimedia.org/wikipedia/commons/thumb/5/55/Buckets_%282474970384%29.jpg/250px-Buckets_%282474970384%29.jpg?utm_source=commons.wikimedia.org&utm_campaign=imageinfo&utm_content=thumbnail
buddy	伙伴	https://thumb.wikimedia.org/wikipedia/commons/thumb/b/b3/Clinton_Buddy_120597.jpg/250px-Clinton_Buddy_120597.jpg?utm_source=commons.wikimedia.org&utm_campaign=imageinfo&utm_content=thumbnail
budget	预算	https://thumb.wikimedia.org/wikipedia/commons/thumb/4/48/Russia%27s_budget_for_2006-2007.jpg/250px-Russia%27s_budget_for_2006-2007.jpg?utm_source=commons.wikimedia.org&utm_campaign=imageinfo&utm_content=thumbnail
budgets	预算	https://thumb.wikimedia.org/wikipedia/commons/thumb/4/48/Russia%27s_budget_for_2006-2007.jpg/250px-Russia%27s_budget_for_2006-2007.jpg?utm_source=commons.wikimedia.org&utm_campaign=imageinfo&utm_content=thumbnail
buffer	缓冲	https://thumb.wikimedia.org/wikipedia/commons/thumb/8/8f/Z-buffer_no_text.jpg/250px-Z-buffer_no_text.jpg?utm_source=commons.wikimedia.org&utm_campaign=imageinfo&utm_content=thumbnail
buffers	缓冲	https://thumb.wikimedia.org/wikipedia/commons/thumb/9/9a/Where_the_roller_coaster_of_time_runs_into_the_buffers_of_infinity_-_geograph.org.uk_-_874132.jpg/250px-Where_the_roller_coaster_of_time_runs_into_the_buffers_of_infinity_-_geograph.org.uk_-_874132.jpg?utm_source=commons.wikimedia.org&utm_campaign=imageinfo&utm_content=thumbnail
bug	缺陷	https://upload.wikimedia.org/wikipedia/commons/3/3a/Farm-Fresh_bug_error.png?utm_source=commons.wikimedia.org&utm_campaign=imageinfo&utm_content=thumbnail_unscaled
bugs	缺陷	https://thumb.wikimedia.org/wikipedia/commons/thumb/3/34/It%27s_a_bugs_life_-_geograph.org.uk_-_959765.jpg/250px-It%27s_a_bugs_life_-_geograph.org.uk_-_959765.jpg?utm_source=commons.wikimedia.org&utm_campaign=imageinfo&utm_content=thumbnail
build	构建	https://thumb.wikimedia.org/wikipedia/commons/thumb/7/78/Build_Back_Better_livestream1.jpg/250px-Build_Back_Better_livestream1.jpg?utm_source=commons.wikimedia.org&utm_campaign=imageinfo&utm_content=thumbnail
building	构建	https://thumb.wikimedia.org/wikipedia/commons/thumb/2/21/Lloyds_building%2C_London_at_night.jpg/120px-Lloyds_building%2C_London_at_night.jpg?utm_source=commons.wikimedia.org&utm_campaign=imageinfo&utm_content=thumbnail
builds	构建	
built	已构建	https://thumb.wikimedia.org/wikipedia/commons/thumb/5/54/Doug_Martsch_of_Built_to_Spill_in_2007.jpg/250px-Doug_Martsch_of_Built_to_Spill_in_2007.jpg?utm_source=commons.wikimedia.org&utm_campaign=imageinfo&utm_content=thumbnail
bulkheads	隔舱	https://thumb.wikimedia.org/wikipedia/commons/thumb/1/1f/Bulkhead_%28PSF%29.jpg/250px-Bulkhead_%28PSF%29.jpg?utm_source=commons.wikimedia.org&utm_campaign=imageinfo&utm_content=thumbnail
bumping	调高	https://thumb.wikimedia.org/wikipedia/commons/thumb/d/d6/Bumping_key.jpg/250px-Bumping_key.jpg?utm_source=commons.wikimedia.org&utm_campaign=imageinfo&utm_content=thumbnail
bumps	调高	https://thumb.wikimedia.org/wikipedia/commons/thumb/6/69/Bumps_Chart_Lents_2005_W1.png/60px-Bumps_Chart_Lents_2005_W1.png?utm_source=commons.wikimedia.org&utm_campaign=imageinfo&utm_content=thumbnail
bundles	包	https://thumb.wikimedia.org/wikipedia/commons/thumb/a/ab/Bundles_of_wood_%28KV11%29.jpg/250px-Bundles_of_wood_%28KV11%29.jpg?utm_source=commons.wikimedia.org&utm_campaign=imageinfo&utm_content=thumbnail
burn	消耗	https://thumb.wikimedia.org/wikipedia/commons/thumb/0/00/Burn_window.png/250px-Burn_window.png?utm_source=commons.wikimedia.org&utm_campaign=imageinfo&utm_content=thumbnail
burnout	倦怠	https://upload.wikimedia.org/wikipedia/commons/f/ff/Burnout_paradise_remastered_icon.png?utm_source=commons.wikimedia.org&utm_campaign=imageinfo&utm_content=thumbnail_unscaled
business	业务	https://thumb.wikimedia.org/wikipedia/commons/thumb/f/fd/Business_method_delays.JPG/250px-Business_method_delays.JPG?utm_source=commons.wikimedia.org&utm_campaign=imageinfo&utm_content=thumbnail
busting	拆穿	https://thumb.wikimedia.org/wikipedia/commons/thumb/e/e2/Tumba-Tarzan_arrested_on_16_November_1954.jpg/250px-Tumba-Tarzan_arrested_on_16_November_1954.jpg?utm_source=commons.wikimedia.org&utm_campaign=imageinfo&utm_content=thumbnail
busy	忙碌	https://thumb.wikimedia.org/wikipedia/commons/thumb/7/70/Busy_Icon.PNG/250px-Busy_Icon.PNG?utm_source=commons.wikimedia.org&utm_campaign=imageinfo&utm_content=thumbnail
busywork	琐事	
buy	购买	https://thumb.wikimedia.org/wikipedia/commons/thumb/5/5a/J.Reu_%26_Best_Buy_Miami_tour.jpg/250px-J.Reu_%26_Best_Buy_Miami_tour.jpg?utm_source=commons.wikimedia.org&utm_campaign=imageinfo&utm_content=thumbnail
buyers	买家	https://thumb.wikimedia.org/wikipedia/commons/thumb/b/b4/Dallas_Buyers_Club_logo.png/250px-Dallas_Buyers_Club_logo.png?utm_source=commons.wikimedia.org&utm_campaign=imageinfo&utm_content=thumbnail
by	由	
bylaws	章程	https://thumb.wikimedia.org/wikipedia/commons/thumb/0/0b/DNC_Rules_%26_Bylaws_committee_%282538879426%29.jpg/250px-DNC_Rules_%26_Bylaws_committee_%282538879426%29.jpg?utm_source=commons.wikimedia.org&utm_campaign=imageinfo&utm_content=thumbnail
cables	线缆	https://thumb.wikimedia.org/wikipedia/commons/thumb/e/ec/Submarine_cable_storage_-_geograph.org.uk_-_1457456.jpg/250px-Submarine_cable_storage_-_geograph.org.uk_-_1457456.jpg?utm_source=commons.wikimedia.org&utm_campaign=imageinfo&utm_content=thumbnail
cache	缓存	https://thumb.wikimedia.org/wikipedia/commons/thumb/d/d3/Cache_Creek_wilderness.jpg/250px-Cache_Creek_wilderness.jpg?utm_source=commons.wikimedia.org&utm_campaign=imageinfo&utm_content=thumbnail
caches	缓存	https://thumb.wikimedia.org/wikipedia/commons/thumb/7/7c/Caches_d%C3%A9di%C3%A9s.png/250px-Caches_d%C3%A9di%C3%A9s.png?utm_source=commons.wikimedia.org&utm_campaign=imageinfo&utm_content=thumbnail
caching	缓存	https://thumb.wikimedia.org/wikipedia/commons/thumb/f/f0/Windows_Azure_Caching_%28Co-located%29.jpg/250px-Windows_Azure_Caching_%28Co-located%29.jpg?utm_source=commons.wikimedia.org&utm_campaign=imageinfo&utm_content=thumbnail
cadence	节奏	https://thumb.wikimedia.org/wikipedia/commons/thumb/8/8f/Cadence_minor_second.png/250px-Cadence_minor_second.png?utm_source=commons.wikimedia.org&utm_campaign=imageinfo&utm_content=thumbnail
calculate	计算	https://upload.wikimedia.org/wikipedia/commons/5/5a/Farm-Fresh_calculate_sheet.png?utm_source=commons.wikimedia.org&utm_campaign=imageinfo&utm_content=thumbnail_unscaled
calculated	已计算	https://thumb.wikimedia.org/wikipedia/commons/thumb/9/9d/Period_3_Calculated_Radii.png/250px-Period_3_Calculated_Radii.png?utm_source=commons.wikimedia.org&utm_campaign=imageinfo&utm_content=thumbnail
calculations	计算	
calendar	日历	https://upload.wikimedia.org/wikipedia/commons/3/34/Calendar_%28specific_day%29.jpg?utm_source=commons.wikimedia.org&utm_campaign=imageinfo&utm_content=thumbnail_unscaled
calendars	日历	https://thumb.wikimedia.org/wikipedia/commons/thumb/d/dd/Revolution_kalendar.jpg/250px-Revolution_kalendar.jpg?utm_source=commons.wikimedia.org&utm_campaign=imageinfo&utm_content=thumbnail
calibrate	校准	https://thumb.wikimedia.org/wikipedia/commons/thumb/3/34/Four_men_and_their_dog_went_to_calibrate_their_spreader_-_geograph.org.uk_-_1206908.jpg/250px-Four_men_and_their_dog_went_to_calibrate_their_spreader_-_geograph.org.uk_-_1206908.jpg?utm_source=commons.wikimedia.org&utm_campaign=imageinfo&utm_content=thumbnail
call	调用	https://thumb.wikimedia.org/wikipedia/commons/thumb/8/80/Attention_%28Bugle_Call%29.png/250px-Attention_%28Bugle_Call%29.png?utm_source=commons.wikimedia.org&utm_campaign=imageinfo&utm_content=thumbnail
callers	调用方	https://thumb.wikimedia.org/wikipedia/commons/thumb/a/ae/No_Cold_Callers_in_Roman_Reach_-_geograph.org.uk_-_1461382.jpg/120px-No_Cold_Callers_in_Roman_Reach_-_geograph.org.uk_-_1461382.jpg?utm_source=commons.wikimedia.org&utm_campaign=imageinfo&utm_content=thumbnail
calling	调用	https://thumb.wikimedia.org/wikipedia/commons/thumb/c/c2/Calling_Lake%2C_Alberta_Location.png/120px-Calling_Lake%2C_Alberta_Location.png?utm_source=commons.wikimedia.org&utm_campaign=imageinfo&utm_content=thumbnail
calls	调用	https://thumb.wikimedia.org/wikipedia/commons/thumb/7/7b/42_The_Calls_-_geograph.org.uk_-_135230.jpg/250px-42_The_Calls_-_geograph.org.uk_-_135230.jpg?utm_source=commons.wikimedia.org&utm_campaign=imageinfo&utm_content=thumbnail
calm	冷静	https://thumb.wikimedia.org/wikipedia/commons/thumb/5/53/Calm_air%2C_Cockenzie_power_station_-_geograph.org.uk_-_1722808.jpg/120px-Calm_air%2C_Cockenzie_power_station_-_geograph.org.uk_-_1722808.jpg?utm_source=commons.wikimedia.org&utm_campaign=imageinfo&utm_content=thumbnail
calmly	冷静地	https://thumb.wikimedia.org/wikipedia/commons/thumb/5/56/CodexEgberti-Fol024r-CalmingAStorm.jpg/250px-CodexEgberti-Fol024r-CalmingAStorm.jpg?utm_source=commons.wikimedia.org&utm_campaign=imageinfo&utm_content=thumbnail
campaigns	活动	https://thumb.wikimedia.org/wikipedia/commons/thumb/1/1a/Margaret_Mary_Morgan_political_campaign_card%2C_1921.JPG/250px-Margaret_Mary_Morgan_political_campaign_card%2C_1921.JPG?utm_source=commons.wikimedia.org&utm_campaign=imageinfo&utm_content=thumbnail
can	能	
canary	金丝雀	https://thumb.wikimedia.org/wikipedia/commons/thumb/0/07/Canary_wharf_tube_canopy.jpg/250px-Canary_wharf_tube_canopy.jpg?utm_source=commons.wikimedia.org&utm_campaign=imageinfo&utm_content=thumbnail
cancel	取消	https://thumb.wikimedia.org/wikipedia/commons/thumb/2/2f/British_Guiana_telegraph_cancel_on_1934_postage_stamp.jpg/250px-British_Guiana_telegraph_cancel_on_1934_postage_stamp.jpg?utm_source=commons.wikimedia.org&utm_campaign=imageinfo&utm_content=thumbnail
canceled	已取消	https://upload.wikimedia.org/wikipedia/commons/d/d5/Hungary-1900-Sc-65-Franz-Josef-3kr-canceled-1901.jpg?utm_source=commons.wikimedia.org&utm_campaign=imageinfo&utm_content=thumbnail_unscaled
candidate	候选人	https://upload.wikimedia.org/wikipedia/commons/e/e8/SM-CandidatePic.jpg?utm_source=commons.wikimedia.org&utm_campaign=imageinfo&utm_content=thumbnail_unscaled
candidates	候选人	https://thumb.wikimedia.org/wikipedia/commons/thumb/d/d2/Charles_Luther_Swain_1913.png/250px-Charles_Luther_Swain_1913.png?utm_source=commons.wikimedia.org&utm_campaign=imageinfo&utm_content=thumbnail
cannot	不能	https://thumb.wikimedia.org/wikipedia/commons/thumb/4/42/A_page_that_cannot_be_turned_within_St_Faith%27s%2C_Havant_-_geograph.org.uk_-_1306128.jpg/250px-A_page_that_cannot_be_turned_within_St_Faith%27s%2C_Havant_-_geograph.org.uk_-_1306128.jpg?utm_source=commons.wikimedia.org&utm_campaign=imageinfo&utm_content=thumbnail
cap	上限	https://thumb.wikimedia.org/wikipedia/commons/thumb/5/55/Military_cap_patent.tif/lossy-page1-250px-Military_cap_patent.tif.jpg?utm_source=commons.wikimedia.org&utm_campaign=imageinfo&utm_content=thumbnail
capabilities	能力	https://upload.wikimedia.org/wikipedia/commons/e/ef/Army_Capabilities_Integration_Center.png?utm_source=commons.wikimedia.org&utm_campaign=imageinfo&utm_content=thumbnail_unscaled
capacity	容量	https://thumb.wikimedia.org/wikipedia/commons/thumb/d/df/Aplica%C3%A7%C3%A3o_mobile_de_relatoria_de_erros_%28Capacity_Exchange%29.png/120px-Aplica%C3%A7%C3%A3o_mobile_de_relatoria_de_erros_%28Capacity_Exchange%29.png?utm_source=commons.wikimedia.org&utm_campaign=imageinfo&utm_content=thumbnail
capital	资本	https://upload.wikimedia.org/wikipedia/commons/2/2a/LAN_Capital_Region_International_Airport_Sectional_Chart.jpg?utm_source=commons.wikimedia.org&utm_campaign=imageinfo&utm_content=thumbnail_unscaled
caption	字幕	https://thumb.wikimedia.org/wikipedia/commons/thumb/9/92/Closed_Caption_Demonstration_Still-Felix.png/250px-Closed_Caption_Demonstration_Still-Felix.png?utm_source=commons.wikimedia.org&utm_campaign=imageinfo&utm_content=thumbnail
captioning	字幕	https://upload.wikimedia.org/wikipedia/commons/e/e7/Freedomdefined_CC_BY.png?utm_source=commons.wikimedia.org&utm_campaign=imageinfo&utm_content=thumbnail_unscaled
captions	字幕	https://thumb.wikimedia.org/wikipedia/commons/thumb/7/7c/Captions_Please..._%286880132787%29.jpg/250px-Captions_Please..._%286880132787%29.jpg?utm_source=commons.wikimedia.org&utm_campaign=imageinfo&utm_content=thumbnail
capture	捕获	https://thumb.wikimedia.org/wikipedia/commons/thumb/e/e2/Tumba-Tarzan_arrested_on_16_November_1954.jpg/250px-Tumba-Tarzan_arrested_on_16_November_1954.jpg?utm_source=commons.wikimedia.org&utm_campaign=imageinfo&utm_content=thumbnail
captures	捕获	https://thumb.wikimedia.org/wikipedia/commons/thumb/e/e2/Tumba-Tarzan_arrested_on_16_November_1954.jpg/250px-Tumba-Tarzan_arrested_on_16_November_1954.jpg?utm_source=commons.wikimedia.org&utm_campaign=imageinfo&utm_content=thumbnail
carbon	碳	https://thumb.wikimedia.org/wikipedia/commons/thumb/c/c8/Carbon_Cycle-animated_forest.gif/250px-Carbon_Cycle-animated_forest.gif?utm_source=commons.wikimedia.org&utm_campaign=imageinfo&utm_content=thumbnail
card	卡片	https://thumb.wikimedia.org/wikipedia/commons/thumb/f/f4/Hsbc-card.jpg/250px-Hsbc-card.jpg?utm_source=commons.wikimedia.org&utm_campaign=imageinfo&utm_content=thumbnail
cards	卡片	https://thumb.wikimedia.org/wikipedia/commons/thumb/6/63/Jack_of_Diamonds%2C_from_Harlequin_Cards%2C_2nd_Series_%28N220%29_issued_by_Kinney_Bros._MET_DPB872272.jpg/120px-Jack_of_Diamonds%2C_from_Harlequin_Cards%2C_2nd_Series_%28N220%29_issued_by_Kinney_Bros._MET_DPB872272.jpg?utm_source=commons.wikimedia.org&utm_campaign=imageinfo&utm_content=thumbnail
care	小心	https://thumb.wikimedia.org/wikipedia/commons/thumb/1/10/Candy_Manson_at_Hunter_CARE_bash_1.jpg/250px-Candy_Manson_at_Hunter_CARE_bash_1.jpg?utm_source=commons.wikimedia.org&utm_campaign=imageinfo&utm_content=thumbnail
career	职业	https://thumb.wikimedia.org/wikipedia/commons/thumb/3/34/NASA_Early_Career_Achievement_Medal_ribbon.png/250px-NASA_Early_Career_Achievement_Medal_ribbon.png?utm_source=commons.wikimedia.org&utm_campaign=imageinfo&utm_content=thumbnail
careful	小心	
carefully	小心地	https://thumb.wikimedia.org/wikipedia/commons/thumb/b/b4/Please_drive_carefully_-_geograph.org.uk_-_807599.jpg/250px-Please_drive_carefully_-_geograph.org.uk_-_807599.jpg?utm_source=commons.wikimedia.org&utm_campaign=imageinfo&utm_content=thumbnail
cargo	货物	https://thumb.wikimedia.org/wikipedia/commons/thumb/7/77/Stamp_of_Algeria_-_1939_-_Colnect_192576_-_American_export_liner_unloading_cargo.jpeg/250px-Stamp_of_Algeria_-_1939_-_Colnect_192576_-_American_export_liner_unloading_cargo.jpeg?utm_source=commons.wikimedia.org&utm_campaign=imageinfo&utm_content=thumbnail
carts	购物车	https://thumb.wikimedia.org/wikipedia/commons/thumb/0/04/Befestigung-Tonga-1830.jpg/250px-Befestigung-Tonga-1830.jpg?utm_source=commons.wikimedia.org&utm_campaign=imageinfo&utm_content=thumbnail
case	情况	https://thumb.wikimedia.org/wikipedia/commons/thumb/2/2a/Michigan_Wolverines_Case_Western_Reserve_Spartans_football_1916_John_Maulbetsch.jpg/250px-Michigan_Wolverines_Case_Western_Reserve_Spartans_football_1916_John_Maulbetsch.jpg?utm_source=commons.wikimedia.org&utm_campaign=imageinfo&utm_content=thumbnail
cases	情况	https://thumb.wikimedia.org/wikipedia/commons/thumb/0/08/De_Las_Cases_F%C3%A9lix_Ev%C3%AAque_1819-1880.jpg/250px-De_Las_Cases_F%C3%A9lix_Ev%C3%AAque_1819-1880.jpg?utm_source=commons.wikimedia.org&utm_campaign=imageinfo&utm_content=thumbnail
cash	现金	https://thumb.wikimedia.org/wikipedia/commons/thumb/d/d1/Johnny_Cash-Nixon.jpg/250px-Johnny_Cash-Nixon.jpg?utm_source=commons.wikimedia.org&utm_campaign=imageinfo&utm_content=thumbnail
catalogs	目录	https://upload.wikimedia.org/wikipedia/commons/d/d7/Central_Scientific_Co_catalog_cover.png?utm_source=commons.wikimedia.org&utm_campaign=imageinfo&utm_content=thumbnail_unscaled
catch	捕获	https://upload.wikimedia.org/wikipedia/commons/6/66/Catch_me_who_can.jpg?utm_source=commons.wikimedia.org&utm_campaign=imageinfo&utm_content=thumbnail_unscaled
catches	捕获	https://thumb.wikimedia.org/wikipedia/commons/thumb/e/e0/Hurst_lighthouse_catches_the_sun_-_geograph.org.uk_-_508878.jpg/250px-Hurst_lighthouse_catches_the_sun_-_geograph.org.uk_-_508878.jpg?utm_source=commons.wikimedia.org&utm_campaign=imageinfo&utm_content=thumbnail
categorize	分类	https://thumb.wikimedia.org/wikipedia/commons/thumb/0/01/Scientific_classification%28no_text%29.png/120px-Scientific_classification%28no_text%29.png?utm_source=commons.wikimedia.org&utm_campaign=imageinfo&utm_content=thumbnail
category	类别	
causes	原因	https://thumb.wikimedia.org/wikipedia/commons/thumb/1/1d/Lebanon%E2%80%99s_Major_Causes_of_Death_in_2014.png/250px-Lebanon%E2%80%99s_Major_Causes_of_Death_in_2014.png?utm_source=commons.wikimedia.org&utm_campaign=imageinfo&utm_content=thumbnail
cdn	CDN	https://thumb.wikimedia.org/wikipedia/commons/thumb/b/b9/CDN-anobra.png/250px-CDN-anobra.png?utm_source=commons.wikimedia.org&utm_campaign=imageinfo&utm_content=thumbnail
celebrate	庆祝	https://thumb.wikimedia.org/wikipedia/commons/thumb/0/0c/Wasps_Celebrate_their_win.jpg/250px-Wasps_Celebrate_their_win.jpg?utm_source=commons.wikimedia.org&utm_campaign=imageinfo&utm_content=thumbnail
celebrating	庆祝	https://thumb.wikimedia.org/wikipedia/commons/thumb/5/5c/Plaque_celebrating_bypass_defeat_-_geograph.org.uk_-_277255.jpg/250px-Plaque_celebrating_bypass_defeat_-_geograph.org.uk_-_277255.jpg?utm_source=commons.wikimedia.org&utm_campaign=imageinfo&utm_content=thumbnail
celebratory	庆祝	https://thumb.wikimedia.org/wikipedia/commons/thumb/8/83/1%2C000_year_celebratory_tapestry_at_St_Paul%27s%2C_Elsted_-_geograph.org.uk_-_1532197.jpg/250px-1%2C000_year_celebratory_tapestry_at_St_Paul%27s%2C_Elsted_-_geograph.org.uk_-_1532197.jpg?utm_source=commons.wikimedia.org&utm_campaign=imageinfo&utm_content=thumbnail
centers	中心	https://upload.wikimedia.org/wikipedia/commons/8/85/Centers_for_Disease_Control_and_Prevention_logo.png?utm_source=commons.wikimedia.org&utm_campaign=imageinfo&utm_content=thumbnail_unscaled
central	中央	https://thumb.wikimedia.org/wikipedia/commons/thumb/e/ea/Christaller%27s_central_place_theory_animation.gif/250px-Christaller%27s_central_place_theory_animation.gif?utm_source=commons.wikimedia.org&utm_campaign=imageinfo&utm_content=thumbnail
centralize	集中	https://thumb.wikimedia.org/wikipedia/commons/thumb/6/6a/Centralized_vacuum_system_for_industries.jpg/250px-Centralized_vacuum_system_for_industries.jpg?utm_source=commons.wikimedia.org&utm_campaign=imageinfo&utm_content=thumbnail
centralizing	集中	https://thumb.wikimedia.org/wikipedia/commons/thumb/0/00/Amphora_olive-gathering_BM_B226_detail.jpg/250px-Amphora_olive-gathering_BM_B226_detail.jpg?utm_source=commons.wikimedia.org&utm_campaign=imageinfo&utm_content=thumbnail
certificates	证书	https://thumb.wikimedia.org/wikipedia/commons/thumb/b/b1/Acte_de_d%C3%A9c%C3%A8s_de_Paul_Fries%C3%A9.jpg/250px-Acte_de_d%C3%A9c%C3%A8s_de_Paul_Fries%C3%A9.jpg?utm_source=commons.wikimedia.org&utm_campaign=imageinfo&utm_content=thumbnail
certification	认证	
ces	CES	https://upload.wikimedia.org/wikipedia/commons/2/2d/CES_2016.png?utm_source=commons.wikimedia.org&utm_campaign=imageinfo&utm_content=thumbnail_unscaled
cfps	征稿	https://thumb.wikimedia.org/wikipedia/commons/thumb/7/71/CFP_5000_recto.jpg/250px-CFP_5000_recto.jpg?utm_source=commons.wikimedia.org&utm_campaign=imageinfo&utm_content=thumbnail
chain	链	https://thumb.wikimedia.org/wikipedia/commons/thumb/5/5a/Pendant_and_chain_%28AM_1993.187-2%29.jpg/250px-Pendant_and_chain_%28AM_1993.187-2%29.jpg?utm_source=commons.wikimedia.org&utm_campaign=imageinfo&utm_content=thumbnail
challenge	挑战	https://thumb.wikimedia.org/wikipedia/commons/thumb/3/34/The_Crimson_Challenge_%281922%29_-_2.jpg/120px-The_Crimson_Challenge_%281922%29_-_2.jpg?utm_source=commons.wikimedia.org&utm_campaign=imageinfo&utm_content=thumbnail
champions	拥护者	https://thumb.wikimedia.org/wikipedia/commons/thumb/c/c5/Trofeo_UEFA_Champions_League.jpg/250px-Trofeo_UEFA_Champions_League.jpg?utm_source=commons.wikimedia.org&utm_campaign=imageinfo&utm_content=thumbnail
change	变更	https://thumb.wikimedia.org/wikipedia/commons/thumb/d/d6/All_change_at_New_Change_-_geograph.org.uk_-_1499819.jpg/250px-All_change_at_New_Change_-_geograph.org.uk_-_1499819.jpg?utm_source=commons.wikimedia.org&utm_campaign=imageinfo&utm_content=thumbnail
changed	已变更	https://thumb.wikimedia.org/wikipedia/commons/thumb/d/d3/Not_changed_much_-_geograph.org.uk_-_763707.jpg/250px-Not_changed_much_-_geograph.org.uk_-_763707.jpg?utm_source=commons.wikimedia.org&utm_campaign=imageinfo&utm_content=thumbnail
changelog	更新日志	https://upload.wikimedia.org/wikipedia/commons/c/c3/GNUstep3D.png?utm_source=commons.wikimedia.org&utm_campaign=imageinfo&utm_content=thumbnail_unscaled
changelogs	更新日志	https://upload.wikimedia.org/wikipedia/commons/c/c3/GNUstep3D.png?utm_source=commons.wikimedia.org&utm_campaign=imageinfo&utm_content=thumbnail_unscaled
changes	变更	https://thumb.wikimedia.org/wikipedia/commons/thumb/5/5a/Global_warming_ubx.png/250px-Global_warming_ubx.png?utm_source=commons.wikimedia.org&utm_campaign=imageinfo&utm_content=thumbnail
changing	变更中	
channel	渠道	https://upload.wikimedia.org/wikipedia/commons/2/29/Channel_go.png?utm_source=commons.wikimedia.org&utm_campaign=imageinfo&utm_content=thumbnail_unscaled
channels	渠道	https://thumb.wikimedia.org/wikipedia/commons/thumb/b/b3/Russian_orthodox_Television_channel_SPAS.png/250px-Russian_orthodox_Television_channel_SPAS.png?utm_source=commons.wikimedia.org&utm_campaign=imageinfo&utm_content=thumbnail
chaos	混乱	https://thumb.wikimedia.org/wikipedia/commons/thumb/1/1d/Chaos-Goeree.jpg/250px-Chaos-Goeree.jpg?utm_source=commons.wikimedia.org&utm_campaign=imageinfo&utm_content=thumbnail
charge	收费	https://upload.wikimedia.org/wikipedia/commons/1/1b/Depth_charge_bd.jpg?utm_source=commons.wikimedia.org&utm_campaign=imageinfo&utm_content=thumbnail_unscaled
chargeback	拒付	
chargers	充电器	https://thumb.wikimedia.org/wikipedia/commons/thumb/d/d6/Los_Angeles_Chargers_1960_wordmark.gif/250px-Los_Angeles_Chargers_1960_wordmark.gif?utm_source=commons.wikimedia.org&utm_campaign=imageinfo&utm_content=thumbnail
charges	费用	https://thumb.wikimedia.org/wikipedia/commons/thumb/4/48/Method_Of_Images_2_Charges_W_Images.GIF/250px-Method_Of_Images_2_Charges_W_Images.GIF?utm_source=commons.wikimedia.org&utm_campaign=imageinfo&utm_content=thumbnail
chart	图表	https://thumb.wikimedia.org/wikipedia/commons/thumb/c/c4/EB1911_-_Liquid_Gases_-_Fig._14.%E2%80%94Chart_of_the_Variation_of_Electrical_Resistance.jpg/120px-EB1911_-_Liquid_Gases_-_Fig._14.%E2%80%94Chart_of_the_Variation_of_Electrical_Resistance.jpg?utm_source=commons.wikimedia.org&utm_campaign=imageinfo&utm_content=thumbnail
charter	章程	https://thumb.wikimedia.org/wikipedia/commons/thumb/6/69/Charter_of_ErekleII.JPG/250px-Charter_of_ErekleII.JPG?utm_source=commons.wikimedia.org&utm_campaign=imageinfo&utm_content=thumbnail
charts	图表	https://thumb.wikimedia.org/wikipedia/commons/thumb/3/33/Graph_of_suggested_edits_in_Mediawiki_2020-01-03.png/250px-Graph_of_suggested_edits_in_Mediawiki_2020-01-03.png?utm_source=commons.wikimedia.org&utm_campaign=imageinfo&utm_content=thumbnail
chat	聊天	
chatbots	聊天机器人	https://upload.wikimedia.org/wikipedia/commons/e/ed/Notsocleverbot_logo.png?utm_source=commons.wikimedia.org&utm_campaign=imageinfo&utm_content=thumbnail_unscaled
cheap	便宜	https://thumb.wikimedia.org/wikipedia/commons/thumb/4/4c/Cheap_Street%2C_Sherborne_-_geograph.org.uk_-_487230.jpg/250px-Cheap_Street%2C_Sherborne_-_geograph.org.uk_-_487230.jpg?utm_source=commons.wikimedia.org&utm_campaign=imageinfo&utm_content=thumbnail
cheatsheet	速查表	https://thumb.wikimedia.org/wikipedia/commons/thumb/1/17/Tang-hores1.jpg/250px-Tang-hores1.jpg?utm_source=commons.wikimedia.org&utm_campaign=imageinfo&utm_content=thumbnail
check	检查	https://thumb.wikimedia.org/wikipedia/commons/thumb/1/17/Chess-tactics-image_discovered-check.gif/250px-Chess-tactics-image_discovered-check.gif?utm_source=commons.wikimedia.org&utm_campaign=imageinfo&utm_content=thumbnail
checkins	签到	https://thumb.wikimedia.org/wikipedia/commons/thumb/2/23/Commit_no_Nuisance_-_geograph.org.uk_-_589440.jpg/250px-Commit_no_Nuisance_-_geograph.org.uk_-_589440.jpg?utm_source=commons.wikimedia.org&utm_campaign=imageinfo&utm_content=thumbnail
checklist	清单	https://upload.wikimedia.org/wikipedia/commons/d/d5/Checklist.png?utm_source=commons.wikimedia.org&utm_campaign=imageinfo&utm_content=thumbnail_unscaled
checklists	清单	https://upload.wikimedia.org/wikipedia/commons/d/d5/Checklist.png?utm_source=commons.wikimedia.org&utm_campaign=imageinfo&utm_content=thumbnail_unscaled
checks	检查	https://thumb.wikimedia.org/wikipedia/commons/thumb/2/2a/VichyKaro.png/250px-VichyKaro.png?utm_source=commons.wikimedia.org&utm_campaign=imageinfo&utm_content=thumbnail
checksums	校验和	https://thumb.wikimedia.org/wikipedia/commons/thumb/d/db/Probability_of_undetected_error_fletcher_adler_comparison.jpg/250px-Probability_of_undetected_error_fletcher_adler_comparison.jpg?utm_source=commons.wikimedia.org&utm_campaign=imageinfo&utm_content=thumbnail
cherry	挑选	https://thumb.wikimedia.org/wikipedia/commons/thumb/3/32/Cherry_Wood_-_geograph.org.uk_-_357446.jpg/250px-Cherry_Wood_-_geograph.org.uk_-_357446.jpg?utm_source=commons.wikimedia.org&utm_campaign=imageinfo&utm_content=thumbnail
chiefs	主管	https://upload.wikimedia.org/wikipedia/commons/3/3e/Joint_Chiefs_of_Staff_Badge.jpg?utm_source=commons.wikimedia.org&utm_campaign=imageinfo&utm_content=thumbnail_unscaled
choices	选择	https://thumb.wikimedia.org/wikipedia/commons/thumb/b/bf/Choices_Choices_-_geograph.org.uk_-_4917087.jpg/250px-Choices_Choices_-_geograph.org.uk_-_4917087.jpg?utm_source=commons.wikimedia.org&utm_campaign=imageinfo&utm_content=thumbnail
choose	选择	https://thumb.wikimedia.org/wikipedia/commons/thumb/0/0f/I_Choose_Prevention%21_%288595987618%29.jpg/250px-I_Choose_Prevention%21_%288595987618%29.jpg?utm_source=commons.wikimedia.org&utm_campaign=imageinfo&utm_content=thumbnail
chrome	Chrome	https://upload.wikimedia.org/wikipedia/commons/e/e1/Google_logo_%28pre-2010%29_and_Chrome_wordmark.png?utm_source=commons.wikimedia.org&utm_campaign=imageinfo&utm_content=thumbnail_unscaled
churn	流失	https://thumb.wikimedia.org/wikipedia/commons/thumb/2/2a/Churn_%28PSF%29.jpg/250px-Churn_%28PSF%29.jpg?utm_source=commons.wikimedia.org&utm_campaign=imageinfo&utm_content=thumbnail
ci	CI	
ciphertext	密文	https://thumb.wikimedia.org/wikipedia/commons/thumb/1/14/Ztel2.jpg/120px-Ztel2.jpg?utm_source=commons.wikimedia.org&utm_campaign=imageinfo&utm_content=thumbnail
circling	绕圈	https://upload.wikimedia.org/wikipedia/commons/3/3f/No_Boring_Circle_Signs.jpg?utm_source=commons.wikimedia.org&utm_campaign=imageinfo&utm_content=thumbnail_unscaled
circuit	电路	https://thumb.wikimedia.org/wikipedia/commons/thumb/d/dd/Series_circuit_1_bulb_no_meter.png/250px-Series_circuit_1_bulb_no_meter.png?utm_source=commons.wikimedia.org&utm_campaign=imageinfo&utm_content=thumbnail
circulate	流转	https://thumb.wikimedia.org/wikipedia/commons/thumb/6/68/1824_FranklinCirculatingLibrary_BostonCommercialGazette_Jan12.png/250px-1824_FranklinCirculatingLibrary_BostonCommercialGazette_Jan12.png?utm_source=commons.wikimedia.org&utm_campaign=imageinfo&utm_content=thumbnail
cis	CI	https://thumb.wikimedia.org/wikipedia/commons/thumb/d/df/Cis_chinensis_dorsal.jpg/120px-Cis_chinensis_dorsal.jpg?utm_source=commons.wikimedia.org&utm_campaign=imageinfo&utm_content=thumbnail
citation	引用	
cite	引用	https://upload.wikimedia.org/wikipedia/commons/3/3b/VisualEditor_-_Cite_Pulldown.png?utm_source=commons.wikimedia.org&utm_campaign=imageinfo&utm_content=thumbnail_unscaled
city	城市	https://thumb.wikimedia.org/wikipedia/commons/thumb/6/6f/Airshaft_of_a_dumbbell_tenement%2C_New_York_City%2C_taken_from_the_roof_-_NARA_-_535468.gif/250px-Airshaft_of_a_dumbbell_tenement%2C_New_York_City%2C_taken_from_the_roof_-_NARA_-_535468.gif?utm_source=commons.wikimedia.org&utm_campaign=imageinfo&utm_content=thumbnail
civic	公民	https://thumb.wikimedia.org/wikipedia/commons/thumb/6/67/Civic_Centre%2C_Newcastle_Upon_Tyne.jpg/250px-Civic_Centre%2C_Newcastle_Upon_Tyne.jpg?utm_source=commons.wikimedia.org&utm_campaign=imageinfo&utm_content=thumbnail
claims	主张	https://thumb.wikimedia.org/wikipedia/commons/thumb/c/cf/Accidental_Claims_UK_-_High_Street_-_geograph.org.uk_-_1773453.jpg/250px-Accidental_Claims_UK_-_High_Street_-_geograph.org.uk_-_1773453.jpg?utm_source=commons.wikimedia.org&utm_campaign=imageinfo&utm_content=thumbnail
clarify	澄清	https://upload.wikimedia.org/wikipedia/commons/c/cb/Button_clarify_talk.png?utm_source=commons.wikimedia.org&utm_campaign=imageinfo&utm_content=thumbnail_unscaled
clarity	清晰	https://thumb.wikimedia.org/wikipedia/commons/thumb/8/8b/Financial_Clarity_logo.jpg/250px-Financial_Clarity_logo.jpg?utm_source=commons.wikimedia.org&utm_campaign=imageinfo&utm_content=thumbnail
clas	分类	https://thumb.wikimedia.org/wikipedia/commons/thumb/5/5d/Clas_Livijn.jpg/250px-Clas_Livijn.jpg?utm_source=commons.wikimedia.org&utm_campaign=imageinfo&utm_content=thumbnail
class	课程	https://thumb.wikimedia.org/wikipedia/commons/thumb/0/09/Yale_Law_School_Class_of_1883.jpg/250px-Yale_Law_School_Class_of_1883.jpg?utm_source=commons.wikimedia.org&utm_campaign=imageinfo&utm_content=thumbnail
classes	课程	https://thumb.wikimedia.org/wikipedia/commons/thumb/e/ee/Uml_classes_Hebrew.png/250px-Uml_classes_Hebrew.png?utm_source=commons.wikimedia.org&utm_campaign=imageinfo&utm_content=thumbnail
classic	经典	https://upload.wikimedia.org/wikipedia/commons/8/85/Wii_Classic_Controller.jpg?utm_source=commons.wikimedia.org&utm_campaign=imageinfo&utm_content=thumbnail_unscaled
classification	分类	
classify	分类	https://thumb.wikimedia.org/wikipedia/commons/thumb/0/01/Scientific_classification%28no_text%29.png/120px-Scientific_classification%28no_text%29.png?utm_source=commons.wikimedia.org&utm_campaign=imageinfo&utm_content=thumbnail
classroom	课堂	https://thumb.wikimedia.org/wikipedia/commons/thumb/9/9d/Classroom_843785861.jpg/250px-Classroom_843785861.jpg?utm_source=commons.wikimedia.org&utm_campaign=imageinfo&utm_content=thumbnail
clause	条款	https://thumb.wikimedia.org/wikipedia/commons/thumb/2/2e/Penalty_clause_-_geograph.org.uk_-_364403.jpg/250px-Penalty_clause_-_geograph.org.uk_-_364403.jpg?utm_source=commons.wikimedia.org&utm_campaign=imageinfo&utm_content=thumbnail
clauses	条款	https://upload.wikimedia.org/wikipedia/commons/6/61/Logo_Commission_des_clauses_abusives.jpg?utm_source=commons.wikimedia.org&utm_campaign=imageinfo&utm_content=thumbnail_unscaled
clean	干净	https://thumb.wikimedia.org/wikipedia/commons/thumb/a/a0/Savoyard-Page37_%28clean%29.jpg/250px-Savoyard-Page37_%28clean%29.jpg?utm_source=commons.wikimedia.org&utm_campaign=imageinfo&utm_content=thumbnail
cleanup	清理	https://upload.wikimedia.org/wikipedia/commons/1/18/Cleanup_Barnstar_a.png?utm_source=commons.wikimedia.org&utm_campaign=imageinfo&utm_content=thumbnail_unscaled
clear	清晰	https://upload.wikimedia.org/wikipedia/commons/1/10/Crystal_Clear_device_cdrom_unmount.png?utm_source=commons.wikimedia.org&utm_campaign=imageinfo&utm_content=thumbnail_unscaled
clearly	清晰地	https://thumb.wikimedia.org/wikipedia/commons/thumb/1/11/Muckle_Clearly_-_geograph.org.uk_-_247933.jpg/120px-Muckle_Clearly_-_geograph.org.uk_-_247933.jpg?utm_source=commons.wikimedia.org&utm_campaign=imageinfo&utm_content=thumbnail
clever	巧妙	https://thumb.wikimedia.org/wikipedia/commons/thumb/6/65/MOMap-doton-Clever.png/250px-MOMap-doton-Clever.png?utm_source=commons.wikimedia.org&utm_campaign=imageinfo&utm_content=thumbnail
click	点击	https://thumb.wikimedia.org/wikipedia/commons/thumb/3/3a/The_Click_Mill_%28detail_of_mill%29_-_geograph.org.uk_-_520726.jpg/250px-The_Click_Mill_%28detail_of_mill%29_-_geograph.org.uk_-_520726.jpg?utm_source=commons.wikimedia.org&utm_campaign=imageinfo&utm_content=thumbnail
clickjacking	点击劫持	
clicks	点击	https://thumb.wikimedia.org/wikipedia/commons/thumb/8/85/Doke_nasal_clicks.png/250px-Doke_nasal_clicks.png?utm_source=commons.wikimedia.org&utm_campaign=imageinfo&utm_content=thumbnail
client	客户	https://thumb.wikimedia.org/wikipedia/commons/thumb/3/37/EM_Client_logo.png/250px-EM_Client_logo.png?utm_source=commons.wikimedia.org&utm_campaign=imageinfo&utm_content=thumbnail
clients	客户	https://thumb.wikimedia.org/wikipedia/commons/thumb/c/c6/Thin_clients.png/250px-Thin_clients.png?utm_source=commons.wikimedia.org&utm_campaign=imageinfo&utm_content=thumbnail
clinic	诊所	https://thumb.wikimedia.org/wikipedia/commons/thumb/5/58/Havant_Osteopathic_Clinic_-_geograph.org.uk_-_824001.jpg/250px-Havant_Osteopathic_Clinic_-_geograph.org.uk_-_824001.jpg?utm_source=commons.wikimedia.org&utm_campaign=imageinfo&utm_content=thumbnail
clinicians	临床医生	https://thumb.wikimedia.org/wikipedia/commons/thumb/6/6a/Sorting_quicksort_anim.gif/250px-Sorting_quicksort_anim.gif?utm_source=commons.wikimedia.org&utm_campaign=imageinfo&utm_content=thumbnail
clips	片段	https://thumb.wikimedia.org/wikipedia/commons/thumb/1/1d/Tie_clips_wiki.jpg/120px-Tie_clips_wiki.jpg?utm_source=commons.wikimedia.org&utm_campaign=imageinfo&utm_content=thumbnail
clocks	时钟	https://thumb.wikimedia.org/wikipedia/commons/thumb/5/52/Two_clocks%2C_Norwich_-_geograph.org.uk_-_294826.jpg/250px-Two_clocks%2C_Norwich_-_geograph.org.uk_-_294826.jpg?utm_source=commons.wikimedia.org&utm_campaign=imageinfo&utm_content=thumbnail
close	关闭	https://thumb.wikimedia.org/wikipedia/commons/thumb/9/99/Close_on_tree%2C_National_Fruit_Collection_%28acc._1952-012%29.jpg/250px-Close_on_tree%2C_National_Fruit_Collection_%28acc._1952-012%29.jpg?utm_source=commons.wikimedia.org&utm_campaign=imageinfo&utm_content=thumbnail
closely	密切地	https://thumb.wikimedia.org/wikipedia/commons/thumb/7/7e/GlennClose.jpg/120px-GlennClose.jpg?utm_source=commons.wikimedia.org&utm_campaign=imageinfo&utm_content=thumbnail
closer	更近	https://thumb.wikimedia.org/wikipedia/commons/thumb/b/bf/A_closer_view_-_geograph.org.uk_-_893649.jpg/250px-A_closer_view_-_geograph.org.uk_-_893649.jpg?utm_source=commons.wikimedia.org&utm_campaign=imageinfo&utm_content=thumbnail
closure	关闭	
cloud	云	https://thumb.wikimedia.org/wikipedia/commons/thumb/a/a8/International_Cloud_Atlas_1896-01-Cirrus.jpg/250px-International_Cloud_Atlas_1896-01-Cirrus.jpg?utm_source=commons.wikimedia.org&utm_campaign=imageinfo&utm_content=thumbnail
clubs	社团	https://thumb.wikimedia.org/wikipedia/commons/thumb/f/f6/2018_FIFA_Club_World_Cup.png/250px-2018_FIFA_Club_World_Cup.png?utm_source=commons.wikimedia.org&utm_campaign=imageinfo&utm_content=thumbnail
cluster	集群	https://thumb.wikimedia.org/wikipedia/commons/thumb/c/c2/Numero_ottimo_di_clusters_tramite_metodo_silhoutte.png/250px-Numero_ottimo_di_clusters_tramite_metodo_silhoutte.png?utm_source=commons.wikimedia.org&utm_campaign=imageinfo&utm_content=thumbnail
co	共同	
coach	指导	https://thumb.wikimedia.org/wikipedia/commons/thumb/6/65/Coach_hugo_2.jpg/250px-Coach_hugo_2.jpg?utm_source=commons.wikimedia.org&utm_campaign=imageinfo&utm_content=thumbnail
coaches	教练	https://thumb.wikimedia.org/wikipedia/commons/thumb/6/65/Coach_hugo_2.jpg/250px-Coach_hugo_2.jpg?utm_source=commons.wikimedia.org&utm_campaign=imageinfo&utm_content=thumbnail
coaching	指导	https://thumb.wikimedia.org/wikipedia/commons/thumb/6/65/Coach_hugo_2.jpg/250px-Coach_hugo_2.jpg?utm_source=commons.wikimedia.org&utm_campaign=imageinfo&utm_content=thumbnail
code	代码	https://thumb.wikimedia.org/wikipedia/commons/thumb/b/bb/Code_analysis_errors_csharp.png/250px-Code_analysis_errors_csharp.png?utm_source=commons.wikimedia.org&utm_campaign=imageinfo&utm_content=thumbnail
codebase	代码库	https://thumb.wikimedia.org/wikipedia/commons/thumb/0/03/Firefox_option_signed.applets.codebase_principal_support.png/250px-Firefox_option_signed.applets.codebase_principal_support.png?utm_source=commons.wikimedia.org&utm_campaign=imageinfo&utm_content=thumbnail
codes	代码	https://thumb.wikimedia.org/wikipedia/commons/thumb/e/eb/Area_codes_ct.png/250px-Area_codes_ct.png?utm_source=commons.wikimedia.org&utm_campaign=imageinfo&utm_content=thumbnail
coding	编码	https://thumb.wikimedia.org/wikipedia/commons/thumb/5/5f/0291e2a2f99dcbefa3202825b386c8fd.coding.jpg/250px-0291e2a2f99dcbefa3202825b386c8fd.coding.jpg?utm_source=commons.wikimedia.org&utm_campaign=imageinfo&utm_content=thumbnail
cognition	认知	
cohorts	队列	https://thumb.wikimedia.org/wikipedia/commons/thumb/2/23/Lung-Cancer-Occurrence-in-Never-Smokers-An-Analysis-of-13-Cohorts-and-22-Cancer-Registry-Studies-pmed.0050185.g003.jpg/250px-Lung-Cancer-Occurrence-in-Never-Smokers-An-Analysis-of-13-Cohorts-and-22-Cancer-Registry-Studies-pmed.0050185.g003.jpg?utm_source=commons.wikimedia.org&utm_campaign=imageinfo&utm_content=thumbnail
cold	冷	https://thumb.wikimedia.org/wikipedia/commons/thumb/a/ae/Stone_Cold_Steve_Austin_in_1996.jpg/120px-Stone_Cold_Steve_Austin_in_1996.jpg?utm_source=commons.wikimedia.org&utm_campaign=imageinfo&utm_content=thumbnail
collaboration	协作	https://thumb.wikimedia.org/wikipedia/commons/thumb/0/06/Collaboration-scenario1.jpg/250px-Collaboration-scenario1.jpg?utm_source=commons.wikimedia.org&utm_campaign=imageinfo&utm_content=thumbnail
collect	收集	https://thumb.wikimedia.org/wikipedia/commons/thumb/0/04/Collecting_tin_Tintern_Abbey_-_geograph.org.uk_-_721075.jpg/250px-Collecting_tin_Tintern_Abbey_-_geograph.org.uk_-_721075.jpg?utm_source=commons.wikimedia.org&utm_campaign=imageinfo&utm_content=thumbnail
collection	收集	https://thumb.wikimedia.org/wikipedia/commons/thumb/3/3a/Dante_-_Collection_Profili.jpg/120px-Dante_-_Collection_Profili.jpg?utm_source=commons.wikimedia.org&utm_campaign=imageinfo&utm_content=thumbnail
collects	收集	https://thumb.wikimedia.org/wikipedia/commons/thumb/2/29/Who_collects_the_cash_%5E_when%5E_-_geograph.org.uk_-_3593331.jpg/250px-Who_collects_the_cash_%5E_when%5E_-_geograph.org.uk_-_3593331.jpg?utm_source=commons.wikimedia.org&utm_campaign=imageinfo&utm_content=thumbnail
color	颜色	https://upload.wikimedia.org/wikipedia/commons/f/ff/General_256_color_HSV_palette.png?utm_source=commons.wikimedia.org&utm_campaign=imageinfo&utm_content=thumbnail_unscaled
colors	颜色	https://thumb.wikimedia.org/wikipedia/commons/thumb/0/09/Four_Hells_Angels_members_display_their_jackets%27_%27colors%27.jpg/250px-Four_Hells_Angels_members_display_their_jackets%27_%27colors%27.jpg?utm_source=commons.wikimedia.org&utm_campaign=imageinfo&utm_content=thumbnail
columns	列	https://thumb.wikimedia.org/wikipedia/commons/thumb/a/a7/Denderah_cour.jpg/250px-Denderah_cour.jpg?utm_source=commons.wikimedia.org&utm_campaign=imageinfo&utm_content=thumbnail
combine	合并	https://thumb.wikimedia.org/wikipedia/commons/thumb/2/22/CombineWheat0654.jpg/250px-CombineWheat0654.jpg?utm_source=commons.wikimedia.org&utm_campaign=imageinfo&utm_content=thumbnail
comfort	舒适	https://thumb.wikimedia.org/wikipedia/commons/thumb/a/a5/Louis_Comfort_Tiffany_c._1908.jpg/250px-Louis_Comfort_Tiffany_c._1908.jpg?utm_source=commons.wikimedia.org&utm_campaign=imageinfo&utm_content=thumbnail
