word	zh	image	icon
comfortable	舒适	https://thumb.wikimedia.org/wikipedia/commons/thumb/1/12/This_dog_is_%22comfy%22-_2013-12-27_10-51.jpg/250px-This_dog_is_%22comfy%22-_2013-12-27_10-51.jpg?utm_source=en.wikipedia.org&utm_campaign=api&utm_content=thumbnail	https://cdn-icons-png.flaticon.com/128/5775/5775274.png
command	命令	https://thumb.wikimedia.org/wikipedia/commons/thumb/f/f1/Sleeve_patch_of_the_Moscow_Higher_Military_Command_School.png/250px-Sleeve_patch_of_the_Moscow_Higher_Military_Command_School.png?utm_source=commons.wikimedia.org&utm_campaign=imageinfo&utm_content=thumbnail	https://cdn-icons-png.flaticon.com/128/13479/13479161.png
commands	命令	https://thumb.wikimedia.org/wikipedia/commons/thumb/6/6a/Di-A_carmella-commands-ball.png/250px-Di-A_carmella-commands-ball.png?utm_source=commons.wikimedia.org&utm_campaign=imageinfo&utm_content=thumbnail	https://www.shareicon.net/data/128x128/2015/08/30/92996_console_512x512.png
comment	评论	https://upload.wikimedia.org/wikipedia/commons/e/ed/Comment_add.png?utm_source=commons.wikimedia.org&utm_campaign=imageinfo&utm_content=thumbnail_unscaled	https://cdn-icons-png.flaticon.com/128/1380/1380338.png
comments	评论	https://thumb.wikimedia.org/wikipedia/commons/thumb/a/ac/Localize_Comments-before.png/250px-Localize_Comments-before.png?utm_source=commons.wikimedia.org&utm_campaign=imageinfo&utm_content=thumbnail	https://cdn-icons-png.flaticon.com/128/2190/2190552.png
commission	佣金	https://thumb.wikimedia.org/wikipedia/commons/thumb/7/79/Commission_Mill%2C_Stokesby.jpg/250px-Commission_Mill%2C_Stokesby.jpg?utm_source=commons.wikimedia.org&utm_campaign=imageinfo&utm_content=thumbnail	https://ts4.mm.bing.net/th?id=OIP.6KZ-e_nR0aFoTWjsRPKMJQAAAA&pid=15.1
commit	提交	https://thumb.wikimedia.org/wikipedia/commons/thumb/2/23/Commit_no_Nuisance_-_geograph.org.uk_-_589440.jpg/250px-Commit_no_Nuisance_-_geograph.org.uk_-_589440.jpg?utm_source=commons.wikimedia.org&utm_campaign=imageinfo&utm_content=thumbnail	https://ts1.mm.bing.net/th?id=OIP.VRqALLPFlfUTejc34k8qmgAAAA&pid=15.1
commitments	承诺	https://thumb.wikimedia.org/wikipedia/commons/thumb/f/f3/Signing_service_commitments_%285053030077%29.jpg/250px-Signing_service_commitments_%285053030077%29.jpg?utm_source=commons.wikimedia.org&utm_campaign=imageinfo&utm_content=thumbnail	https://cdn-icons-png.flaticon.com/128/7178/7178931.png
commits	提交	https://thumb.wikimedia.org/wikipedia/commons/thumb/6/69/Top_30_Domains_by_Commits_to_the_Linux_Kernel.jpg/250px-Top_30_Domains_by_Commits_to_the_Linux_Kernel.jpg?utm_source=commons.wikimedia.org&utm_campaign=imageinfo&utm_content=thumbnail	https://ts3.mm.bing.net/th?id=OIP.kmEWk_6fvhfQnBhHVfG_ZwAAAA&pid=15.1
committed	已承诺	https://upload.wikimedia.org/wikipedia/commons/6/62/Ray_Brown_Jr_-_Committed_From_The_Heart.jpg?utm_source=commons.wikimedia.org&utm_campaign=imageinfo&utm_content=thumbnail_unscaled	https://cdn-icons-png.flaticon.com/128/7178/7178931.png
common	常见	https://thumb.wikimedia.org/wikipedia/commons/thumb/8/8b/Chitty%27s_Common_-_geograph.org.uk_-_2481873.jpg/250px-Chitty%27s_Common_-_geograph.org.uk_-_2481873.jpg?utm_source=commons.wikimedia.org&utm_campaign=imageinfo&utm_content=thumbnail	https://ts4.mm.bing.net/th?id=OIP.smKFx7p1KsXiWn4OgbpsmAAAAA&pid=15.1
communicate	沟通	https://thumb.wikimedia.org/wikipedia/commons/thumb/9/99/Stephen_Avenue_3.jpg/250px-Stephen_Avenue_3.jpg?utm_source=en.wikipedia.org&utm_campaign=api&utm_content=thumbnail	https://cdn-icons-png.flaticon.com/128/9186/9186482.png
communication	沟通	https://thumb.wikimedia.org/wikipedia/commons/thumb/9/99/Stephen_Avenue_3.jpg/250px-Stephen_Avenue_3.jpg?utm_source=en.wikipedia.org&utm_campaign=api&utm_content=thumbnail	https://cdn-icons-png.flaticon.com/128/9186/9186482.png
communications	沟通	https://thumb.wikimedia.org/wikipedia/commons/thumb/9/99/Stephen_Avenue_3.jpg/250px-Stephen_Avenue_3.jpg?utm_source=en.wikipedia.org&utm_campaign=api&utm_content=thumbnail	https://ts3.mm.bing.net/th?id=OIP.WHpoyYuXhDOHWjuFTiAznwAAAA&pid=15.1
communities	社区	https://thumb.wikimedia.org/wikipedia/commons/thumb/6/68/Historic_Regions_and_Autonomous_Communities_of_Spain.png/250px-Historic_Regions_and_Autonomous_Communities_of_Spain.png?utm_source=commons.wikimedia.org&utm_campaign=imageinfo&utm_content=thumbnail	https://ts3.mm.bing.net/th?id=OIP.TKdcjJ4PJv0y1Y5W-lUaAwAAAA&pid=15.1
community	社区	https://thumb.wikimedia.org/wikipedia/commons/thumb/f/ff/Community_TV_Flag.png/250px-Community_TV_Flag.png?utm_source=commons.wikimedia.org&utm_campaign=imageinfo&utm_content=thumbnail	https://ts4.mm.bing.net/th?id=OIP.XbB4C-IKKw9oeNMpzrKi6AAAAA&pid=15.1
company	公司	https://thumb.wikimedia.org/wikipedia/commons/thumb/e/ed/Nokia_office_building_in_Hervanta_Tampere_1.jpg/250px-Nokia_office_building_in_Hervanta_Tampere_1.jpg?utm_source=en.wikipedia.org&utm_campaign=api&utm_content=thumbnail	https://ts2.mm.bing.net/th?id=OIP.6SO2AMVQBbbGuLPr8iz0LgAAAA&pid=15.1
compare	比较	https://thumb.wikimedia.org/wikipedia/commons/thumb/e/e7/An_anxious_man_comparing_his_own_head_to_a_skull%2C_using_the_Wellcome_V0009466_%28cropped%29.jpg/250px-An_anxious_man_comparing_his_own_head_to_a_skull%2C_using_the_Wellcome_V0009466_%28cropped%29.jpg?utm_source=en.wikipedia.org&utm_campaign=api&utm_content=thumbnail	https://ts1.mm.bing.net/th?id=OIP.gX5qoMwFSNnl4zY0Mq6WnQAAAA&pid=15.1
compared	已比较	https://upload.wikimedia.org/wikipedia/commons/1/11/Sonnenfleck.jpg?utm_source=commons.wikimedia.org&utm_campaign=imageinfo&utm_content=thumbnail_unscaled	https://ts1.mm.bing.net/th?id=OIP.gX5qoMwFSNnl4zY0Mq6WnQAAAA&pid=15.1
compares	比较	https://thumb.wikimedia.org/wikipedia/commons/thumb/e/e8/Newtons_cradle_animation_book.gif/250px-Newtons_cradle_animation_book.gif?utm_source=commons.wikimedia.org&utm_campaign=imageinfo&utm_content=thumbnail	https://ts3.mm.bing.net/th?id=OIP.Q6V_thRXw6ZhdR5BUIWjjAAAAA&pid=15.1
comparison	比较	https://thumb.wikimedia.org/wikipedia/commons/thumb/e/e7/An_anxious_man_comparing_his_own_head_to_a_skull%2C_using_the_Wellcome_V0009466_%28cropped%29.jpg/250px-An_anxious_man_comparing_his_own_head_to_a_skull%2C_using_the_Wellcome_V0009466_%28cropped%29.jpg?utm_source=en.wikipedia.org&utm_campaign=api&utm_content=thumbnail	https://ts1.mm.bing.net/th?id=OIP.gX5qoMwFSNnl4zY0Mq6WnQAAAA&pid=15.1
compatible	兼容	https://thumb.wikimedia.org/wikipedia/commons/thumb/1/1a/Soviet_made_personal_computer_EC-1849_with_Intel_80286_compatible_CPU.JPG/250px-Soviet_made_personal_computer_EC-1849_with_Intel_80286_compatible_CPU.JPG?utm_source=commons.wikimedia.org&utm_campaign=imageinfo&utm_content=thumbnail	https://cdn-icons-png.flaticon.com/128/8488/8488843.png
compensation	薪酬	https://thumb.wikimedia.org/wikipedia/commons/thumb/e/e1/Compensation_mushroom.png/250px-Compensation_mushroom.png?utm_source=commons.wikimedia.org&utm_campaign=imageinfo&utm_content=thumbnail	https://ts3.mm.bing.net/th?id=OIP.VWuoNSaLOlMZDmGCxuL0QgAAAA&pid=15.1
complain	抱怨	https://thumb.wikimedia.org/wikipedia/commons/thumb/8/83/Support_oppose_neutral_complain_and_suggest_%28Chinese%29.png/250px-Support_oppose_neutral_complain_and_suggest_%28Chinese%29.png?utm_source=commons.wikimedia.org&utm_campaign=imageinfo&utm_content=thumbnail	https://ts3.mm.bing.net/th?id=OIP.HaO2R0r98s8_MNC3-P-9TwAAAA&pid=15.1
complete	完成	https://upload.wikimedia.org/wikipedia/commons/8/87/Complete_Image.png?utm_source=commons.wikimedia.org&utm_campaign=imageinfo&utm_content=thumbnail_unscaled	https://cdn-icons-png.flaticon.com/128/17873/17873020.png
completes	完成	https://thumb.wikimedia.org/wikipedia/commons/thumb/8/89/Scilla_litardierei0.jpg/250px-Scilla_litardierei0.jpg?utm_source=commons.wikimedia.org&utm_campaign=imageinfo&utm_content=thumbnail	https://cdn-icons-png.flaticon.com/128/2747/2747743.png
completion	完成	https://thumb.wikimedia.org/wikipedia/commons/thumb/7/73/Riverside_flats_nearing_completion_-_geograph.org.uk_-_1314121.jpg/250px-Riverside_flats_nearing_completion_-_geograph.org.uk_-_1314121.jpg?utm_source=commons.wikimedia.org&utm_campaign=imageinfo&utm_content=thumbnail	https://cdn-icons-png.flaticon.com/128/9757/9757455.png
complex	复杂	https://thumb.wikimedia.org/wikipedia/commons/thumb/0/07/Protein_Complex.jpg/250px-Protein_Complex.jpg?utm_source=commons.wikimedia.org&utm_campaign=imageinfo&utm_content=thumbnail	https://images.icon-icons.com/4183/PNG/96/labyrinth_maze_puzzle_complexity_solution_complex_icon_262287.png
compliance	合规	https://thumb.wikimedia.org/wikipedia/commons/thumb/9/93/Compliance_physio.png/250px-Compliance_physio.png?utm_source=commons.wikimedia.org&utm_campaign=imageinfo&utm_content=thumbnail	https://cdn-icons-png.flaticon.com/128/17053/17053869.png
compliant	合规	https://thumb.wikimedia.org/wikipedia/commons/thumb/0/02/General_Norton_Schwartz%2C_is_shown_a_garden_cultivated_by_privileged_compliant_captives_in_Camp_four.jpg/250px-General_Norton_Schwartz%2C_is_shown_a_garden_cultivated_by_privileged_compliant_captives_in_Camp_four.jpg?utm_source=commons.wikimedia.org&utm_campaign=imageinfo&utm_content=thumbnail	https://cdn-icons-png.flaticon.com/128/17053/17053869.png
complicate	复杂化	https://thumb.wikimedia.org/wikipedia/commons/thumb/8/8c/Archie_andrewsedited.jpg/250px-Archie_andrewsedited.jpg?utm_source=commons.wikimedia.org&utm_campaign=imageinfo&utm_content=thumbnail	https://ts3.mm.bing.net/th?id=OIP.tWtOS-Fq4UGk2Gz2iVfWXgAAAA&pid=15.1
components	组件	https://thumb.wikimedia.org/wikipedia/commons/thumb/b/ba/Principal_components_analysis_of_major_central_cluster_of_Jewish_populations.png/250px-Principal_components_analysis_of_major_central_cluster_of_Jewish_populations.png?utm_source=commons.wikimedia.org&utm_campaign=imageinfo&utm_content=thumbnail	https://cdn-icons-png.flaticon.com/128/917/917716.png
computation	计算	https://upload.wikimedia.org/wikipedia/commons/6/63/Computation_%281%29.png?utm_source=commons.wikimedia.org&utm_campaign=imageinfo&utm_content=thumbnail_unscaled	https://ts2.mm.bing.net/th?id=OIP.SFVU2Dy55AeVD5oQMPmxLQAAAA&pid=15.1
compute	计算	https://thumb.wikimedia.org/wikipedia/commons/thumb/e/e5/ENIAC-changing_a_tube.jpg/250px-ENIAC-changing_a_tube.jpg?utm_source=en.wikipedia.org&utm_campaign=api&utm_content=thumbnail	https://cdn-icons-png.flaticon.com/128/1285/1285352.png
computing	计算	https://thumb.wikimedia.org/wikipedia/commons/thumb/e/e5/ENIAC-changing_a_tube.jpg/250px-ENIAC-changing_a_tube.jpg?utm_source=en.wikipedia.org&utm_campaign=api&utm_content=thumbnail	https://cdn-icons-png.flaticon.com/128/2345/2345386.png
concepts	概念	https://thumb.wikimedia.org/wikipedia/commons/thumb/8/86/Computer_Concepts_Impression_Dongle_%28bottom%29.jpg/250px-Computer_Concepts_Impression_Dongle_%28bottom%29.jpg?utm_source=commons.wikimedia.org&utm_campaign=imageinfo&utm_content=thumbnail	https://cdn-icons-png.flaticon.com/128/4838/4838632.png
concise	简洁	https://thumb.wikimedia.org/wikipedia/commons/thumb/6/6b/A_Concise_History_of_the_U.S._Air_Force_Page_17-1.jpg/250px-A_Concise_History_of_the_U.S._Air_Force_Page_17-1.jpg?utm_source=commons.wikimedia.org&utm_campaign=imageinfo&utm_content=thumbnail	https://ts2.mm.bing.net/th?id=OIP.LKDt7tSDGn5m9VxsDloxsgAAAA&pid=15.1
concrete	具体	https://thumb.wikimedia.org/wikipedia/commons/thumb/b/b4/Bloczek_betonowy.jpg/250px-Bloczek_betonowy.jpg?utm_source=en.wikipedia.org&utm_campaign=api&utm_content=thumbnail	https://cdn-icons-png.flaticon.com/128/12204/12204696.png
concurrency	并发	https://thumb.wikimedia.org/wikipedia/commons/thumb/4/4f/GA_green_route_concurrency.png/250px-GA_green_route_concurrency.png?utm_source=commons.wikimedia.org&utm_campaign=imageinfo&utm_content=thumbnail	https://ts4.mm.bing.net/th?id=OIP.n31jsOhw49pi3KqtjZS1zwAAAA&pid=15.1
conduct	进行	https://thumb.wikimedia.org/wikipedia/commons/thumb/4/41/Army-Good-Conduct-Medal-Obv.png/120px-Army-Good-Conduct-Medal-Obv.png?utm_source=commons.wikimedia.org&utm_campaign=imageinfo&utm_content=thumbnail	https://cdn-icons-png.flaticon.com/128/3206/3206763.png
conference	会议	https://thumb.wikimedia.org/wikipedia/commons/thumb/0/03/Lenin_at_Tampere.JPG/250px-Lenin_at_Tampere.JPG?utm_source=en.wikipedia.org&utm_campaign=api&utm_content=thumbnail	https://cdn-icons-png.flaticon.com/128/16441/16441756.png
confidence	置信度	https://thumb.wikimedia.org/wikipedia/commons/thumb/7/7f/Confidence_Interval_90P.png/250px-Confidence_Interval_90P.png?utm_source=commons.wikimedia.org&utm_campaign=imageinfo&utm_content=thumbnail	https://cdn-icons-png.flaticon.com/128/2163/2163349.png
confidential	机密	https://thumb.wikimedia.org/wikipedia/commons/thumb/4/4f/Confidential_Magazine_cover_July_1957.jpg/250px-Confidential_Magazine_cover_July_1957.jpg?utm_source=commons.wikimedia.org&utm_campaign=imageinfo&utm_content=thumbnail	https://cdn-icons-png.flaticon.com/128/3041/3041263.png
config	配置	https://thumb.wikimedia.org/wikipedia/commons/thumb/a/aa/Configuration-Excitee.png/250px-Configuration-Excitee.png?utm_source=commons.wikimedia.org&utm_campaign=imageinfo&utm_content=thumbnail	https://ts2.mm.bing.net/th?id=OIP.SfqGduughD464DCwzsaXdwAAAA&pid=15.1
configs	配置	https://thumb.wikimedia.org/wikipedia/commons/thumb/d/de/Lagarith_config.png/250px-Lagarith_config.png?utm_source=commons.wikimedia.org&utm_campaign=imageinfo&utm_content=thumbnail	https://ts2.mm.bing.net/th?id=OIP.SfqGduughD464DCwzsaXdwAAAA&pid=15.1
configure	配置	https://thumb.wikimedia.org/wikipedia/commons/thumb/a/aa/Configuration-Excitee.png/250px-Configuration-Excitee.png?utm_source=commons.wikimedia.org&utm_campaign=imageinfo&utm_content=thumbnail	https://ts2.mm.bing.net/th?id=OIP.SfqGduughD464DCwzsaXdwAAAA&pid=15.1
confirm	确认	https://thumb.wikimedia.org/wikipedia/en/thumb/8/88/Confirmation_in_the_lutheran_church.jpg/250px-Confirmation_in_the_lutheran_church.jpg?utm_source=en.wikipedia.org&utm_campaign=api&utm_content=thumbnail	https://cdn-icons-png.flaticon.com/128/1442/1442912.png
confirmation	确认	https://thumb.wikimedia.org/wikipedia/en/thumb/8/88/Confirmation_in_the_lutheran_church.jpg/250px-Confirmation_in_the_lutheran_church.jpg?utm_source=en.wikipedia.org&utm_campaign=api&utm_content=thumbnail	https://ts3.mm.bing.net/th?id=OIP.w_3ZwOMhFDW4EZAh1ku94QAAAA&pid=15.1
confirmations	确认	https://thumb.wikimedia.org/wikipedia/en/thumb/8/88/Confirmation_in_the_lutheran_church.jpg/250px-Confirmation_in_the_lutheran_church.jpg?utm_source=en.wikipedia.org&utm_campaign=api&utm_content=thumbnail	https://cdn-icons-png.flaticon.com/128/4124/4124395.png
confirms	确认	https://thumb.wikimedia.org/wikipedia/commons/thumb/7/76/Minister_of_Health_of_Peru%2C_%C3%93scar_Ugarte_confirms_the_first_suspected_case_of_swine_flu%2C_2009.jpg/250px-Minister_of_Health_of_Peru%2C_%C3%93scar_Ugarte_confirms_the_first_suspected_case_of_swine_flu%2C_2009.jpg?utm_source=commons.wikimedia.org&utm_campaign=imageinfo&utm_content=thumbnail	https://ts4.mm.bing.net/th?id=OIP.IQ_bqdbtQyxilXJELNCfVAAAAA&pid=15.1
conflict	冲突	https://thumb.wikimedia.org/wikipedia/commons/thumb/4/41/The_Conflict_%281921%29_-_11.jpg/120px-The_Conflict_%281921%29_-_11.jpg?utm_source=commons.wikimedia.org&utm_campaign=imageinfo&utm_content=thumbnail	https://ts3.mm.bing.net/th?id=OIP.G7JBQHofKV6hPKNEZMrV-wAAAA&pid=15.1
conflicts	冲突	https://thumb.wikimedia.org/wikipedia/commons/thumb/1/11/ConflictStart.png/250px-ConflictStart.png?utm_source=commons.wikimedia.org&utm_campaign=imageinfo&utm_content=thumbnail	https://ts3.mm.bing.net/th?id=OIP.G7JBQHofKV6hPKNEZMrV-wAAAA&pid=15.1
confusingly	令人困惑地	https://thumb.wikimedia.org/wikipedia/commons/thumb/c/cd/Blacke%27s_hitch_knot.png/120px-Blacke%27s_hitch_knot.png?utm_source=commons.wikimedia.org&utm_campaign=imageinfo&utm_content=thumbnail	https://cdn-icons-png.flaticon.com/128/3062/3062575.png
connect	连接	https://thumb.wikimedia.org/wikipedia/commons/thumb/e/eb/Connect_Four_costume.jpg/250px-Connect_Four_costume.jpg?utm_source=commons.wikimedia.org&utm_campaign=imageinfo&utm_content=thumbnail	https://cdn-icons-png.flaticon.com/128/15537/15537971.png
connected	已连接	https://thumb.wikimedia.org/wikipedia/commons/thumb/3/3d/Well-connected_-_geograph.org.uk_-_426664.jpg/250px-Well-connected_-_geograph.org.uk_-_426664.jpg?utm_source=commons.wikimedia.org&utm_campaign=imageinfo&utm_content=thumbnail	https://cdn-icons-png.flaticon.com/128/15537/15537971.png
connection	连接	https://thumb.wikimedia.org/wikipedia/commons/thumb/5/57/French_connection_seizure_257.jpg/250px-French_connection_seizure_257.jpg?utm_source=commons.wikimedia.org&utm_campaign=imageinfo&utm_content=thumbnail	https://cdn-icons-png.flaticon.com/128/5500/5500929.png
connectivity	连通性	https://thumb.wikimedia.org/wikipedia/commons/thumb/5/51/Precuneus_connectivity_new.gif/250px-Precuneus_connectivity_new.gif?utm_source=commons.wikimedia.org&utm_campaign=imageinfo&utm_content=thumbnail	https://cdn-icons-png.flaticon.com/128/88/88660.png
connector	连接器	https://thumb.wikimedia.org/wikipedia/commons/thumb/c/cb/Connector_DMX512.png/250px-Connector_DMX512.png?utm_source=commons.wikimedia.org&utm_campaign=imageinfo&utm_content=thumbnail	https://ts2.mm.bing.net/th?id=OIP.Nul9fGIuAQbuIDH7Awh70wAAAA&pid=15.1
consent	同意	https://thumb.wikimedia.org/wikipedia/commons/thumb/b/ba/Silence_does_not_equal_consent.gif/250px-Silence_does_not_equal_consent.gif?utm_source=commons.wikimedia.org&utm_campaign=imageinfo&utm_content=thumbnail	https://cdn-icons-png.flaticon.com/128/4310/4310047.png
considered	被视为	https://thumb.wikimedia.org/wikipedia/commons/thumb/6/67/Animal_and_vegetable_physiology%2C_considered_with_reference_to_natural_theology%2C_by_Peter_Mark_Roget_%281834%29_%2814798888023%29.jpg/120px-Animal_and_vegetable_physiology%2C_considered_with_reference_to_natural_theology%2C_by_Peter_Mark_Roget_%281834%29_%2814798888023%29.jpg?utm_source=commons.wikimedia.org&utm_campaign=imageinfo&utm_content=thumbnail	https://ts3.mm.bing.net/th?id=OIP.pE8Arf9ucxe6Wy0oCF8AVwAAAA&pid=15.1
consistency	一致	https://thumb.wikimedia.org/wikipedia/commons/thumb/4/4c/Concord_Map.jpg/250px-Concord_Map.jpg?utm_source=commons.wikimedia.org&utm_campaign=imageinfo&utm_content=thumbnail	https://cdn-icons-png.flaticon.com/128/4729/4729459.png
consistent	一致	https://thumb.wikimedia.org/wikipedia/commons/thumb/c/c7/Self-Consistent_Double_pole_Characteristic.gif/120px-Self-Consistent_Double_pole_Characteristic.gif?utm_source=commons.wikimedia.org&utm_campaign=imageinfo&utm_content=thumbnail	https://cdn-icons-png.flaticon.com/128/4729/4729459.png
constrain	约束	https://thumb.wikimedia.org/wikipedia/commons/thumb/9/93/Polymer_chain_under_force_constrain.png/120px-Polymer_chain_under_force_constrain.png?utm_source=commons.wikimedia.org&utm_campaign=imageinfo&utm_content=thumbnail	https://cdn-icons-png.flaticon.com/128/11445/11445700.png
constraints	约束	https://upload.wikimedia.org/wikipedia/commons/d/d6/Warnings_constraints_WD.png?utm_source=commons.wikimedia.org&utm_campaign=imageinfo&utm_content=thumbnail_unscaled	https://cdn-icons-png.flaticon.com/128/11445/11445700.png
consumers	消费者	https://thumb.wikimedia.org/wikipedia/commons/thumb/6/69/The_Kodak_Salesman_%281919%29_%2814597240757%29.jpg/250px-The_Kodak_Salesman_%281919%29_%2814597240757%29.jpg?utm_source=en.wikipedia.org&utm_campaign=api&utm_content=thumbnail	https://ts4.mm.bing.net/th?id=OIP.YlntXpNQqE11KbQJFsNikgAAAA&pid=15.1
contact	联系	https://thumb.wikimedia.org/wikipedia/commons/thumb/1/1e/Contact_lens.jpg/250px-Contact_lens.jpg?utm_source=commons.wikimedia.org&utm_campaign=imageinfo&utm_content=thumbnail	https://cdn-icons-png.flaticon.com/128/1034/1034204.png
contacts	联系人	https://thumb.wikimedia.org/wikipedia/commons/thumb/4/42/Contactlenzen_Confortissimo.JPG/250px-Contactlenzen_Confortissimo.JPG?utm_source=en.wikipedia.org&utm_campaign=api&utm_content=thumbnail	https://images.icon-icons.com/328/PNG/96/contacts_blue_35131.png
contain	包含	https://thumb.wikimedia.org/wikipedia/commons/thumb/b/be/Contain_conduct_Warrant_Officer_Badge.jpg/250px-Contain_conduct_Warrant_Officer_Badge.jpg?utm_source=commons.wikimedia.org&utm_campaign=imageinfo&utm_content=thumbnail	https://ts3.mm.bing.net/th?id=OIP.BfOCI9ebVuqsQG2dtbgBmwAAAA&pid=15.1
contained	包含	https://thumb.wikimedia.org/wikipedia/commons/thumb/e/e2/Contained_brook_-_geograph.org.uk_-_630038.jpg/250px-Contained_brook_-_geograph.org.uk_-_630038.jpg?utm_source=commons.wikimedia.org&utm_campaign=imageinfo&utm_content=thumbnail	https://icons.iconarchive.com/icons/graphicloads/100-flat-2/128/file-folder-icon.png
container	容器	https://thumb.wikimedia.org/wikipedia/commons/thumb/a/a2/Pots_for_sale_in_Kenya.jpg/250px-Pots_for_sale_in_Kenya.jpg?utm_source=en.wikipedia.org&utm_campaign=api&utm_content=thumbnail	https://cdn-icons-png.flaticon.com/128/9402/9402282.png
containers	容器	https://thumb.wikimedia.org/wikipedia/commons/thumb/a/a2/Pots_for_sale_in_Kenya.jpg/250px-Pots_for_sale_in_Kenya.jpg?utm_source=en.wikipedia.org&utm_campaign=api&utm_content=thumbnail	https://cdn-icons-png.flaticon.com/128/9402/9402282.png
content	内容	https://thumb.wikimedia.org/wikipedia/commons/thumb/6/61/%27Cottage_of_Content_%27at_Carey_-_geograph.org.uk_-_885263.jpg/250px-%27Cottage_of_Content_%27at_Carey_-_geograph.org.uk_-_885263.jpg?utm_source=commons.wikimedia.org&utm_campaign=imageinfo&utm_content=thumbnail	https://cdn-icons-png.flaticon.com/128/9743/9743163.png
contents	内容	https://thumb.wikimedia.org/wikipedia/commons/thumb/c/c0/WP_immune_system_table_of_contents.png/120px-WP_immune_system_table_of_contents.png?utm_source=commons.wikimedia.org&utm_campaign=imageinfo&utm_content=thumbnail	https://ts4.mm.bing.net/th?id=OIP.99i6Y8loJdEvnoA9GfmEdgAAAA&pid=15.1
contest	竞赛	https://thumb.wikimedia.org/wikipedia/commons/thumb/4/4e/Eurovision_Song_Contest_1958_-_Margot_Hielscher.png/250px-Eurovision_Song_Contest_1958_-_Margot_Hielscher.png?utm_source=commons.wikimedia.org&utm_campaign=imageinfo&utm_content=thumbnail	https://cdn-icons-png.flaticon.com/128/12222/12222709.png
context	上下文	https://upload.wikimedia.org/wikipedia/commons/b/b5/Context_menu.png?utm_source=commons.wikimedia.org&utm_campaign=imageinfo&utm_content=thumbnail_unscaled	https://cdn-icons-png.flaticon.com/128/11651/11651111.png
continuing	持续	https://thumb.wikimedia.org/wikipedia/commons/thumb/3/3c/The_continuing_decline_of_Saxon_Cross_Hotel_10_-_geograph.org.uk_-_1389484.jpg/250px-The_continuing_decline_of_Saxon_Cross_Hotel_10_-_geograph.org.uk_-_1389484.jpg?utm_source=commons.wikimedia.org&utm_campaign=imageinfo&utm_content=thumbnail	https://cdn-icons-png.flaticon.com/128/14018/14018690.png
continuity	连续性	https://thumb.wikimedia.org/wikipedia/commons/thumb/3/39/Uniform_continuity_animation.gif/250px-Uniform_continuity_animation.gif?utm_source=commons.wikimedia.org&utm_campaign=imageinfo&utm_content=thumbnail	https://cdn-icons-png.flaticon.com/128/4727/4727293.png
continuous	持续	https://thumb.wikimedia.org/wikipedia/commons/thumb/b/b5/Continuous-rod-warhead.png/250px-Continuous-rod-warhead.png?utm_source=commons.wikimedia.org&utm_campaign=imageinfo&utm_content=thumbnail	https://ts2.mm.bing.net/th?id=OIP.71AwIVzkR_juFqoKb625lwAAAA&pid=15.1
continuously	持续地		https://ts4.mm.bing.net/th?id=OIP.tiSqnVcAiifjtIGdsa4hGgAAAA&pid=15.1
contract	合同	https://thumb.wikimedia.org/wikipedia/commons/thumb/d/db/Social_contract_rousseau_page.jpg/250px-Social_contract_rousseau_page.jpg?utm_source=commons.wikimedia.org&utm_campaign=imageinfo&utm_content=thumbnail	https://ts2.mm.bing.net/th?id=OIP.PPpE5ndAMFDruBz5rRxIJgAAAA&pid=15.1
contracts	合同	https://thumb.wikimedia.org/wikipedia/commons/thumb/a/a8/Dogovor-1323.jpg/250px-Dogovor-1323.jpg?utm_source=commons.wikimedia.org&utm_campaign=imageinfo&utm_content=thumbnail	https://cdn-icons-png.flaticon.com/128/427/427703.png
contrast	对比度	https://upload.wikimedia.org/wikipedia/commons/9/91/Contrast_high.png?utm_source=commons.wikimedia.org&utm_campaign=imageinfo&utm_content=thumbnail_unscaled	https://cdn-icons-png.flaticon.com/128/475/475980.png
contribute	贡献	https://thumb.wikimedia.org/wikipedia/commons/thumb/c/ca/Adobe_Contribute_CS4_icon.png/250px-Adobe_Contribute_CS4_icon.png?utm_source=commons.wikimedia.org&utm_campaign=imageinfo&utm_content=thumbnail	https://ts2.mm.bing.net/th?id=OIP.Efizip4wEIAkbdihVPV49AAAAA&pid=15.1
contributions	贡献	https://thumb.wikimedia.org/wikipedia/commons/thumb/6/60/M%C3%A9daille_d%27honneur_des_contributions_indirectes.png/120px-M%C3%A9daille_d%27honneur_des_contributions_indirectes.png?utm_source=commons.wikimedia.org&utm_campaign=imageinfo&utm_content=thumbnail	https://cdn-icons-png.flaticon.com/128/5431/5431360.png
contributor	贡献者	https://thumb.wikimedia.org/wikipedia/commons/thumb/f/f1/Martin_Dillon_picture_from_2020.png/120px-Martin_Dillon_picture_from_2020.png?utm_source=commons.wikimedia.org&utm_campaign=imageinfo&utm_content=thumbnail	https://cdn-icons-png.flaticon.com/128/8738/8738669.png
contributors	贡献者	https://thumb.wikimedia.org/wikipedia/commons/thumb/c/cd/Widyakarsa_Contributors_%E2%80%93_Fauzan_Noviatmoko.jpg/250px-Widyakarsa_Contributors_%E2%80%93_Fauzan_Noviatmoko.jpg?utm_source=commons.wikimedia.org&utm_campaign=imageinfo&utm_content=thumbnail	https://cdn-icons-png.flaticon.com/128/8738/8738669.png
control	控制	https://thumb.wikimedia.org/wikipedia/commons/thumb/b/b8/ControlSurfaces.gif/250px-ControlSurfaces.gif?utm_source=commons.wikimedia.org&utm_campaign=imageinfo&utm_content=thumbnail	https://ts4.mm.bing.net/th?id=OIP.J40bg841OwHKJ0LX_or0UwAAAA&pid=15.1
controllers	控制器	https://thumb.wikimedia.org/wikipedia/commons/thumb/4/46/SNES_controller.jpg/250px-SNES_controller.jpg?utm_source=commons.wikimedia.org&utm_campaign=imageinfo&utm_content=thumbnail	https://cdn-icons-png.flaticon.com/128/2331/2331852.png
controls	控件	https://thumb.wikimedia.org/wikipedia/commons/thumb/b/b8/ControlSurfaces.gif/250px-ControlSurfaces.gif?utm_source=commons.wikimedia.org&utm_campaign=imageinfo&utm_content=thumbnail	https://ts4.mm.bing.net/th?id=OIP.XKE9QPiafNEVcacELjsx6gAAAA&pid=15.1
convenience	便利	https://thumb.wikimedia.org/wikipedia/commons/thumb/c/cc/Japan_Post_Convenience_Store_Mailbox.jpg/250px-Japan_Post_Convenience_Store_Mailbox.jpg?utm_source=en.wikipedia.org&utm_campaign=api&utm_content=thumbnail	https://cdn-icons-png.flaticon.com/128/18331/18331663.png
conversation	对话	https://thumb.wikimedia.org/wikipedia/commons/thumb/9/9a/Pissarro_Conversation.jpg/250px-Pissarro_Conversation.jpg?utm_source=commons.wikimedia.org&utm_campaign=imageinfo&utm_content=thumbnail	https://cdn-icons-png.flaticon.com/128/953/953810.png
conversations	对话	https://thumb.wikimedia.org/wikipedia/commons/thumb/8/84/Octave_TASSAERT_The_Waif_-L%27abandonn%C3%A9e.jpg/250px-Octave_TASSAERT_The_Waif_-L%27abandonn%C3%A9e.jpg?utm_source=commons.wikimedia.org&utm_campaign=imageinfo&utm_content=thumbnail	https://cdn-icons-png.flaticon.com/128/953/953810.png
conversions	转化	https://thumb.wikimedia.org/wikipedia/commons/thumb/1/14/Anecdotes_of_singular_and_remarkable_conversions_front_image.jpg/250px-Anecdotes_of_singular_and_remarkable_conversions_front_image.jpg?utm_source=commons.wikimedia.org&utm_campaign=imageinfo&utm_content=thumbnail	https://cdn-icons-png.flaticon.com/128/10988/10988170.png
convert	转换	https://thumb.wikimedia.org/wikipedia/commons/thumb/d/dc/To_Convert_or_Not_To_Convert_-_geograph.org.uk_-_843710.jpg/250px-To_Convert_or_Not_To_Convert_-_geograph.org.uk_-_843710.jpg?utm_source=commons.wikimedia.org&utm_campaign=imageinfo&utm_content=thumbnail	https://ts4.mm.bing.net/th?id=OIP.q4z0GkgYlYnG9m0Aon14nwAAAA&pid=15.1
cookie	cookie	https://thumb.wikimedia.org/wikipedia/commons/thumb/b/b4/Choco_chip_cookie.png/250px-Choco_chip_cookie.png?utm_source=en.wikipedia.org&utm_campaign=api&utm_content=thumbnail	https://cdn-icons-png.flaticon.com/128/1047/1047813.png
cookies	cookie	https://thumb.wikimedia.org/wikipedia/commons/thumb/b/b4/Choco_chip_cookie.png/250px-Choco_chip_cookie.png?utm_source=en.wikipedia.org&utm_campaign=api&utm_content=thumbnail	https://images.icon-icons.com/964/PNG/96/cookies_icon-icons.com_74638.png
coordinate	协调	https://thumb.wikimedia.org/wikipedia/commons/thumb/4/4f/3D_Spherical.svg/250px-3D_Spherical.svg.png?utm_source=en.wikipedia.org&utm_campaign=api&utm_content=thumbnail	https://cdn-icons-png.flaticon.com/128/9098/9098307.png
coordinated	已协调	https://upload.wikimedia.org/wikipedia/commons/1/12/Map_coordinate_system.gif?utm_source=commons.wikimedia.org&utm_campaign=imageinfo&utm_content=thumbnail_unscaled	https://ts4.mm.bing.net/th?id=OIP.ABbfkFUE4HETtmD9VLfg6gAAAA&pid=15.1
coordinating	协调	https://upload.wikimedia.org/wikipedia/commons/f/f1/Rizal_Ramli_Coordinating_Minister_of_Maritime_2015.jpg?utm_source=commons.wikimedia.org&utm_campaign=imageinfo&utm_content=thumbnail_unscaled	https://cdn-icons-png.flaticon.com/128/12450/12450711.png
copies	副本	https://upload.wikimedia.org/wikipedia/commons/6/69/Branko_Copic.jpg?utm_source=commons.wikimedia.org&utm_campaign=imageinfo&utm_content=thumbnail_unscaled	https://images.icon-icons.com/37/PNG/96/copy_4221.png
copy	复制	https://thumb.wikimedia.org/wikipedia/commons/thumb/4/44/Ardabil_Carpet_Copy_.jpg/250px-Ardabil_Carpet_Copy_.jpg?utm_source=commons.wikimedia.org&utm_campaign=imageinfo&utm_content=thumbnail	https://icons.iconarchive.com/icons/icons8/windows-8/128/Editing-Copy-icon.png
copyright	版权	https://thumb.wikimedia.org/wikipedia/commons/thumb/1/1c/Intellectual_property_Noun_project.svg/250px-Intellectual_property_Noun_project.svg.png?utm_source=en.wikipedia.org&utm_campaign=api&utm_content=thumbnail	https://ts4.mm.bing.net/th?id=OIP.QP9tsOlm9k9OULdMI-lEhwAAAA&pid=15.1
core	核心	https://thumb.wikimedia.org/wikipedia/commons/thumb/8/86/Granitic_core_Stillwater_sw5.jpg/60px-Granitic_core_Stillwater_sw5.jpg?utm_source=commons.wikimedia.org&utm_campaign=imageinfo&utm_content=thumbnail	https://cdn-icons-png.flaticon.com/128/9727/9727226.png
correct	正确	https://upload.wikimedia.org/wikipedia/commons/2/26/Correct_the_Record_Photo-5.jpg?utm_source=commons.wikimedia.org&utm_campaign=imageinfo&utm_content=thumbnail_unscaled	https://cdn-icons-png.flaticon.com/128/4436/4436481.png
correction	更正		https://cdn-icons-png.flaticon.com/128/5368/5368621.png
correctly	正确地	https://thumb.wikimedia.org/wikipedia/commons/thumb/7/74/Correctly_exposed_histogram.jpg/250px-Correctly_exposed_histogram.jpg?utm_source=commons.wikimedia.org&utm_campaign=imageinfo&utm_content=thumbnail	https://ts3.mm.bing.net/th?id=OIP.codbDYNB1VD5239X8Z5ErgAAAA&pid=15.1
cost	成本	https://thumb.wikimedia.org/wikipedia/commons/thumb/b/be/US_criminal_justice_cost_timeline.gif/250px-US_criminal_justice_cost_timeline.gif?utm_source=commons.wikimedia.org&utm_campaign=imageinfo&utm_content=thumbnail	https://cdn-icons-png.flaticon.com/128/8435/8435689.png
costly	昂贵	https://upload.wikimedia.org/wikipedia/commons/e/e1/Civil_War_News_43_-_COSTLY_MISTAKE_back.jpg?utm_source=commons.wikimedia.org&utm_campaign=imageinfo&utm_content=thumbnail_unscaled	https://cdn3.iconfinder.com/data/icons/miscellaneous-77-solid/128/valuable_precious_costly_expensive_overpriced_currency_wealth_spending-128.png
costs	成本	https://thumb.wikimedia.org/wikipedia/commons/thumb/1/17/EVR_Eco-costs_costs_value_bars.gif/250px-EVR_Eco-costs_costs_value_bars.gif?utm_source=commons.wikimedia.org&utm_campaign=imageinfo&utm_content=thumbnail	https://ts4.mm.bing.net/th?id=OIP.1CuEDIwerhguLm6mN-Z7kwAAAA&pid=15.1
could	可以	https://thumb.wikimedia.org/wikipedia/commons/thumb/7/71/Bookman_Ornament_9617_%28bookshelf%29.svg/250px-Bookman_Ornament_9617_%28bookshelf%29.svg.png?utm_source=en.wikipedia.org&utm_campaign=api&utm_content=thumbnail	https://cdn-icons-png.flaticon.com/128/11055/11055883.png
counsel	顾问	https://thumb.wikimedia.org/wikipedia/commons/thumb/5/52/Tissot_Abram%27s_Counsel_to_Sarai.jpg/250px-Tissot_Abram%27s_Counsel_to_Sarai.jpg?utm_source=commons.wikimedia.org&utm_campaign=imageinfo&utm_content=thumbnail	https://cdn-icons-png.flaticon.com/128/2253/2253890.png
count	计数	https://thumb.wikimedia.org/wikipedia/commons/thumb/6/61/Johan_Erik_Lindh_-_Portrait_of_Carl_Gustaf_Mannerheim_%281797-1854%29.jpg/250px-Johan_Erik_Lindh_-_Portrait_of_Carl_Gustaf_Mannerheim_%281797-1854%29.jpg?utm_source=en.wikipedia.org&utm_campaign=api&utm_content=thumbnail	https://cdn-icons-png.flaticon.com/128/2132/2132346.png
counts	计数	https://thumb.wikimedia.org/wikipedia/commons/thumb/6/61/Johan_Erik_Lindh_-_Portrait_of_Carl_Gustaf_Mannerheim_%281797-1854%29.jpg/250px-Johan_Erik_Lindh_-_Portrait_of_Carl_Gustaf_Mannerheim_%281797-1854%29.jpg?utm_source=en.wikipedia.org&utm_campaign=api&utm_content=thumbnail	https://cdn-icons-png.flaticon.com/128/1329/1329886.png
coupons	优惠券	https://thumb.wikimedia.org/wikipedia/commons/thumb/9/99/Tem_phi%E1%BA%BFu_th%E1%BB%9Di_bao_c%E1%BA%A5p.jpg/250px-Tem_phi%E1%BA%BFu_th%E1%BB%9Di_bao_c%E1%BA%A5p.jpg?utm_source=en.wikipedia.org&utm_campaign=api&utm_content=thumbnail	https://ts2.mm.bing.net/th?id=OIP.leefaXC9V1Hl2AeCVCEt4gAAAA&pid=15.1
courage	勇气	https://thumb.wikimedia.org/wikipedia/commons/thumb/5/55/Plate_7_from_%22The_Disasters_of_War%27_%28Los_Desastres_de_la_Guerra%29-_What_courage%21_%28Que_valor%21%29_MET_MM13446.jpg/250px-Plate_7_from_%22The_Disasters_of_War%27_%28Los_Desastres_de_la_Guerra%29-_What_courage%21_%28Que_valor%21%29_MET_MM13446.jpg?utm_source=en.wikipedia.org&utm_campaign=api&utm_content=thumbnail	https://cdn-icons-png.flaticon.com/128/584/584641.png
course	课程	https://thumb.wikimedia.org/wikipedia/commons/thumb/4/4b/Sunrise_on_the_golf_course_-_geograph.org.uk_-_631591.jpg/250px-Sunrise_on_the_golf_course_-_geograph.org.uk_-_631591.jpg?utm_source=commons.wikimedia.org&utm_campaign=imageinfo&utm_content=thumbnail	https://cdn-icons-png.flaticon.com/128/15748/15748424.png
cover	覆盖	https://upload.wikimedia.org/wikipedia/commons/f/f1/Cover_Southern_horrors.png?utm_source=commons.wikimedia.org&utm_campaign=imageinfo&utm_content=thumbnail_unscaled	https://icons.iconarchive.com/icons/tribalmarkings/colorflow/128/dvd-covers-icon.png
coverage	覆盖	https://thumb.wikimedia.org/wikipedia/commons/thumb/7/75/Coverage_Board.jpg/250px-Coverage_Board.jpg?utm_source=commons.wikimedia.org&utm_campaign=imageinfo&utm_content=thumbnail	https://cdn-icons-png.flaticon.com/128/6633/6633297.png
covered	已覆盖	https://thumb.wikimedia.org/wikipedia/commons/thumb/0/0d/Covered%28roofed%29_bridge_Lovech_at_night.jpg/250px-Covered%28roofed%29_bridge_Lovech_at_night.jpg?utm_source=commons.wikimedia.org&utm_campaign=imageinfo&utm_content=thumbnail	https://ts1.mm.bing.net/th?id=OIP.N3zlIhuR85RnVxkU1TfnOwAAAA&pid=15.1
covers	覆盖	https://thumb.wikimedia.org/wikipedia/commons/thumb/0/07/Daijish%C5%8D_%28book_cover_version%29.jpg/250px-Daijish%C5%8D_%28book_cover_version%29.jpg?utm_source=commons.wikimedia.org&utm_campaign=imageinfo&utm_content=thumbnail	https://icons.iconarchive.com/icons/tribalmarkings/colorflow/128/dvd-covers-icon.png
cpq	CPQ	https://upload.wikimedia.org/wikipedia/commons/5/57/Tomomi_Inada_LDP_Representative_March_28%2C_2008.jpg?utm_source=commons.wikimedia.org&utm_campaign=imageinfo&utm_content=thumbnail_unscaled	https://ts1.mm.bing.net/th?id=OIP.uk0L6cHjA-TuskRld09EbwAAAA&pid=15.1
cpu	CPU	https://thumb.wikimedia.org/wikipedia/commons/thumb/0/0a/Intel_i9-14900KF_CPU.jpg/250px-Intel_i9-14900KF_CPU.jpg?utm_source=en.wikipedia.org&utm_campaign=api&utm_content=thumbnail	https://cdn-icons-png.flaticon.com/128/689/689379.png
crafts	技艺	https://thumb.wikimedia.org/wikipedia/commons/thumb/9/9a/Craft_fair_and_folk_festival_Bangladesh_2024_at_Sonargaon_museum_35.jpg/250px-Craft_fair_and_folk_festival_Bangladesh_2024_at_Sonargaon_museum_35.jpg?utm_source=en.wikipedia.org&utm_campaign=api&utm_content=thumbnail	https://cdn-icons-png.flaticon.com/128/3813/3813693.png
crashing	崩溃	https://thumb.wikimedia.org/wikipedia/commons/thumb/0/03/Lionel_Walden_-_Crashing_Surf.jpg/250px-Lionel_Walden_-_Crashing_Surf.jpg?utm_source=commons.wikimedia.org&utm_campaign=imageinfo&utm_content=thumbnail	https://cdn-icons-png.flaticon.com/128/10692/10692763.png
create	创建	https://thumb.wikimedia.org/wikipedia/commons/thumb/e/ed/Create_Centre_-_geograph.org.uk_-_129753.jpg/250px-Create_Centre_-_geograph.org.uk_-_129753.jpg?utm_source=commons.wikimedia.org&utm_campaign=imageinfo&utm_content=thumbnail	https://ts2.mm.bing.net/th?id=OIP.YtzOCzq9T2YU3wgLmPqilwAAAA&pid=15.1
creates	创建	https://thumb.wikimedia.org/wikipedia/commons/thumb/7/74/Volunteer_creates_Ben_Breedlove_florograph..jpg/250px-Volunteer_creates_Ben_Breedlove_florograph..jpg?utm_source=commons.wikimedia.org&utm_campaign=imageinfo&utm_content=thumbnail	https://ts4.mm.bing.net/th?id=OIP.Fmi8VAMTKAt67UL7GFlqNwAAAA&pid=15.1
creating	创建	https://thumb.wikimedia.org/wikipedia/commons/thumb/d/d8/Coral_atoll_formation_animation.gif/250px-Coral_atoll_formation_animation.gif?utm_source=commons.wikimedia.org&utm_campaign=imageinfo&utm_content=thumbnail	https://ts1.mm.bing.net/th?id=OIP.IDaGoYD-j9NXdgiml7x7xAAAAA&pid=15.1
creative	创意	https://thumb.wikimedia.org/wikipedia/commons/thumb/7/73/Chung_Hsing_Cultural_and_Creative_Park_logo.png/250px-Chung_Hsing_Cultural_and_Creative_Park_logo.png?utm_source=commons.wikimedia.org&utm_campaign=imageinfo&utm_content=thumbnail	https://ts1.mm.bing.net/th?id=OIP.tHqFeWGFQrSHAXLpQV1d7gAAAA&pid=15.1
creatives	创意人员	https://upload.wikimedia.org/wikipedia/commons/3/34/Cruces_Creatives_Logo.png?utm_source=commons.wikimedia.org&utm_campaign=imageinfo&utm_content=thumbnail_unscaled	https://ts3.mm.bing.net/th?id=OIP.lXjLkcvXZ0Hix3E98_UauQAAAA&pid=15.1
credential	凭证	https://thumb.wikimedia.org/wikipedia/commons/thumb/d/d0/Chamran_Credential.jpg/250px-Chamran_Credential.jpg?utm_source=commons.wikimedia.org&utm_campaign=imageinfo&utm_content=thumbnail	https://images.icon-icons.com/4309/PNG/96/credential_achievement_qualification_award_diploma_certificate_icon_267204.png
credentials	凭证	https://thumb.wikimedia.org/wikipedia/commons/thumb/9/98/Nomura_presenting_credentials_to_Roosevelt_at_White_House.jpg/250px-Nomura_presenting_credentials_to_Roosevelt_at_White_House.jpg?utm_source=commons.wikimedia.org&utm_campaign=imageinfo&utm_content=thumbnail	https://ts2.mm.bing.net/th?id=OIP.ytptRRFPUY0XTuY9Ie4rYwAAAA&pid=15.1
credit	信用	https://thumb.wikimedia.org/wikipedia/commons/thumb/4/4f/Credit-cards.jpg/250px-Credit-cards.jpg?utm_source=en.wikipedia.org&utm_campaign=api&utm_content=thumbnail	https://cdn-icons-png.flaticon.com/128/4334/4334690.png
credits	学分	https://thumb.wikimedia.org/wikipedia/commons/thumb/7/78/Facebook_credits_World_Logo.png/250px-Facebook_credits_World_Logo.png?utm_source=commons.wikimedia.org&utm_campaign=imageinfo&utm_content=thumbnail	https://cdn-icons-png.flaticon.com/128/4334/4334690.png
creepy	阴森		https://ts2.mm.bing.net/th?id=OIP.P0YjmW_gYS1Cvk0PEgUCqwAAAA&pid=15.1
crisis	危机	https://thumb.wikimedia.org/wikipedia/commons/thumb/1/1b/EXCOMM_meeting%2C_Cuban_Missile_Crisis%2C_29_October_1962.jpg/250px-EXCOMM_meeting%2C_Cuban_Missile_Crisis%2C_29_October_1962.jpg?utm_source=en.wikipedia.org&utm_campaign=api&utm_content=thumbnail	https://ts3.mm.bing.net/th?id=OIP.qH0_NXv0OQP0nrAk_CLCTwAAAA&pid=15.1
crisp	清晰	https://thumb.wikimedia.org/wikipedia/commons/thumb/c/c7/Zebra_chip_crisps.png/250px-Zebra_chip_crisps.png?utm_source=commons.wikimedia.org&utm_campaign=imageinfo&utm_content=thumbnail	https://ts4.mm.bing.net/th?id=OIP.JYmx3R-nW2iq3nInjoNYswAAAA&pid=15.1
criteria	标准	https://thumb.wikimedia.org/wikipedia/commons/thumb/1/14/Wikimania_Scholarship_Criteria_-_2012.png/250px-Wikimania_Scholarship_Criteria_-_2012.png?utm_source=commons.wikimedia.org&utm_campaign=imageinfo&utm_content=thumbnail	https://cdn-icons-png.flaticon.com/128/8347/8347446.png
critical	关键	https://thumb.wikimedia.org/wikipedia/commons/thumb/9/9a/Orbit_of_critical_point_z%3D0%2C_under_f%28-2%29%2C.jpg/250px-Orbit_of_critical_point_z%3D0%2C_under_f%28-2%29%2C.jpg?utm_source=commons.wikimedia.org&utm_campaign=imageinfo&utm_content=thumbnail	https://ts2.mm.bing.net/th?id=OIP.YsPAZLCdmezlBBCijyrjtAAAAA&pid=15.1
critique	点评	https://thumb.wikimedia.org/wikipedia/commons/thumb/7/70/Critique_of_the_Theory_of_Evolution_Fig_007.jpg/250px-Critique_of_the_Theory_of_Evolution_Fig_007.jpg?utm_source=commons.wikimedia.org&utm_campaign=imageinfo&utm_content=thumbnail	https://cdn-icons-png.flaticon.com/128/7959/7959289.png
crm	CRM	https://thumb.wikimedia.org/wikipedia/commons/thumb/1/17/CRM_Company_Options.jpg/250px-CRM_Company_Options.jpg?utm_source=commons.wikimedia.org&utm_campaign=imageinfo&utm_content=thumbnail	https://cdn-icons-png.flaticon.com/128/5706/5706401.png
cross	交叉	https://thumb.wikimedia.org/wikipedia/commons/thumb/b/b5/Cross2.svg/250px-Cross2.svg.png?utm_source=en.wikipedia.org&utm_campaign=api&utm_content=thumbnail	https://ts3.mm.bing.net/th?id=OIP.uK6y2lLArJFv1UinnkBrowAAAA&pid=15.1
crowd	人群	https://thumb.wikimedia.org/wikipedia/commons/thumb/7/7c/Crowd_in_street.jpg/250px-Crowd_in_street.jpg?utm_source=en.wikipedia.org&utm_campaign=api&utm_content=thumbnail	https://cdn-icons-png.flaticon.com/128/1293/1293155.png
crowded	拥挤	https://thumb.wikimedia.org/wikipedia/commons/thumb/2/20/Crowded_Nanjing_Road_in_Shanghai.jpeg/250px-Crowded_Nanjing_Road_in_Shanghai.jpeg?utm_source=commons.wikimedia.org&utm_campaign=imageinfo&utm_content=thumbnail	https://ts4.mm.bing.net/th?id=OIP.UtfK3kSaG4y62ShOQAifMwAAAA&pid=15.1
csat	满意度	https://upload.wikimedia.org/wikipedia/commons/e/e3/Csat_%28stiliz%C3%A1lt%29_fr_--_fermail.PNG?utm_source=commons.wikimedia.org&utm_campaign=imageinfo&utm_content=thumbnail_unscaled	https://ts2.mm.bing.net/th?id=OIP.mOKWlLkbsStioA9JQLCVxAAAAA&pid=15.1
cues	提示	https://thumb.wikimedia.org/wikipedia/commons/thumb/2/21/Siegelmarke_B%C3%BCrgermeister_-_Amt_-_Berncastel-Cues_W0232679.jpg/250px-Siegelmarke_B%C3%BCrgermeister_-_Amt_-_Berncastel-Cues_W0232679.jpg?utm_source=commons.wikimedia.org&utm_campaign=imageinfo&utm_content=thumbnail	https://ts4.mm.bing.net/th?id=OIP.tT1_Bey9mT45gOXjp0m3gAAAAA&pid=15.1
cull	淘汰	https://thumb.wikimedia.org/wikipedia/commons/thumb/a/af/At_the_drafting_race_from_The_Powerhouse_Museum_Collection.jpg/250px-At_the_drafting_race_from_The_Powerhouse_Museum_Collection.jpg?utm_source=en.wikipedia.org&utm_campaign=api&utm_content=thumbnail	https://ts4.mm.bing.net/th?id=OIP.nzyGvbzkyzdf73d89ONL8wAAAA&pid=15.1
cult	风气	https://thumb.wikimedia.org/wikipedia/commons/thumb/9/9e/Cult%2C_Exeter_-_geograph.org.uk_-_628168.jpg/250px-Cult%2C_Exeter_-_geograph.org.uk_-_628168.jpg?utm_source=commons.wikimedia.org&utm_campaign=imageinfo&utm_content=thumbnail	https://cdn-icons-png.flaticon.com/128/4127/4127193.png
culture	文化	https://thumb.wikimedia.org/wikipedia/commons/thumb/8/8b/9_Bisonte_Magdaleniense_pol%C3%ADcromo.jpg/250px-9_Bisonte_Magdaleniense_pol%C3%ADcromo.jpg?utm_source=en.wikipedia.org&utm_campaign=api&utm_content=thumbnail	https://ts2.mm.bing.net/th?id=OIP.XhHtK8d1F5ICEphlaWnyGwAAAA&pid=15.1
cultures	文化	https://thumb.wikimedia.org/wikipedia/commons/thumb/8/8b/9_Bisonte_Magdaleniense_pol%C3%ADcromo.jpg/250px-9_Bisonte_Magdaleniense_pol%C3%ADcromo.jpg?utm_source=en.wikipedia.org&utm_campaign=api&utm_content=thumbnail	https://ts2.mm.bing.net/th?id=OIP.XhHtK8d1F5ICEphlaWnyGwAAAA&pid=15.1
curated	精选	https://upload.wikimedia.org/wikipedia/commons/1/19/Curation_Bar_Icon_Info.png?utm_source=commons.wikimedia.org&utm_campaign=imageinfo&utm_content=thumbnail_unscaled	https://ts1.mm.bing.net/th?id=OIP.byjqanv6E-gIqbdoXGBeDQAAAA&pid=15.1
curation	策展	https://upload.wikimedia.org/wikipedia/commons/1/19/Curation_Bar_Icon_Info.png?utm_source=commons.wikimedia.org&utm_campaign=imageinfo&utm_content=thumbnail_unscaled	https://ts2.mm.bing.net/th?id=OIP.muflK_tTlM0vM2PJ6ZqwuQAAAA&pid=15.1
curiosity	好奇	https://thumb.wikimedia.org/wikipedia/commons/thumb/6/60/Kom%C3%A9ta_C-2020_F3_%28NEOWISE%29.jpg/250px-Kom%C3%A9ta_C-2020_F3_%28NEOWISE%29.jpg?utm_source=en.wikipedia.org&utm_campaign=api&utm_content=thumbnail	https://cdn-icons-png.flaticon.com/128/7565/7565182.png
currencies	货币	https://upload.wikimedia.org/wikipedia/commons/3/3c/25_Yeni_Kuru%C5%9F_b.png?utm_source=commons.wikimedia.org&utm_campaign=imageinfo&utm_content=thumbnail_unscaled	https://ts3.mm.bing.net/th?id=OIP.o0Tr24f1vCsSkXKvnzeZTwAAAA&pid=15.1
currency	货币	https://thumb.wikimedia.org/wikipedia/commons/thumb/9/94/Mxn_currency.png/250px-Mxn_currency.png?utm_source=commons.wikimedia.org&utm_campaign=imageinfo&utm_content=thumbnail	https://ts4.mm.bing.net/th?id=OIP.mO35nQ3C2i38YBx08OD5dgAAAA&pid=15.1
current	当前	https://thumb.wikimedia.org/wikipedia/commons/thumb/a/a7/Insulator_current_tibetan.PNG/250px-Insulator_current_tibetan.PNG?utm_source=commons.wikimedia.org&utm_campaign=imageinfo&utm_content=thumbnail	https://ts4.mm.bing.net/th?id=OIP.Ti-DBHIY54nfJwK0W8j5jAAAAA&pid=15.1
cursor	光标	https://thumb.wikimedia.org/wikipedia/commons/thumb/c/c3/Gerard_de_Lairesse%2C_The_Clemency_of_Lucius_Papirius_Cursor%2C_1688%2C_The_Hague%2C_Binnenhof.jpg/250px-Gerard_de_Lairesse%2C_The_Clemency_of_Lucius_Papirius_Cursor%2C_1688%2C_The_Hague%2C_Binnenhof.jpg?utm_source=commons.wikimedia.org&utm_campaign=imageinfo&utm_content=thumbnail	https://icons.iconarchive.com/icons/iconsmind/outline/128/Cursor-icon.png
custodians	保管人	https://thumb.wikimedia.org/wikipedia/commons/thumb/4/4a/Devils_Tower_Custodians_Residence.jpg/250px-Devils_Tower_Custodians_Residence.jpg?utm_source=commons.wikimedia.org&utm_campaign=imageinfo&utm_content=thumbnail	https://ts3.mm.bing.net/th?id=OIP.OkORIkcN1SmXtLa8aaXdKwAAAA&pid=15.1
custom	自定义	https://thumb.wikimedia.org/wikipedia/commons/thumb/6/68/Google_Custom_Search_Beta_Logo.png/250px-Google_Custom_Search_Beta_Logo.png?utm_source=commons.wikimedia.org&utm_campaign=imageinfo&utm_content=thumbnail	https://media.forgecdn.net/avatars/thumbnails/815/431/64/64/638191588109644342.png
customer	客户	https://thumb.wikimedia.org/wikipedia/commons/thumb/f/f2/Market_Scene_with_Vendor_and_Customers_-_Zacatlan_-_Puebla_-_Mexico_%2852208328324%29.jpg/250px-Market_Scene_with_Vendor_and_Customers_-_Zacatlan_-_Puebla_-_Mexico_%2852208328324%29.jpg?utm_source=en.wikipedia.org&utm_campaign=api&utm_content=thumbnail	https://cdn-icons-png.flaticon.com/128/686/686348.png
customers	客户	https://thumb.wikimedia.org/wikipedia/commons/thumb/f/f2/Market_Scene_with_Vendor_and_Customers_-_Zacatlan_-_Puebla_-_Mexico_%2852208328324%29.jpg/250px-Market_Scene_with_Vendor_and_Customers_-_Zacatlan_-_Puebla_-_Mexico_%2852208328324%29.jpg?utm_source=en.wikipedia.org&utm_campaign=api&utm_content=thumbnail	https://cdn-icons-png.flaticon.com/128/9792/9792988.png
customs	海关	https://thumb.wikimedia.org/wikipedia/commons/thumb/1/14/Netherlands_Customs_Douane_Schiphol_Airport.jpg/250px-Netherlands_Customs_Douane_Schiphol_Airport.jpg?utm_source=en.wikipedia.org&utm_campaign=api&utm_content=thumbnail	https://icons.iconarchive.com/icons/microsoft/fluentui-emoji-mono/128/Customs-icon.png
cutover	切换	https://thumb.wikimedia.org/wikipedia/commons/thumb/3/3d/DTV_cutover_logo.png/250px-DTV_cutover_logo.png?utm_source=commons.wikimedia.org&utm_campaign=imageinfo&utm_content=thumbnail	https://ts1.mm.bing.net/th?id=OIP.obK2m036fFS6u41iCTTsBgAAAA&pid=15.1
cutovers	切换	https://thumb.wikimedia.org/wikipedia/commons/thumb/3/3d/DTV_cutover_logo.png/250px-DTV_cutover_logo.png?utm_source=commons.wikimedia.org&utm_campaign=imageinfo&utm_content=thumbnail	https://ts3.mm.bing.net/th?id=OIP.PNTKyQnWduZvgi9EAac84QAAAA&pid=15.1
cves	漏洞	https://thumb.wikimedia.org/wikipedia/commons/thumb/c/c1/USS_Bismarck_Sea_%28CVE-95%29_at_anchor_in_Majuro_Atoll%2C_circa_in_1944.jpg/250px-USS_Bismarck_Sea_%28CVE-95%29_at_anchor_in_Majuro_Atoll%2C_circa_in_1944.jpg?utm_source=commons.wikimedia.org&utm_campaign=imageinfo&utm_content=thumbnail	https://ts3.mm.bing.net/th?id=OIP.txyrI507leeHF93c-UioxgAAAA&pid=15.1
cycle	周期		https://cdn-icons-png.flaticon.com/128/7267/7267524.png
cycles	周期	https://thumb.wikimedia.org/wikipedia/commons/thumb/f/fc/No_cycles_-_geograph.org.uk_-_1566116.jpg/250px-No_cycles_-_geograph.org.uk_-_1566116.jpg?utm_source=commons.wikimedia.org&utm_campaign=imageinfo&utm_content=thumbnail	https://cdn-icons-png.flaticon.com/128/7267/7267524.png
daily	每日	https://thumb.wikimedia.org/wikipedia/commons/thumb/e/ec/The_Daily_Courant.png/250px-The_Daily_Courant.png?utm_source=commons.wikimedia.org&utm_campaign=imageinfo&utm_content=thumbnail	https://cdn-icons-png.flaticon.com/128/10754/10754993.png
dark	暗	https://thumb.wikimedia.org/wikipedia/commons/thumb/7/7e/Creation_of_Light.png/250px-Creation_of_Light.png?utm_source=en.wikipedia.org&utm_campaign=api&utm_content=thumbnail	https://ts4.mm.bing.net/th?id=OIP.1MjW4ka0GhizkXp-XCJEpwAAAA&pid=15.1
dashboards	仪表盘	https://thumb.wikimedia.org/wikipedia/commons/thumb/8/8a/Bentley_Continental_GTC_011.JPG/250px-Bentley_Continental_GTC_011.JPG?utm_source=en.wikipedia.org&utm_campaign=api&utm_content=thumbnail	https://cdn-icons-png.flaticon.com/128/11264/11264787.png
data	数据	https://thumb.wikimedia.org/wikipedia/commons/thumb/6/6d/Data_types_-_en.svg/250px-Data_types_-_en.svg.png?utm_source=en.wikipedia.org&utm_campaign=api&utm_content=thumbnail	https://cdn-icons-png.flaticon.com/128/11358/11358025.png
database	数据库	https://thumb.wikimedia.org/wikipedia/commons/thumb/f/f2/DVD_Rental_Query.png/250px-DVD_Rental_Query.png?utm_source=en.wikipedia.org&utm_campaign=api&utm_content=thumbnail	https://ts1.mm.bing.net/th?id=OIP.J9w-HtFiEdH8ttDXK_iQbQAAAA&pid=15.1
databases	数据库	https://thumb.wikimedia.org/wikipedia/commons/thumb/f/f2/DVD_Rental_Query.png/250px-DVD_Rental_Query.png?utm_source=en.wikipedia.org&utm_campaign=api&utm_content=thumbnail	https://ts1.mm.bing.net/th?id=OIP.J9w-HtFiEdH8ttDXK_iQbQAAAA&pid=15.1
datasets	数据集	https://upload.wikimedia.org/wikipedia/commons/c/c8/Mdb_database_shortcut_icon.png?utm_source=commons.wikimedia.org&utm_campaign=imageinfo&utm_content=thumbnail_unscaled	https://ts1.mm.bing.net/th?id=OIP.UTXYlykoQrbdH1Rq9SnEjwAAAA&pid=15.1
date	日期	https://thumb.wikimedia.org/wikipedia/commons/thumb/a/a6/Hokkaido_Date-city.png/250px-Hokkaido_Date-city.png?utm_source=commons.wikimedia.org&utm_campaign=imageinfo&utm_content=thumbnail	https://ts4.mm.bing.net/th?id=OIP.medjog2vn7A7V1iw_kAYrgAAAA&pid=15.1
dated	过时	https://thumb.wikimedia.org/wikipedia/commons/thumb/0/08/Stamp_of_Afghanistan_-_1894_-_Colnect_425269_-_National_Coat_of_Arms_undated.jpeg/250px-Stamp_of_Afghanistan_-_1894_-_Colnect_425269_-_National_Coat_of_Arms_undated.jpeg?utm_source=commons.wikimedia.org&utm_campaign=imageinfo&utm_content=thumbnail	https://ts3.mm.bing.net/th?id=OIP.VsKZXiC-kuZLhzadYPQy7gAAAA&pid=15.1
dates	日期	https://upload.wikimedia.org/wikipedia/commons/2/2d/Cultivation_of_Dates_-_Stamp_-_Tunisia_1926.jpg?utm_source=commons.wikimedia.org&utm_campaign=imageinfo&utm_content=thumbnail_unscaled	https://cdn-icons-png.flaticon.com/128/1389/1389446.png
day	天	https://thumb.wikimedia.org/wikipedia/commons/thumb/1/11/Earth_Day_assembly_at_USM.jpg/250px-Earth_Day_assembly_at_USM.jpg?utm_source=commons.wikimedia.org&utm_campaign=imageinfo&utm_content=thumbnail	https://cdn-icons-png.flaticon.com/128/5067/5067893.png
daylight	夏令时	https://thumb.wikimedia.org/wikipedia/commons/thumb/9/99/Daylight.png/250px-Daylight.png?utm_source=en.wikipedia.org&utm_campaign=api&utm_content=thumbnail	https://cdn-icons-png.flaticon.com/128/286/286613.png
days	天	https://thumb.wikimedia.org/wikipedia/commons/thumb/1/11/Earth_Day_assembly_at_USM.jpg/250px-Earth_Day_assembly_at_USM.jpg?utm_source=commons.wikimedia.org&utm_campaign=imageinfo&utm_content=thumbnail	https://ts1.mm.bing.net/th?id=OIP.3I2yIuHS6vHYQBPtC0vrtQAAAA&pid=15.1
ddos	DDoS	https://thumb.wikimedia.org/wikipedia/commons/thumb/3/3f/Stachledraht_DDos_Attack.svg/250px-Stachledraht_DDos_Attack.svg.png?utm_source=en.wikipedia.org&utm_campaign=api&utm_content=thumbnail	https://cdn-icons-png.flaticon.com/128/4046/4046203.png
dead	失效	https://thumb.wikimedia.org/wikipedia/commons/thumb/2/24/Hendrick_Andriessen_-_Vanity_Piece_-_1914-DE_-_Museum_of_Fine_Arts_Ghent_%28MSK%29.jpg/250px-Hendrick_Andriessen_-_Vanity_Piece_-_1914-DE_-_Museum_of_Fine_Arts_Ghent_%28MSK%29.jpg?utm_source=en.wikipedia.org&utm_campaign=api&utm_content=thumbnail	https://ts2.mm.bing.net/th?id=OIP.MQIaMZu9aPR7GeVjhqoYuQAAAA&pid=15.1
deadlines	截止日期	https://upload.wikimedia.org/wikipedia/commons/b/b8/Ddl_southparkdemon_sad.png?utm_source=commons.wikimedia.org&utm_campaign=imageinfo&utm_content=thumbnail_unscaled	https://cdn-icons-png.flaticon.com/128/1378/1378330.png
deal	交易	https://thumb.wikimedia.org/wikipedia/commons/thumb/e/e2/Portobello_Court%2C_Deal_-_geograph.org.uk_-_3045717.jpg/250px-Portobello_Court%2C_Deal_-_geograph.org.uk_-_3045717.jpg?utm_source=commons.wikimedia.org&utm_campaign=imageinfo&utm_content=thumbnail	https://cdn-icons-png.flaticon.com/128/5412/5412794.png
deals	交易	https://thumb.wikimedia.org/wikipedia/commons/thumb/d/db/Golden_Street%2C_Deal_-_geograph.org.uk_-_1413929.jpg/250px-Golden_Street%2C_Deal_-_geograph.org.uk_-_1413929.jpg?utm_source=commons.wikimedia.org&utm_campaign=imageinfo&utm_content=thumbnail	https://cdn-icons-png.flaticon.com/128/5412/5412794.png
debates	辩论	https://thumb.wikimedia.org/wikipedia/commons/thumb/6/6c/Mughal43.jpg/250px-Mughal43.jpg?utm_source=en.wikipedia.org&utm_campaign=api&utm_content=thumbnail	https://cdn-icons-png.flaticon.com/128/6705/6705286.png
debit	借记	https://upload.wikimedia.org/wikipedia/commons/b/ba/Tamil_debit_sign.png?utm_source=commons.wikimedia.org&utm_campaign=imageinfo&utm_content=thumbnail_unscaled	https://ts2.mm.bing.net/th?id=OIF.2bhYeOSOeJP0nwna7LvvxA&pid=15.1
debrief	复盘	https://thumb.wikimedia.org/wikipedia/commons/thumb/3/3d/G_for_George_crew_debriefing_27_Nov_1943_AWM_069823.jpg/250px-G_for_George_crew_debriefing_27_Nov_1943_AWM_069823.jpg?utm_source=commons.wikimedia.org&utm_campaign=imageinfo&utm_content=thumbnail	https://ts2.mm.bing.net/th?id=OIP.c3VqUG2NqARLZt8JXSB2NQAAAA&pid=15.1
debt	债务	https://thumb.wikimedia.org/wikipedia/commons/thumb/c/c3/Payday_loan_shop_window.jpg/250px-Payday_loan_shop_window.jpg?utm_source=en.wikipedia.org&utm_campaign=api&utm_content=thumbnail	https://cdn-icons-png.flaticon.com/128/8581/8581155.png
debugging	调试	https://upload.wikimedia.org/wikipedia/commons/4/4b/Assembly_language_debugging_under_DOS.jpg?utm_source=commons.wikimedia.org&utm_campaign=imageinfo&utm_content=thumbnail_unscaled	https://cdn-icons-png.flaticon.com/128/5958/5958696.png
decide	决定	https://thumb.wikimedia.org/wikipedia/commons/thumb/6/64/When_Fate_Decides.jpg/250px-When_Fate_Decides.jpg?utm_source=commons.wikimedia.org&utm_campaign=imageinfo&utm_content=thumbnail	https://cdn-icons-png.flaticon.com/128/3361/3361950.png
decision	决定	https://thumb.wikimedia.org/wikipedia/commons/thumb/c/c6/Manual_decision_tree.jpg/250px-Manual_decision_tree.jpg?utm_source=commons.wikimedia.org&utm_campaign=imageinfo&utm_content=thumbnail	https://cdn-icons-png.flaticon.com/128/4149/4149710.png
decisions	决定	https://thumb.wikimedia.org/wikipedia/commons/thumb/e/e4/Decisions%2C_decisions..._-_geograph.org.uk_-_741807.jpg/250px-Decisions%2C_decisions..._-_geograph.org.uk_-_741807.jpg?utm_source=commons.wikimedia.org&utm_campaign=imageinfo&utm_content=thumbnail	https://cdn-icons-png.flaticon.com/128/4960/4960778.png
decks	幻灯片	https://upload.wikimedia.org/wikipedia/commons/d/de/Dorothy_Dandridge_in_The_Decks_Ran_Red_trailer.jpg?utm_source=commons.wikimedia.org&utm_campaign=imageinfo&utm_content=thumbnail_unscaled	https://ts4.mm.bing.net/th?id=OIP.vVH3mH0ew79iRReRzJ5trwAAAA&pid=15.1
decline	下降	https://upload.wikimedia.org/wikipedia/commons/e/e8/Decline-sit-up-1.png?utm_source=commons.wikimedia.org&utm_campaign=imageinfo&utm_content=thumbnail_unscaled	https://cdn-icons-png.flaticon.com/128/1208/1208160.png
decorative	装饰	https://thumb.wikimedia.org/wikipedia/commons/thumb/e/ee/Bowl_with_cover_MET_SF06_377ab_img2_%28cropped%29.jpg/250px-Bowl_with_cover_MET_SF06_377ab_img2_%28cropped%29.jpg?utm_source=en.wikipedia.org&utm_campaign=api&utm_content=thumbnail	https://cdn-icons-png.flaticon.com/128/2747/2747912.png
decouple	解耦	https://thumb.wikimedia.org/wikipedia/commons/thumb/0/0d/Class_4%2C_2-6-4_Tank_Engine_at_Froghall%2C_Staffordshire_-_geograph.org.uk_-_608253.jpg/250px-Class_4%2C_2-6-4_Tank_Engine_at_Froghall%2C_Staffordshire_-_geograph.org.uk_-_608253.jpg?utm_source=commons.wikimedia.org&utm_campaign=imageinfo&utm_content=thumbnail	https://ts3.mm.bing.net/th?id=OIP.fCmKB4EYNKmV2fTcSiMnxgAAAA&pid=15.1
deduplicate	去重		https://icons.iconarchive.com/icons/icons8/windows-8/128/Editing-Copy-icon.png
deep	深	https://thumb.wikimedia.org/wikipedia/commons/thumb/7/7c/The_Deep_-_geograph.org.uk_-_633360.jpg/250px-The_Deep_-_geograph.org.uk_-_633360.jpg?utm_source=commons.wikimedia.org&utm_campaign=imageinfo&utm_content=thumbnail	https://cdn-icons-png.flaticon.com/128/2103/2103787.png
deeper	更深	https://thumb.wikimedia.org/wikipedia/commons/thumb/3/3f/Digging_themselves_into_a_deeper_hole._-_geograph.org.uk_-_491957.jpg/250px-Digging_themselves_into_a_deeper_hole._-_geograph.org.uk_-_491957.jpg?utm_source=commons.wikimedia.org&utm_campaign=imageinfo&utm_content=thumbnail	https://ts1.mm.bing.net/th?id=OIP.vrBsxXB6Nde4Wf8nhDpQ3QAAAA&pid=15.1
deeply	深入地	https://thumb.wikimedia.org/wikipedia/commons/thumb/9/96/Deeply_incised_track_in_Lowdales_-_geograph.org.uk_-_215641.jpg/250px-Deeply_incised_track_in_Lowdales_-_geograph.org.uk_-_215641.jpg?utm_source=commons.wikimedia.org&utm_campaign=imageinfo&utm_content=thumbnail	https://ts4.mm.bing.net/th?id=OIP.2EsRax9WNhWndmzeVfvvWgAAAA&pid=15.1
default	默认	https://thumb.wikimedia.org/wikipedia/commons/thumb/3/34/Bravely_Default_logo.png/250px-Bravely_Default_logo.png?utm_source=commons.wikimedia.org&utm_campaign=imageinfo&utm_content=thumbnail	https://images.icon-icons.com/161/PNG/96/default_22735.png
defaults	默认值	https://upload.wikimedia.org/wikipedia/commons/6/61/Map_marker_icon_%E2%80%93_Nicolas_Mollet_%E2%80%93_Thunderstorm_%E2%80%93_Nature_%E2%80%93_default.png?utm_source=commons.wikimedia.org&utm_campaign=imageinfo&utm_content=thumbnail_unscaled	https://icons.iconarchive.com/icons/gakuseisean/radium-neue/128/Program-Defaults-icon.png
defects	缺陷	https://thumb.wikimedia.org/wikipedia/commons/thumb/e/ec/Point_defects_NT.PNG/250px-Point_defects_NT.PNG?utm_source=commons.wikimedia.org&utm_campaign=imageinfo&utm_content=thumbnail	https://cdn-icons-png.flaticon.com/128/9789/9789360.png
defend	防守	https://thumb.wikimedia.org/wikipedia/commons/thumb/f/ff/City_defend-cropped.jpg/120px-City_defend-cropped.jpg?utm_source=commons.wikimedia.org&utm_campaign=imageinfo&utm_content=thumbnail	https://ts4.mm.bing.net/th?id=OIP.JoiVbTDcgcJSLtordKQI_QAAAA&pid=15.1
defense	防御	https://thumb.wikimedia.org/wikipedia/commons/thumb/5/55/Bangor_Air_Defense_Sector_-_Emblem.png/250px-Bangor_Air_Defense_Sector_-_Emblem.png?utm_source=commons.wikimedia.org&utm_campaign=imageinfo&utm_content=thumbnail	https://ts1.mm.bing.net/th?id=OIP.3BADMoDDKq_oLnExB7qnCAAAAA&pid=15.1
deferred	延迟	https://thumb.wikimedia.org/wikipedia/commons/thumb/7/7a/Deferred_rendering_pass_col.jpg/250px-Deferred_rendering_pass_col.jpg?utm_source=commons.wikimedia.org&utm_campaign=imageinfo&utm_content=thumbnail	https://cdn-icons-png.flaticon.com/128/1388/1388931.png
define	定义	https://thumb.wikimedia.org/wikipedia/commons/thumb/a/a4/Blacks-Law-Dictionary.jpg/250px-Blacks-Law-Dictionary.jpg?utm_source=en.wikipedia.org&utm_campaign=api&utm_content=thumbnail	https://ts2.mm.bing.net/th?id=OIP.7La9xcsz18fwT6z6JKwf4AAAAA&pid=15.1
delays	延迟	https://thumb.wikimedia.org/wikipedia/commons/thumb/3/3a/Delays_%28Mexico_City%2C_2006%29.jpg/250px-Delays_%28Mexico_City%2C_2006%29.jpg?utm_source=en.wikipedia.org&utm_campaign=api&utm_content=thumbnail	https://cdn-icons-png.flaticon.com/128/5606/5606333.png
delete	删除	https://upload.wikimedia.org/wikipedia/commons/2/2c/Key_delete.jpg?utm_source=commons.wikimedia.org&utm_campaign=imageinfo&utm_content=thumbnail_unscaled	https://cdn-icons-png.flaticon.com/128/9153/9153963.png
deletes	删除	https://upload.wikimedia.org/wikipedia/commons/1/13/Button_delete.png?utm_source=commons.wikimedia.org&utm_campaign=imageinfo&utm_content=thumbnail_unscaled	https://cdn-icons-png.flaticon.com/128/9153/9153963.png
deletion	删除	https://upload.wikimedia.org/wikipedia/commons/0/05/Mutation_deletion.jpg?utm_source=commons.wikimedia.org&utm_campaign=imageinfo&utm_content=thumbnail_unscaled	https://ts1.mm.bing.net/th?id=OIP.tC9G7FjAPKvMcz_8hOJJVwAAAA&pid=15.1
deliver	交付	https://thumb.wikimedia.org/wikipedia/commons/thumb/3/34/Stand_and_Deliver_-_geograph.org.uk_-_162834.jpg/250px-Stand_and_Deliver_-_geograph.org.uk_-_162834.jpg?utm_source=commons.wikimedia.org&utm_campaign=imageinfo&utm_content=thumbnail	https://ts2.mm.bing.net/th?id=OIP.XVaKhclq95PkFQ_65ZlJqwAAAA&pid=15.1
deliverability	送达率	https://thumb.wikimedia.org/wikipedia/commons/thumb/b/b5/Santa-eop2.jpg/250px-Santa-eop2.jpg?utm_source=commons.wikimedia.org&utm_campaign=imageinfo&utm_content=thumbnail	https://ts3.mm.bing.net/th?id=OIP.VreF5aYEVNO0S6XULCfUtwAAAA&pid=15.1
deliverables	交付物	https://thumb.wikimedia.org/wikipedia/commons/thumb/b/b5/Santa-eop2.jpg/250px-Santa-eop2.jpg?utm_source=commons.wikimedia.org&utm_campaign=imageinfo&utm_content=thumbnail	https://cdn-icons-png.flaticon.com/128/12503/12503487.png
delivered	已交付	https://thumb.wikimedia.org/wikipedia/commons/thumb/d/d9/Luciano_Pavarotti_in_Saint_Petersburg.jpg/250px-Luciano_Pavarotti_in_Saint_Petersburg.jpg?utm_source=commons.wikimedia.org&utm_campaign=imageinfo&utm_content=thumbnail	https://cdn-icons-png.flaticon.com/128/3269/3269520.png
delivery	交付	https://thumb.wikimedia.org/wikipedia/commons/thumb/2/26/Rural_Free_Delivery_early_vehicle.JPG/250px-Rural_Free_Delivery_early_vehicle.JPG?utm_source=commons.wikimedia.org&utm_campaign=imageinfo&utm_content=thumbnail	https://ts4.mm.bing.net/th?id=OIP.pNl4B0w6aTHcwHw8Ut296gAAAA&pid=15.1
demand	需求	https://upload.wikimedia.org/wikipedia/commons/e/e2/%2410_Demand_Note_date.jpg?utm_source=commons.wikimedia.org&utm_campaign=imageinfo&utm_content=thumbnail_unscaled	https://cdn-icons-png.flaticon.com/128/11803/11803269.png
demo	演示	https://thumb.wikimedia.org/wikipedia/commons/thumb/9/9b/A_snapshot_from_the_2012_demo_release_from_the_Morevna_Project.png/250px-A_snapshot_from_the_2012_demo_release_from_the_Morevna_Project.png?utm_source=commons.wikimedia.org&utm_campaign=imageinfo&utm_content=thumbnail	https://cdn-icons-png.flaticon.com/128/5511/5511365.png
demos	演示	https://upload.wikimedia.org/wikipedia/commons/4/4c/Small_Demos_logo.png?utm_source=commons.wikimedia.org&utm_campaign=imageinfo&utm_content=thumbnail_unscaled	https://cdn-icons-png.flaticon.com/128/5511/5511365.png
denial	拒绝	https://thumb.wikimedia.org/wikipedia/commons/thumb/2/22/Adam_de_Coster_-_The_Denial_of_Saint_Peter.jpg/250px-Adam_de_Coster_-_The_Denial_of_Saint_Peter.jpg?utm_source=en.wikipedia.org&utm_campaign=api&utm_content=thumbnail	https://ts4.explicit.bing.net/th?id=OIP.rQq4IVMAiMqofFuCTXvrNQAAAA&pid=15.1
deny	拒绝		https://ts4.explicit.bing.net/th?id=OIP.rQq4IVMAiMqofFuCTXvrNQAAAA&pid=15.1
depend	依赖	https://upload.wikimedia.org/wikipedia/commons/6/6c/Dependency-FF.png?utm_source=commons.wikimedia.org&utm_campaign=imageinfo&utm_content=thumbnail_unscaled	https://ts1.mm.bing.net/th?id=OIP.vUWZw_XdzRSVOY-eDlei9wAAAA&pid=15.1
dependencies	依赖	https://thumb.wikimedia.org/wikipedia/commons/thumb/9/93/St_Helena_%26_Dependencies_Map.gif/120px-St_Helena_%26_Dependencies_Map.gif?utm_source=commons.wikimedia.org&utm_campaign=imageinfo&utm_content=thumbnail	https://cdn-icons-png.flaticon.com/128/18594/18594361.png
dependency	依赖	https://upload.wikimedia.org/wikipedia/commons/6/6c/Dependency-FF.png?utm_source=commons.wikimedia.org&utm_campaign=imageinfo&utm_content=thumbnail_unscaled	https://cdn-icons-png.flaticon.com/128/18594/18594361.png
depends	依赖	https://upload.wikimedia.org/wikipedia/commons/2/2d/This_Time_Vote_Like_Your_Whole_World_Depends_On_It_brochure.png?utm_source=commons.wikimedia.org&utm_campaign=imageinfo&utm_content=thumbnail_unscaled	https://ts2.mm.bing.net/th?id=OIP.8-UeIo2tdSTdLXQgKI9dtgAAAA&pid=15.1
deploy	部署	https://upload.wikimedia.org/wikipedia/commons/b/b4/U.S._Dept._of_State_Mobile_Security_Deployment_Special_Agents_at_work_%282%29.jpg?utm_source=commons.wikimedia.org&utm_campaign=imageinfo&utm_content=thumbnail_unscaled	https://cdn-icons-png.flaticon.com/128/11068/11068830.png
deployable	可部署	https://thumb.wikimedia.org/wikipedia/commons/thumb/f/fe/Rapid_Deployable_Weather_Station.jpg/250px-Rapid_Deployable_Weather_Station.jpg?utm_source=commons.wikimedia.org&utm_campaign=imageinfo&utm_content=thumbnail	https://cdn-icons-png.flaticon.com/128/5203/5203752.png
deployment	部署	https://thumb.wikimedia.org/wikipedia/commons/thumb/c/c3/U.S._Dept._of_State_Mobile_Security_Deployment_Special_Agents_at_work_2005.jpg/250px-U.S._Dept._of_State_Mobile_Security_Deployment_Special_Agents_at_work_2005.jpg?utm_source=commons.wikimedia.org&utm_campaign=imageinfo&utm_content=thumbnail	https://cdn-icons-png.flaticon.com/128/11068/11068830.png
deploys	部署	https://upload.wikimedia.org/wikipedia/commons/b/b4/U.S._Dept._of_State_Mobile_Security_Deployment_Special_Agents_at_work_%282%29.jpg?utm_source=commons.wikimedia.org&utm_campaign=imageinfo&utm_content=thumbnail_unscaled	https://ts1.mm.bing.net/th?id=OIP.Td0dU9KTItzbuvSivrMD3gAAAA&pid=15.1
deprecate	弃用	https://thumb.wikimedia.org/wikipedia/commons/thumb/2/29/Phabricator_mother_task_for_Education_Extension_deprecation_February_2018.png/250px-Phabricator_mother_task_for_Education_Extension_deprecation_February_2018.png?utm_source=en.wikipedia.org&utm_campaign=api&utm_content=thumbnail	https://ts4.mm.bing.net/th?id=OIP.NwN08fBfYYaB_B8tPSvoQgAAAA&pid=15.1
deprecated	已弃用	https://thumb.wikimedia.org/wikipedia/commons/thumb/2/29/Phabricator_mother_task_for_Education_Extension_deprecation_February_2018.png/250px-Phabricator_mother_task_for_Education_Extension_deprecation_February_2018.png?utm_source=en.wikipedia.org&utm_campaign=api&utm_content=thumbnail	https://ts4.mm.bing.net/th?id=OIP.NwN08fBfYYaB_B8tPSvoQgAAAA&pid=15.1
deprecation	弃用	https://thumb.wikimedia.org/wikipedia/commons/thumb/2/29/Phabricator_mother_task_for_Education_Extension_deprecation_February_2018.png/250px-Phabricator_mother_task_for_Education_Extension_deprecation_February_2018.png?utm_source=en.wikipedia.org&utm_campaign=api&utm_content=thumbnail	https://ts3.mm.bing.net/th?id=OIP.dSvHV4cU2ll5PG_HEPNdTgAAAA&pid=15.1
depth	深度	https://upload.wikimedia.org/wikipedia/commons/1/1b/Depth_charge_bd.jpg?utm_source=commons.wikimedia.org&utm_campaign=imageinfo&utm_content=thumbnail_unscaled	https://cdn-icons-png.flaticon.com/128/6687/6687285.png
depths	深度	https://thumb.wikimedia.org/wikipedia/commons/thumb/2/23/In_the_depths_of_Stoke_Top_Lock_-_geograph.org.uk_-_986654.jpg/250px-In_the_depths_of_Stoke_Top_Lock_-_geograph.org.uk_-_986654.jpg?utm_source=commons.wikimedia.org&utm_campaign=imageinfo&utm_content=thumbnail	https://cdn0.iconfinder.com/data/icons/miscellaneous-140-multi-color/128/depth_profundity_deepness_profoundness_breadth_nature_measurement-512.png
describe	描述		https://ts3.mm.bing.net/th?id=OIP.H5e0S9VY2Bl_HrwgK1ri7AAAAA&pid=15.1
describes	描述	https://thumb.wikimedia.org/wikipedia/commons/thumb/5/53/Razmnama_Leaf%2C_Sage_Brihaspati_Describes_the_Evils_of_Anarchy_to.jpg/120px-Razmnama_Leaf%2C_Sage_Brihaspati_Describes_the_Evils_of_Anarchy_to.jpg?utm_source=commons.wikimedia.org&utm_campaign=imageinfo&utm_content=thumbnail	https://ts4.mm.bing.net/th?id=OIP.2oa1R7-WnTbZMqEsEnRAYQAAAA&pid=15.1
design	设计	https://thumb.wikimedia.org/wikipedia/commons/thumb/b/b7/Braun_ABW30_%28schwarz%29.jpg/250px-Braun_ABW30_%28schwarz%29.jpg?utm_source=en.wikipedia.org&utm_campaign=api&utm_content=thumbnail	https://ts4.mm.bing.net/th?id=OIP.MqxV88U7CSrids02jvqmjQAAAA&pid=15.1
designers	设计师	https://thumb.wikimedia.org/wikipedia/commons/thumb/f/fb/Architect.png/250px-Architect.png?utm_source=en.wikipedia.org&utm_campaign=api&utm_content=thumbnail	https://ts2.mm.bing.net/th?id=OIP.inrtrogEazlnhQKu3rNbBwAAAA&pid=15.1
designs	设计	https://thumb.wikimedia.org/wikipedia/commons/thumb/b/b7/Braun_ABW30_%28schwarz%29.jpg/250px-Braun_ABW30_%28schwarz%29.jpg?utm_source=en.wikipedia.org&utm_campaign=api&utm_content=thumbnail	https://cdn-icons-png.flaticon.com/128/1185/1185316.png
desktops	桌面	https://thumb.wikimedia.org/wikipedia/commons/thumb/9/92/Virtual_Desktops_Xfce.jpg/250px-Virtual_Desktops_Xfce.jpg?utm_source=commons.wikimedia.org&utm_campaign=imageinfo&utm_content=thumbnail	https://icons.iconarchive.com/icons/vexels/office/96/desktop-icon.png
destinations	目的地	https://thumb.wikimedia.org/wikipedia/commons/thumb/c/c5/ADA_Destinations.jpg/250px-ADA_Destinations.jpg?utm_source=commons.wikimedia.org&utm_campaign=imageinfo&utm_content=thumbnail	https://cdn-icons-png.flaticon.com/128/14023/14023290.png
destroys	销毁	https://thumb.wikimedia.org/wikipedia/commons/thumb/d/de/How_a_killer_T_cell_destroys_a_cell_infected_with_viruses.png/250px-How_a_killer_T_cell_destroys_a_cell_infected_with_viruses.png?utm_source=commons.wikimedia.org&utm_campaign=imageinfo&utm_content=thumbnail	https://ts2.mm.bing.net/th?id=OIP.lYdCbfuyuV9bKglTNtR28AAAAA&pid=15.1
destruction	销毁	https://thumb.wikimedia.org/wikipedia/commons/thumb/0/04/Destruction_Island_Lighthouse.jpg/250px-Destruction_Island_Lighthouse.jpg?utm_source=commons.wikimedia.org&utm_campaign=imageinfo&utm_content=thumbnail	https://cdn-icons-png.flaticon.com/128/7445/7445268.png
detail	细节	https://thumb.wikimedia.org/wikipedia/commons/thumb/1/16/Day%2C_Fred_Holland_%281864-1933%29_-_Seven_last_words_of_Christ_%28detail%29_-_Selfportrait.jpg/250px-Day%2C_Fred_Holland_%281864-1933%29_-_Seven_last_words_of_Christ_%28detail%29_-_Selfportrait.jpg?utm_source=commons.wikimedia.org&utm_campaign=imageinfo&utm_content=thumbnail	https://cdn-icons-png.flaticon.com/128/14018/14018830.png
detailed	详细	https://thumb.wikimedia.org/wikipedia/commons/thumb/d/db/Detailed_view_of_the_mystery_stone_on_Mill_Buie_-_geograph.org.uk_-_745770.jpg/250px-Detailed_view_of_the_mystery_stone_on_Mill_Buie_-_geograph.org.uk_-_745770.jpg?utm_source=commons.wikimedia.org&utm_campaign=imageinfo&utm_content=thumbnail	https://cdn-icons-png.flaticon.com/128/4371/4371245.png
details	细节	https://thumb.wikimedia.org/wikipedia/commons/thumb/0/0f/Herringbone_gears_%28Bentley%2C_Sketches_of_Engine_and_Machine_Details%29.jpg/250px-Herringbone_gears_%28Bentley%2C_Sketches_of_Engine_and_Machine_Details%29.jpg?utm_source=commons.wikimedia.org&utm_campaign=imageinfo&utm_content=thumbnail	https://cdn-icons-png.flaticon.com/128/14018/14018830.png
detect	检测	https://thumb.wikimedia.org/wikipedia/commons/thumb/2/27/Light_sensor.png/250px-Light_sensor.png?utm_source=en.wikipedia.org&utm_campaign=api&utm_content=thumbnail	https://cdn-icons-png.flaticon.com/128/13409/13409585.png
detection	检测	https://thumb.wikimedia.org/wikipedia/commons/thumb/d/dc/Flame_detection_range.JPG/250px-Flame_detection_range.JPG?utm_source=commons.wikimedia.org&utm_campaign=imageinfo&utm_content=thumbnail	https://cdn-icons-png.flaticon.com/128/15254/15254552.png
detokenize	还原令牌		https://ts4.mm.bing.net/th?id=OIP.vZAKFxEE4gItTjnC9dbrCQAAAA&pid=15.1
detractors	批评者	https://thumb.wikimedia.org/wikipedia/commons/thumb/c/ce/Mario_Hern%C3%A1ndez_Posadas.jpg/250px-Mario_Hern%C3%A1ndez_Posadas.jpg?utm_source=commons.wikimedia.org&utm_campaign=imageinfo&utm_content=thumbnail	https://ts2.mm.bing.net/th?id=OIP.V6ee2DNecJJB9BIPfFNb0gAAAA&pid=15.1
developer	开发者	https://thumb.wikimedia.org/wikipedia/commons/thumb/8/8e/Czdeveloper.png/250px-Czdeveloper.png?utm_source=commons.wikimedia.org&utm_campaign=imageinfo&utm_content=thumbnail	https://cdn-icons-png.flaticon.com/128/1508/1508880.png
development	开发	https://thumb.wikimedia.org/wikipedia/commons/thumb/9/9e/Sustainable_development_-_6_central_capacities.png/250px-Sustainable_development_-_6_central_capacities.png?utm_source=commons.wikimedia.org&utm_campaign=imageinfo&utm_content=thumbnail	https://cdn-icons-png.flaticon.com/128/12372/12372309.png
deviations	偏差	https://thumb.wikimedia.org/wikipedia/commons/thumb/7/7b/1953_-_Cox%27s_Road_and_Early_Deviations_-_Linden%2C_Linden_Precinct_%285062552b3%29.jpg/250px-1953_-_Cox%27s_Road_and_Early_Deviations_-_Linden%2C_Linden_Precinct_%285062552b3%29.jpg?utm_source=commons.wikimedia.org&utm_campaign=imageinfo&utm_content=thumbnail	https://ts4.mm.bing.net/th?id=OIP.rrbo6OotTkfdLTJ_T5sE5wAAAA&pid=15.1
device	设备	https://thumb.wikimedia.org/wikipedia/commons/thumb/1/19/Iontophoretic_devices.png/250px-Iontophoretic_devices.png?utm_source=commons.wikimedia.org&utm_campaign=imageinfo&utm_content=thumbnail	https://images.icon-icons.com/632/PNG/96/responsive-devices_icon-icons.com_58003.png
devices	设备	https://thumb.wikimedia.org/wikipedia/commons/thumb/1/19/Iontophoretic_devices.png/250px-Iontophoretic_devices.png?utm_source=commons.wikimedia.org&utm_campaign=imageinfo&utm_content=thumbnail	https://images.icon-icons.com/632/PNG/96/responsive-devices_icon-icons.com_58003.png
diagrams	图	https://thumb.wikimedia.org/wikipedia/commons/thumb/4/4d/A_Course_of_Shingles_diagram.png/250px-A_Course_of_Shingles_diagram.png?utm_source=commons.wikimedia.org&utm_campaign=imageinfo&utm_content=thumbnail	https://cdn-icons-png.flaticon.com/128/1865/1865695.png
diff	差异	https://upload.wikimedia.org/wikipedia/commons/0/0b/Liam_Cunningham_at_DIFF_2024.jpg?utm_source=commons.wikimedia.org&utm_campaign=imageinfo&utm_content=thumbnail_unscaled	https://cdn-icons-png.flaticon.com/128/5778/5778485.png
differences	差异	https://upload.wikimedia.org/wikipedia/commons/3/31/Descent_of_Man_-_Figure_16.jpg?utm_source=commons.wikimedia.org&utm_campaign=imageinfo&utm_content=thumbnail_unscaled	https://cdn-icons-png.flaticon.com/128/12101/12101491.png
differential	差分	https://upload.wikimedia.org/wikipedia/commons/6/61/Differential_free.png?utm_source=commons.wikimedia.org&utm_campaign=imageinfo&utm_content=thumbnail_unscaled	https://ts2.mm.bing.net/th?id=OIP.8XBf6ETa39gdGNZ04jglgwAAAA&pid=15.1
difficult	困难		https://cdn-icons-png.flaticon.com/128/10744/10744316.png
digital	数字	https://thumb.wikimedia.org/wikipedia/commons/thumb/3/39/Digital_Hollywoodlogo.jpg/250px-Digital_Hollywoodlogo.jpg?utm_source=commons.wikimedia.org&utm_campaign=imageinfo&utm_content=thumbnail	https://cdn-icons-png.flaticon.com/128/2171/2171148.png
diligence	尽职	https://thumb.wikimedia.org/wikipedia/commons/thumb/5/5d/Three_virtues_Diligentia.jpg/250px-Three_virtues_Diligentia.jpg?utm_source=en.wikipedia.org&utm_campaign=api&utm_content=thumbnail	https://cdn-icons-png.flaticon.com/128/13415/13415447.png
dilution	稀释	https://thumb.wikimedia.org/wikipedia/commons/thumb/f/fb/Plaque_assay_dilution_series.jpg/250px-Plaque_assay_dilution_series.jpg?utm_source=commons.wikimedia.org&utm_campaign=imageinfo&utm_content=thumbnail	https://ts2.mm.bing.net/th?id=OIP._DNSrQsW0nEaUyeWeduxxwAAAA&pid=15.1
dimensions	维度	https://thumb.wikimedia.org/wikipedia/commons/thumb/9/9a/297-230_Morris_long_dimensions-2D.jpg/250px-297-230_Morris_long_dimensions-2D.jpg?utm_source=commons.wikimedia.org&utm_campaign=imageinfo&utm_content=thumbnail	https://ts1.mm.bing.net/th?id=OIP.RIrDuB4cWFAqpu4i47Gq-AAAAA&pid=15.1
direct	直接	https://upload.wikimedia.org/wikipedia/commons/2/22/Logo_Europe_Direct_Plze%C5%88.jpg?utm_source=commons.wikimedia.org&utm_campaign=imageinfo&utm_content=thumbnail_unscaled	https://cdn-icons-png.flaticon.com/128/8890/8890270.png
direction	方向	https://upload.wikimedia.org/wikipedia/commons/d/de/Vector_direction_illustration.GIF?utm_source=commons.wikimedia.org&utm_campaign=imageinfo&utm_content=thumbnail_unscaled	https://cdn-icons-png.flaticon.com/128/3446/3446190.png
directions	路线	https://thumb.wikimedia.org/wikipedia/commons/thumb/f/f1/Gowkthrapple_Directions_-_geograph.org.uk_-_135529.jpg/250px-Gowkthrapple_Directions_-_geograph.org.uk_-_135529.jpg?utm_source=commons.wikimedia.org&utm_campaign=imageinfo&utm_content=thumbnail	https://cdn-icons-png.flaticon.com/128/2500/2500132.png
directories	目录	https://thumb.wikimedia.org/wikipedia/commons/thumb/d/d7/Fmpda_screenshot.png/250px-Fmpda_screenshot.png?utm_source=commons.wikimedia.org&utm_campaign=imageinfo&utm_content=thumbnail	https://ts2.mm.bing.net/th?id=OIP.3thl5kyb2gxdsQPJfnTnJQAAAA&pid=15.1
directors	董事	https://upload.wikimedia.org/wikipedia/commons/0/06/Institute_of_Directors%2C_India.jpg?utm_source=commons.wikimedia.org&utm_campaign=imageinfo&utm_content=thumbnail_unscaled	https://cdn-icons-png.flaticon.com/128/2422/2422043.png
disable	禁用	https://thumb.wikimedia.org/wikipedia/commons/thumb/b/b3/Stamp_of_Indonesia_-_1990_-_Colnect_252721_-_Battle_and_disabled_man_using_soldering_iron.jpeg/250px-Stamp_of_Indonesia_-_1990_-_Colnect_252721_-_Battle_and_disabled_man_using_soldering_iron.jpeg?utm_source=commons.wikimedia.org&utm_campaign=imageinfo&utm_content=thumbnail	https://cdn-icons-png.flaticon.com/128/1437/1437748.png
disaster	灾难	https://thumb.wikimedia.org/wikipedia/commons/thumb/e/ea/Natural_Disaster_Chart.png/250px-Natural_Disaster_Chart.png?utm_source=commons.wikimedia.org&utm_campaign=imageinfo&utm_content=thumbnail	https://cdn-icons-png.flaticon.com/128/15566/15566694.png
discipline	纪律		https://cdn-icons-png.flaticon.com/128/5278/5278581.png
disclose	披露	https://thumb.wikimedia.org/wikipedia/commons/thumb/f/fc/%22Two_and_one-half_cubic_yard_dragline_excavator_working_in_middle_channel_of_foundation_excavation._Photo_shows_type_of_rock_structure_disclosed_in_upstream_end_of_the_deeper_channe_-_DPLA_-_31c21771e04ee4fb56543ce77fe072df.gif/250px-thumbnail.gif?utm_source=commons.wikimedia.org&utm_campaign=imageinfo&utm_content=thumbnail	https://cdn-icons-png.flaticon.com/128/5950/5950377.png
disclosure	披露	https://upload.wikimedia.org/wikipedia/commons/2/2f/Plastic_Disclosure_Project_%28logo%29.png?utm_source=commons.wikimedia.org&utm_campaign=imageinfo&utm_content=thumbnail_unscaled	https://cdn-icons-png.flaticon.com/128/1265/1265775.png
discounts	折扣	https://thumb.wikimedia.org/wikipedia/commons/thumb/2/23/Thoroughfare-_Maggie%27s_Discounts_-_geograph.org.uk_-_2123193.jpg/120px-Thoroughfare-_Maggie%27s_Discounts_-_geograph.org.uk_-_2123193.jpg?utm_source=commons.wikimedia.org&utm_campaign=imageinfo&utm_content=thumbnail	https://cdn-icons-png.flaticon.com/128/9528/9528844.png
discoverable	可发现	https://thumb.wikimedia.org/wikipedia/commons/thumb/3/37/Discover-logo.png/250px-Discover-logo.png?utm_source=commons.wikimedia.org&utm_campaign=imageinfo&utm_content=thumbnail	https://ts2.mm.bing.net/th?id=OIP.sGr7M0oTQkRmEdaTfhO-UwAAAA&pid=15.1
discovery	发现	https://thumb.wikimedia.org/wikipedia/commons/thumb/b/b4/Main_Discovery_Rollout_040605.jpg/250px-Main_Discovery_Rollout_040605.jpg?utm_source=commons.wikimedia.org&utm_campaign=imageinfo&utm_content=thumbnail	https://cdn-icons-png.flaticon.com/128/4129/4129433.png
discussions	讨论	https://upload.wikimedia.org/wikipedia/commons/c/c1/Convenient_Discussions_navigation_panel.png?utm_source=commons.wikimedia.org&utm_campaign=imageinfo&utm_content=thumbnail_unscaled	https://cdn-icons-png.flaticon.com/128/9483/9483055.png
disks	磁盘	https://thumb.wikimedia.org/wikipedia/commons/thumb/2/27/Boxes_%28holders%29_with_3%2C5-inch_floppy_disks.jpg/250px-Boxes_%28holders%29_with_3%2C5-inch_floppy_disks.jpg?utm_source=commons.wikimedia.org&utm_campaign=imageinfo&utm_content=thumbnail	https://icons.iconarchive.com/icons/microsoft/fluentui-emoji-mono/128/Computer-Disk-icon.png
dismissal	解雇	https://thumb.wikimedia.org/wikipedia/commons/thumb/6/65/1914_Private_of_Russian_Lori_208th_infantry_regiment_p01_%28dismissal_of_the_disease_in_the_long_vacation%29.png/120px-1914_Private_of_Russian_Lori_208th_infantry_regiment_p01_%28dismissal_of_the_disease_in_the_long_vacation%29.png?utm_source=commons.wikimedia.org&utm_campaign=imageinfo&utm_content=thumbnail	https://ts2.mm.bing.net/th?id=OIP.HJ-g4RkSkW_AYLkMzyAt5wAAAA&pid=15.1
display	显示	https://thumb.wikimedia.org/wikipedia/commons/thumb/a/ad/Incandescent_light_seven-segment_display_prPNr%C2%B017.jpg/250px-Incandescent_light_seven-segment_display_prPNr%C2%B017.jpg?utm_source=commons.wikimedia.org&utm_campaign=imageinfo&utm_content=thumbnail	https://files.softicons.com/download/system-icons/camill-icons-by-mat-u/png/128/display.png
disputes	争议	https://thumb.wikimedia.org/wikipedia/commons/thumb/f/f2/Toho_Labor_disputes.JPG/250px-Toho_Labor_disputes.JPG?utm_source=commons.wikimedia.org&utm_campaign=imageinfo&utm_content=thumbnail	https://ts1.mm.bing.net/th?id=OIP.JoJjIiIT9GqVxADr9CzLUwAAAA&pid=15.1
disruption	中断		https://cdn-icons-png.flaticon.com/128/10907/10907122.png
disruptions	中断	https://thumb.wikimedia.org/wikipedia/commons/thumb/7/76/Alexia_Tsotsis_TechCrunch_Disrupt_SF_2015.png/250px-Alexia_Tsotsis_TechCrunch_Disrupt_SF_2015.png?utm_source=commons.wikimedia.org&utm_campaign=imageinfo&utm_content=thumbnail	https://cdn-icons-png.flaticon.com/128/10907/10907122.png
dissolve	解散	https://upload.wikimedia.org/wikipedia/commons/7/71/Dissolve_logo_small_red.png?utm_source=commons.wikimedia.org&utm_campaign=imageinfo&utm_content=thumbnail_unscaled	https://ts3.mm.bing.net/th?id=OIP.Lk6vjtMCntfrfNYuWf_r1gAAAA&pid=15.1
distinguishes	区分	https://thumb.wikimedia.org/wikipedia/commons/thumb/a/ab/Radial_engine.gif/250px-Radial_engine.gif?utm_source=commons.wikimedia.org&utm_campaign=imageinfo&utm_content=thumbnail	https://ts4.mm.bing.net/th?id=OIP.-Li76_FRdbFVDbAMaXcJ1QAAAA&pid=15.1
distract	分心	https://thumb.wikimedia.org/wikipedia/commons/thumb/3/38/Palo_Verde_Diversion_Dam.jpg/250px-Palo_Verde_Diversion_Dam.jpg?utm_source=commons.wikimedia.org&utm_campaign=imageinfo&utm_content=thumbnail	https://cdn-icons-png.flaticon.com/128/6553/6553982.png
distribution	分发	https://thumb.wikimedia.org/wikipedia/commons/thumb/0/0c/JL_Density_Distribution_logarithmic_q.png/250px-JL_Density_Distribution_logarithmic_q.png?utm_source=commons.wikimedia.org&utm_campaign=imageinfo&utm_content=thumbnail	https://cdn-icons-png.flaticon.com/128/1728/1728463.png
distributions	分发	https://thumb.wikimedia.org/wikipedia/commons/thumb/3/3b/Distributions_of_metallicity_and_abundance_ratios_%28geminiann13002b%29.tiff/lossy-page1-250px-Distributions_of_metallicity_and_abundance_ratios_%28geminiann13002b%29.tiff.jpg?utm_source=commons.wikimedia.org&utm_campaign=imageinfo&utm_content=thumbnail	https://cdn-icons-png.flaticon.com/128/1728/1728463.png
distrust	不信任	https://thumb.wikimedia.org/wikipedia/commons/thumb/b/b6/BR%C3%88_GIRLS.jpg/250px-BR%C3%88_GIRLS.jpg?utm_source=en.wikipedia.org&utm_campaign=api&utm_content=thumbnail	https://ts1.mm.bing.net/th?id=OIP.LjUNWrkNuscjTozP8eTmFAAAAA&pid=15.1
diverges	偏离	https://thumb.wikimedia.org/wikipedia/commons/thumb/0/02/Focal_plane.gif/250px-Focal_plane.gif?utm_source=commons.wikimedia.org&utm_campaign=imageinfo&utm_content=thumbnail	https://ts4.mm.bing.net/th?id=OIP.MgVfsvikMJaCKXvvsEbmeQAAAA&pid=15.1
diverse	多样		https://cdn-icons-png.flaticon.com/128/4785/4785368.png
dives	深入	https://thumb.wikimedia.org/wikipedia/commons/thumb/4/40/Eadwine_psalter_-_Morgan_leaf_M.521_%28recto%29_%28cropped%2C_Dives_and_Lazarus%29.jpg/250px-Eadwine_psalter_-_Morgan_leaf_M.521_%28recto%29_%28cropped%2C_Dives_and_Lazarus%29.jpg?utm_source=commons.wikimedia.org&utm_campaign=imageinfo&utm_content=thumbnail	https://ts1.mm.bing.net/th?id=OIP.U6ozPncEtcJ1Z1OJ9yuMZwAAAA&pid=15.1
dkim	DKIM	https://thumb.wikimedia.org/wikipedia/commons/thumb/3/37/Marquesdesanvicentedelbarco.JPG/250px-Marquesdesanvicentedelbarco.JPG?utm_source=commons.wikimedia.org&utm_campaign=imageinfo&utm_content=thumbnail	https://ts2.mm.bing.net/th?id=OIP.zz5QVPSgQUkbp1Mk5fbNMQAAAA&pid=15.1
dlp	DLP		https://ts1.mm.bing.net/th?id=OIP.OlvQP_Uo8_iMN2KcSKxdGAAAAA&pid=15.1
dmarc	DMARC	https://thumb.wikimedia.org/wikipedia/commons/thumb/3/3c/PTT-Nedap_doos_circa_1980.jpg/250px-PTT-Nedap_doos_circa_1980.jpg?utm_source=commons.wikimedia.org&utm_campaign=imageinfo&utm_content=thumbnail	https://ts3.mm.bing.net/th?id=OIP.0C5fpj27pJjHo1_6KkDOYgAAAA&pid=15.1
dns	DNS	https://thumb.wikimedia.org/wikipedia/commons/thumb/1/1d/DNS_hierarchy.png/250px-DNS_hierarchy.png?utm_source=commons.wikimedia.org&utm_campaign=imageinfo&utm_content=thumbnail	https://cdn-icons-png.flaticon.com/128/11996/11996324.png
do	做		
doc	文档	https://thumb.wikimedia.org/wikipedia/commons/thumb/3/3d/Folder-documents.png/250px-Folder-documents.png?utm_source=commons.wikimedia.org&utm_campaign=imageinfo&utm_content=thumbnail	https://cdn-icons-png.flaticon.com/128/4725/4725970.png
docks	码头	https://thumb.wikimedia.org/wikipedia/commons/thumb/9/9a/Cruise_ship_dock_in_St_Maarten.JPG/250px-Cruise_ship_dock_in_St_Maarten.JPG?utm_source=en.wikipedia.org&utm_campaign=api&utm_content=thumbnail	https://cdn-icons-png.flaticon.com/128/11102/11102905.png
docs	文档	https://thumb.wikimedia.org/wikipedia/commons/thumb/7/77/Docs_lockup1.png/250px-Docs_lockup1.png?utm_source=commons.wikimedia.org&utm_campaign=imageinfo&utm_content=thumbnail	https://icons.iconarchive.com/icons/uriy1966/steel-system/128/Documents-icon.png
document	文档	https://thumb.wikimedia.org/wikipedia/commons/thumb/c/c3/LibreOffice_Writer_6.3.png/250px-LibreOffice_Writer_6.3.png?utm_source=en.wikipedia.org&utm_campaign=api&utm_content=thumbnail	https://cdn-icons-png.flaticon.com/128/888/888034.png
documentation	文档	https://upload.wikimedia.org/wikipedia/commons/a/a4/Documentation_rubbing.JPG?utm_source=commons.wikimedia.org&utm_campaign=imageinfo&utm_content=thumbnail_unscaled	https://cdn-icons-png.flaticon.com/128/9746/9746243.png
documents	文档	https://thumb.wikimedia.org/wikipedia/commons/thumb/c/c3/LibreOffice_Writer_6.3.png/250px-LibreOffice_Writer_6.3.png?utm_source=en.wikipedia.org&utm_campaign=api&utm_content=thumbnail	https://cdn-icons-png.flaticon.com/128/35/35920.png
dogfood	自用	https://thumb.wikimedia.org/wikipedia/commons/thumb/7/71/Dog_food_in_a_bowl.jpg/250px-Dog_food_in_a_bowl.jpg?utm_source=en.wikipedia.org&utm_campaign=api&utm_content=thumbnail	https://ts3.mm.bing.net/th?id=OIP.aua-7rYAV10jxJwafmHRcQAAAA&pid=15.1
dogfooding	自用	https://thumb.wikimedia.org/wikipedia/commons/thumb/3/32/Golden_retriever_eating_pigs_foot_%28cropped%29.jpg/250px-Golden_retriever_eating_pigs_foot_%28cropped%29.jpg?utm_source=commons.wikimedia.org&utm_campaign=imageinfo&utm_content=thumbnail	https://ts1.mm.bing.net/th?id=OIP.NO48W1P9mYeZuXLBqSrotAAAAA&pid=15.1
domain	域名	https://thumb.wikimedia.org/wikipedia/commons/thumb/3/39/Domain_name_registrar_market_share.jpg/250px-Domain_name_registrar_market_share.jpg?utm_source=commons.wikimedia.org&utm_campaign=imageinfo&utm_content=thumbnail	https://cdn-icons-png.flaticon.com/128/6114/6114305.png
domains	域名	https://upload.wikimedia.org/wikipedia/commons/0/06/Moving_magnetic_domains_by_Zureks.gif?utm_source=commons.wikimedia.org&utm_campaign=imageinfo&utm_content=thumbnail_unscaled	https://cdn-icons-png.flaticon.com/128/6114/6114305.png
donate	捐赠	https://thumb.wikimedia.org/wikipedia/commons/thumb/f/f0/Gift_bags_and_medical_kits_to_be_given_to_monks.jpg/250px-Gift_bags_and_medical_kits_to_be_given_to_monks.jpg?utm_source=en.wikipedia.org&utm_campaign=api&utm_content=thumbnail	https://cdn-icons-png.flaticon.com/128/10880/10880476.png
donation	捐赠	https://thumb.wikimedia.org/wikipedia/commons/thumb/f/f0/Gift_bags_and_medical_kits_to_be_given_to_monks.jpg/250px-Gift_bags_and_medical_kits_to_be_given_to_monks.jpg?utm_source=en.wikipedia.org&utm_campaign=api&utm_content=thumbnail	https://cdn-icons-png.flaticon.com/128/10880/10880437.png
donations	捐赠	https://thumb.wikimedia.org/wikipedia/commons/thumb/f/f0/Gift_bags_and_medical_kits_to_be_given_to_monks.jpg/250px-Gift_bags_and_medical_kits_to_be_given_to_monks.jpg?utm_source=en.wikipedia.org&utm_campaign=api&utm_content=thumbnail	https://cdn-icons-png.flaticon.com/128/2904/2904948.png
done	完成	https://thumb.wikimedia.org/wikipedia/commons/thumb/1/17/Almost_done_-_geograph.org.uk_-_836685.jpg/250px-Almost_done_-_geograph.org.uk_-_836685.jpg?utm_source=commons.wikimedia.org&utm_campaign=imageinfo&utm_content=thumbnail	https://cdn-icons-png.flaticon.com/128/5709/5709755.png
donor	捐赠者	https://upload.wikimedia.org/wikipedia/commons/8/85/Blood_Donor_%283rd_Class%29_badge.jpg?utm_source=commons.wikimedia.org&utm_campaign=imageinfo&utm_content=thumbnail_unscaled	https://ts1.mm.bing.net/th?id=OIP.SznyPVqWUK_cRk5-HAyd_AAAAA&pid=15.1
donors	捐赠者	https://thumb.wikimedia.org/wikipedia/commons/thumb/7/7e/Donors_from_Kumtura_Caves.jpg/120px-Donors_from_Kumtura_Caves.jpg?utm_source=commons.wikimedia.org&utm_campaign=imageinfo&utm_content=thumbnail	https://ts1.mm.bing.net/th?id=OIP.hT1GPW_VE1saFpPghjjVWAAAAA&pid=15.1
door	门	https://thumb.wikimedia.org/wikipedia/commons/thumb/f/fe/L-door.png/250px-L-door.png?utm_source=en.wikipedia.org&utm_campaign=api&utm_content=thumbnail	https://cdn-icons-png.flaticon.com/128/1079/1079886.png
doors	门	https://thumb.wikimedia.org/wikipedia/commons/thumb/f/fe/L-door.png/250px-L-door.png?utm_source=en.wikipedia.org&utm_campaign=api&utm_content=thumbnail	https://ts2.mm.bing.net/th?id=OIP.6KsP-kK-6v4bwZbLuVD_vQAAAA&pid=15.1
dosages	剂量	https://thumb.wikimedia.org/wikipedia/commons/thumb/1/10/Nectar_finished_dosages_small.jpg/250px-Nectar_finished_dosages_small.jpg?utm_source=commons.wikimedia.org&utm_campaign=imageinfo&utm_content=thumbnail	https://cdn-icons-png.flaticon.com/128/8638/8638107.png
double	双倍	https://upload.wikimedia.org/wikipedia/commons/4/45/Double-compound-pendulum.gif?utm_source=commons.wikimedia.org&utm_campaign=imageinfo&utm_content=thumbnail_unscaled	https://cdn-icons-png.flaticon.com/128/10337/10337166.png
down	下	https://thumb.wikimedia.org/wikipedia/commons/thumb/0/0e/Down_arms.png/250px-Down_arms.png?utm_source=commons.wikimedia.org&utm_campaign=imageinfo&utm_content=thumbnail	https://ts1.mm.bing.net/th?id=OIP.OfIKG829nUcCHW-kM1FS2wAAAA&pid=15.1
download	下载	https://upload.wikimedia.org/wikipedia/commons/3/35/Crystal_download_manager.png?utm_source=commons.wikimedia.org&utm_campaign=imageinfo&utm_content=thumbnail_unscaled	https://ts2.explicit.bing.net/th?id=OIP.8yIbm4L88YZFug9j-R7D8QAAAA&pid=15.1
downloadable	可下载	https://thumb.wikimedia.org/wikipedia/commons/thumb/7/72/Downloadable_Bird_Nest_Drawing.jpg/250px-Downloadable_Bird_Nest_Drawing.jpg?utm_source=commons.wikimedia.org&utm_campaign=imageinfo&utm_content=thumbnail	https://icons.iconarchive.com/icons/graphicloads/100-flat-2/128/arrow-download-icon.png
downloads	下载	https://upload.wikimedia.org/wikipedia/commons/3/35/Crystal_download_manager.png?utm_source=commons.wikimedia.org&utm_campaign=imageinfo&utm_content=thumbnail_unscaled	https://ts2.mm.bing.net/th?id=OIP.tfXGFkR14bF65QJ5_C7pQgAAAA&pid=15.1
downsample	降采样	https://thumb.wikimedia.org/wikipedia/commons/thumb/2/2b/Mandelbrot_Budding_Turbines_downsampled.jpg/250px-Mandelbrot_Budding_Turbines_downsampled.jpg?utm_source=commons.wikimedia.org&utm_campaign=imageinfo&utm_content=thumbnail	https://ts3.mm.bing.net/th?id=OIP.4S7VF7FvvEyJyz1wtxYK2QAAAA&pid=15.1
downstream	下游	https://thumb.wikimedia.org/wikipedia/commons/thumb/f/fd/View_downstream_-_geograph.org.uk_-_304388.jpg/250px-View_downstream_-_geograph.org.uk_-_304388.jpg?utm_source=commons.wikimedia.org&utm_campaign=imageinfo&utm_content=thumbnail	https://ts2.mm.bing.net/th?id=OIP.HRHZpbXxe7x6vRNa-L6-XgAAAA&pid=15.1
downtime	停机	https://thumb.wikimedia.org/wikipedia/commons/thumb/b/b7/Osprey_Pilot_Downtime_%288434569215%29.jpg/250px-Osprey_Pilot_Downtime_%288434569215%29.jpg?utm_source=commons.wikimedia.org&utm_campaign=imageinfo&utm_content=thumbnail	https://cdn-icons-png.flaticon.com/128/18537/18537720.png
draft	草稿		https://ts1.mm.bing.net/th?id=OIP.-QKalH6qNNLDJLk3sFcM8gAAAA&pid=15.1
drafting	起草	https://thumb.wikimedia.org/wikipedia/commons/thumb/6/61/Compass.jpg/250px-Compass.jpg?utm_source=commons.wikimedia.org&utm_campaign=imageinfo&utm_content=thumbnail	https://cdn-icons-png.flaticon.com/128/681/681662.png
drafts	草稿	https://thumb.wikimedia.org/wikipedia/commons/thumb/f/f3/Expo_Pink_Floyd_-_drafts_2.jpg/250px-Expo_Pink_Floyd_-_drafts_2.jpg?utm_source=commons.wikimedia.org&utm_campaign=imageinfo&utm_content=thumbnail	https://ts1.mm.bing.net/th?id=OIP.-QKalH6qNNLDJLk3sFcM8gAAAA&pid=15.1
drain	排空	https://thumb.wikimedia.org/wikipedia/commons/thumb/6/62/ORMap-doton-Drain.png/250px-ORMap-doton-Drain.png?utm_source=commons.wikimedia.org&utm_campaign=imageinfo&utm_content=thumbnail	https://ts4.mm.bing.net/th?id=OIP.tjVfgoWEfANY9dgibgvdTwAAAA&pid=15.1
drift	漂移	https://thumb.wikimedia.org/wikipedia/commons/thumb/5/53/Drift_s13_wheel.jpg/120px-Drift_s13_wheel.jpg?utm_source=commons.wikimedia.org&utm_campaign=imageinfo&utm_content=thumbnail	https://ts1.mm.bing.net/th?id=OIP.l5zz2bJzTVj_0UJVU_j70AAAAA&pid=15.1
drills	演练	https://thumb.wikimedia.org/wikipedia/commons/thumb/0/06/Drill_scheme.svg/250px-Drill_scheme.svg.png?utm_source=en.wikipedia.org&utm_campaign=api&utm_content=thumbnail	https://ts4.mm.bing.net/th?id=OIP.rOBCQEKebuwjc92KHU4migAAAA&pid=15.1
drive	推动	https://thumb.wikimedia.org/wikipedia/commons/thumb/d/df/Abandoned_Redland_Drive_In_Movie_Theater_in_Redland_Texas.jpg/250px-Abandoned_Redland_Drive_In_Movie_Theater_in_Redland_Texas.jpg?utm_source=commons.wikimedia.org&utm_campaign=imageinfo&utm_content=thumbnail	https://icons.iconarchive.com/icons/treetog/junior/128/drive-icon.png
driven	驱动	https://thumb.wikimedia.org/wikipedia/commons/thumb/7/7b/Water_driven_turbine._-_geograph.org.uk_-_150916.jpg/250px-Water_driven_turbine._-_geograph.org.uk_-_150916.jpg?utm_source=commons.wikimedia.org&utm_campaign=imageinfo&utm_content=thumbnail	https://cdn-icons-png.flaticon.com/128/12816/12816501.png
drivers	驱动	https://thumb.wikimedia.org/wikipedia/commons/thumb/e/ee/Ledo_Road_drivers_of_the_first_convoy.jpg/250px-Ledo_Road_drivers_of_the_first_convoy.jpg?utm_source=commons.wikimedia.org&utm_campaign=imageinfo&utm_content=thumbnail	https://cdn-icons-png.flaticon.com/128/1995/1995625.png
drop	丢弃	https://upload.wikimedia.org/wikipedia/commons/b/bd/Water_drop_animation_enhanced_small.gif?utm_source=commons.wikimedia.org&utm_campaign=imageinfo&utm_content=thumbnail_unscaled	https://images.icon-icons.com/906/PNG/96/drop_icon-icons.com_70180.png
drops	下降	https://thumb.wikimedia.org/wikipedia/commons/thumb/4/46/Clarence_H._White_%281871-1925%29-_Drops_of_rain_%281903%29.jpg/250px-Clarence_H._White_%281871-1925%29-_Drops_of_rain_%281903%29.jpg?utm_source=commons.wikimedia.org&utm_campaign=imageinfo&utm_content=thumbnail	https://images.icon-icons.com/2664/PNG/96/water_drops_icon_161227.png
dry	干	https://thumb.wikimedia.org/wikipedia/commons/thumb/7/7b/Dry_Drayton_village_pump_-_geograph.org.uk_-_1043235.jpg/250px-Dry_Drayton_village_pump_-_geograph.org.uk_-_1043235.jpg?utm_source=commons.wikimedia.org&utm_campaign=imageinfo&utm_content=thumbnail	https://ts4.mm.bing.net/th?id=OIP.EJKQFYOnpz_eJbirpIUnzwAAAA&pid=15.1
dual	双		https://cdn-icons-png.flaticon.com/128/724/724802.png
due	到期	https://thumb.wikimedia.org/wikipedia/commons/thumb/0/0d/Thorigne-sur-due_Porte.jpg/250px-Thorigne-sur-due_Porte.jpg?utm_source=commons.wikimedia.org&utm_campaign=imageinfo&utm_content=thumbnail	https://cdn-icons-png.flaticon.com/128/10862/10862044.png
dunning	催款	https://thumb.wikimedia.org/wikipedia/commons/thumb/3/3e/NEMap-doton-Dunning.png/250px-NEMap-doton-Dunning.png?utm_source=commons.wikimedia.org&utm_campaign=imageinfo&utm_content=thumbnail	https://ts4.mm.bing.net/th?id=OIP.44COK3BNYsabt_lPO-DJFgAAAA&pid=15.1
duplicate	重复	https://thumb.wikimedia.org/wikipedia/commons/thumb/d/d6/Board%2C_duplicate_bridge_%281%29.png/250px-Board%2C_duplicate_bridge_%281%29.png?utm_source=commons.wikimedia.org&utm_campaign=imageinfo&utm_content=thumbnail	https://images.icon-icons.com/2551/PNG/96/duplicate_icon_152851.png
duplicated	已重复	https://thumb.wikimedia.org/wikipedia/commons/thumb/f/fe/Duplicated_interwiki_links_-_Beta_Wikiversity_screenshot.PNG/120px-Duplicated_interwiki_links_-_Beta_Wikiversity_screenshot.PNG?utm_source=commons.wikimedia.org&utm_campaign=imageinfo&utm_content=thumbnail	https://images.icon-icons.com/5112/PNG/96/289616_duplicate-icon.png
duplicates	重复项	https://thumb.wikimedia.org/wikipedia/commons/thumb/f/f3/Portrait_of_a_Man_in_a_Slashed_Black_Doublet_Segar_1605.jpg/250px-Portrait_of_a_Man_in_a_Slashed_Black_Doublet_Segar_1605.jpg?utm_source=commons.wikimedia.org&utm_campaign=imageinfo&utm_content=thumbnail	https://images.icon-icons.com/6123/PNG/96/335386_duplicate-files-icon.png
durability	持久性	https://thumb.wikimedia.org/wikipedia/commons/thumb/9/93/MER_No.6.jpg/250px-MER_No.6.jpg?utm_source=en.wikipedia.org&utm_campaign=api&utm_content=thumbnail	https://ts1.mm.bing.net/th?id=OIP.iEvOOVJTJd3IAdZspSaBrQAAAA&pid=15.1
durable	持久	https://thumb.wikimedia.org/wikipedia/commons/thumb/9/93/MER_No.6.jpg/250px-MER_No.6.jpg?utm_source=en.wikipedia.org&utm_campaign=api&utm_content=thumbnail	https://cdn-icons-png.flaticon.com/128/3271/3271275.png
during	期间	https://thumb.wikimedia.org/wikipedia/commons/thumb/3/3b/T-26_mod._1939_during_the_Winter_War.jpg/250px-T-26_mod._1939_during_the_Winter_War.jpg?utm_source=commons.wikimedia.org&utm_campaign=imageinfo&utm_content=thumbnail	https://ts3.mm.bing.net/th?id=OIP.Ljnc603mrFTtLlhn9jpR5gAAAA&pid=15.1
duties	职责	https://thumb.wikimedia.org/wikipedia/commons/thumb/7/71/Leighton-Duty-1883.jpg/250px-Leighton-Duty-1883.jpg?utm_source=en.wikipedia.org&utm_campaign=api&utm_content=thumbnail	https://ts1.mm.bing.net/th?id=OIP.4O4hlA6IB_RRY8PSz2WhuAAAAA&pid=15.1
e	E		
each	每个	https://thumb.wikimedia.org/wikipedia/commons/thumb/1/13/Esther_Dale_in_Made_for_Each_Other.jpg/250px-Esther_Dale_in_Made_for_Each_Other.jpg?utm_source=commons.wikimedia.org&utm_campaign=imageinfo&utm_content=thumbnail	https://ts4.mm.bing.net/th?id=OIP.cGteBMkWWKVLA-MjsK650AAAAA&pid=15.1
earlier	更早	https://thumb.wikimedia.org/wikipedia/commons/thumb/3/37/Early_Wynn_1960.png/250px-Early_Wynn_1960.png?utm_source=commons.wikimedia.org&utm_campaign=imageinfo&utm_content=thumbnail	https://ts1.mm.bing.net/th?id=OIP.almd0quZ1-yWEItNLD3cMAAAAA&pid=15.1
early	尽早	https://thumb.wikimedia.org/wikipedia/commons/thumb/c/ca/IAMap-doton-Early.PNG/250px-IAMap-doton-Early.PNG?utm_source=commons.wikimedia.org&utm_campaign=imageinfo&utm_content=thumbnail	https://cdn-icons-png.flaticon.com/128/5453/5453658.png
earn	赚取	https://thumb.wikimedia.org/wikipedia/commons/thumb/0/04/Earn_Valley_-_geograph.org.uk_-_79626.jpg/250px-Earn_Valley_-_geograph.org.uk_-_79626.jpg?utm_source=commons.wikimedia.org&utm_campaign=imageinfo&utm_content=thumbnail	https://ts4.mm.bing.net/th?id=OIP.yxwRSU54KMkw6vm9bQe1vQAAAA&pid=15.1
earning	收入	https://thumb.wikimedia.org/wikipedia/commons/thumb/2/2c/US_Legion_of_Merit_Commander_ribbon.png/250px-US_Legion_of_Merit_Commander_ribbon.png?utm_source=commons.wikimedia.org&utm_campaign=imageinfo&utm_content=thumbnail	https://ts2.mm.bing.net/th?id=OIP.U58Iqg41okZsFL4R0536NAAAAA&pid=15.1
earnings	收入	https://thumb.wikimedia.org/wikipedia/commons/thumb/0/0c/Price_Earnings_Multiple_statistics_in_Israel%2C_as_of_2010.png/250px-Price_Earnings_Multiple_statistics_in_Israel%2C_as_of_2010.png?utm_source=commons.wikimedia.org&utm_campaign=imageinfo&utm_content=thumbnail	https://cdn-icons-png.flaticon.com/128/950/950984.png
easier	更容易	https://thumb.wikimedia.org/wikipedia/commons/thumb/a/a1/Easier_gradient_-_geograph.org.uk_-_354553.jpg/250px-Easier_gradient_-_geograph.org.uk_-_354553.jpg?utm_source=commons.wikimedia.org&utm_campaign=imageinfo&utm_content=thumbnail	https://cdn-icons-png.flaticon.com/128/5579/5579268.png
easy	容易	https://thumb.wikimedia.org/wikipedia/commons/thumb/4/4d/Logo_Easy_Cencosud.jpg/250px-Logo_Easy_Cencosud.jpg?utm_source=commons.wikimedia.org&utm_campaign=imageinfo&utm_content=thumbnail	https://ts3.mm.bing.net/th?id=OIP.k8L0o0LuRw0D84xQnki-ogAAAA&pid=15.1
edge	边缘	https://thumb.wikimedia.org/wikipedia/commons/thumb/9/97/Edge_MITB.jpg/120px-Edge_MITB.jpg?utm_source=commons.wikimedia.org&utm_campaign=imageinfo&utm_content=thumbnail	https://ts2.mm.bing.net/th?id=OIP.3UHp91NC74Igr2zlqIbWlwAAAA&pid=15.1
edit	编辑	https://thumb.wikimedia.org/wikipedia/commons/thumb/3/34/Edit_Recovery_notification.png/250px-Edit_Recovery_notification.png?utm_source=commons.wikimedia.org&utm_campaign=imageinfo&utm_content=thumbnail	https://cdn-icons-png.flaticon.com/128/5996/5996831.png
editing	编辑	https://thumb.wikimedia.org/wikipedia/commons/thumb/b/b3/Seattle_Daily_Times_news_editor_quarters_-_1900.jpg/250px-Seattle_Daily_Times_news_editor_quarters_-_1900.jpg?utm_source=en.wikipedia.org&utm_campaign=api&utm_content=thumbnail	https://ts1.mm.bing.net/th?id=OIP.gw5y55WwWnbqW_M7rGraSwAAAA&pid=15.1
editor	编辑器	https://thumb.wikimedia.org/wikipedia/commons/thumb/b/b3/Seattle_Daily_Times_news_editor_quarters_-_1900.jpg/250px-Seattle_Daily_Times_news_editor_quarters_-_1900.jpg?utm_source=en.wikipedia.org&utm_campaign=api&utm_content=thumbnail	https://ts4.mm.bing.net/th?id=OIP.Ytxqub2F-uYx6NEZ28eRDgAAAA&pid=15.1
editorial	编辑	https://thumb.wikimedia.org/wikipedia/commons/thumb/e/e3/Heedless_Moths_%281921%29_-_Photoplay_Editorial.jpg/250px-Heedless_Moths_%281921%29_-_Photoplay_Editorial.jpg?utm_source=en.wikipedia.org&utm_campaign=api&utm_content=thumbnail	https://cdn-icons-png.flaticon.com/128/1289/1289248.png
edits	编辑	https://thumb.wikimedia.org/wikipedia/commons/thumb/b/b3/Seattle_Daily_Times_news_editor_quarters_-_1900.jpg/250px-Seattle_Daily_Times_news_editor_quarters_-_1900.jpg?utm_source=en.wikipedia.org&utm_campaign=api&utm_content=thumbnail	https://cdn-icons-png.flaticon.com/128/6325/6325975.png
educate	教育	https://thumb.wikimedia.org/wikipedia/commons/thumb/9/99/Schoolgirls_in_Bamozai.JPG/250px-Schoolgirls_in_Bamozai.JPG?utm_source=en.wikipedia.org&utm_campaign=api&utm_content=thumbnail	https://ts2.mm.bing.net/th?id=OIP.ZNIklNj8yAHJQC3msa-TcAAAAA&pid=15.1
education	教育	https://thumb.wikimedia.org/wikipedia/commons/thumb/9/99/Schoolgirls_in_Bamozai.JPG/250px-Schoolgirls_in_Bamozai.JPG?utm_source=en.wikipedia.org&utm_campaign=api&utm_content=thumbnail	https://ts4.mm.bing.net/th?id=OIP.pjIUv7TE-qwmajWTjE7bSwAAAA&pid=15.1
effect	效果	https://thumb.wikimedia.org/wikipedia/commons/thumb/0/07/Venturi-and-Coanda-effect-2.gif/250px-Venturi-and-Coanda-effect-2.gif?utm_source=commons.wikimedia.org&utm_campaign=imageinfo&utm_content=thumbnail	https://cdn-icons-png.flaticon.com/128/7889/7889005.png
effective	有效	https://thumb.wikimedia.org/wikipedia/commons/thumb/8/8a/Effective_stress.png/250px-Effective_stress.png?utm_source=commons.wikimedia.org&utm_campaign=imageinfo&utm_content=thumbnail	https://ts4.mm.bing.net/th?id=OIP.92pJVjlP1Zal1joBNGlMugAAAA&pid=15.1
effectiveness	效力	https://thumb.wikimedia.org/wikipedia/commons/thumb/d/d3/Goa_performance_sajan.jpg/250px-Goa_performance_sajan.jpg?utm_source=commons.wikimedia.org&utm_campaign=imageinfo&utm_content=thumbnail	https://ts1.mm.bing.net/th?id=OIP.PCKhJ8Q-DewEPm28QQJ-SwAAAA&pid=15.1
efficiently	高效地	https://thumb.wikimedia.org/wikipedia/commons/thumb/f/fa/Smart_cars_%282003%29.jpg/250px-Smart_cars_%282003%29.jpg?utm_source=commons.wikimedia.org&utm_campaign=imageinfo&utm_content=thumbnail	https://cdn-icons-png.flaticon.com/128/18252/18252283.png
effort	努力		https://cdn-icons-png.flaticon.com/128/5696/5696511.png
eligibility	资格	https://upload.wikimedia.org/wikipedia/commons/c/cc/US_Medical_Eligibility_Criteria_for_Contraceptive_Use_Summary_Chart.png?utm_source=commons.wikimedia.org&utm_campaign=imageinfo&utm_content=thumbnail_unscaled	https://cdn-icons-png.flaticon.com/128/2617/2617804.png
email	邮件	https://thumb.wikimedia.org/wikipedia/commons/thumb/e/ed/Evolution_36_mail.png/250px-Evolution_36_mail.png?utm_source=en.wikipedia.org&utm_campaign=api&utm_content=thumbnail	https://icons.iconarchive.com/icons/graphicloads/100-flat/128/email-2-icon.png
emails	邮件	https://thumb.wikimedia.org/wikipedia/commons/thumb/e/ed/Evolution_36_mail.png/250px-Evolution_36_mail.png?utm_source=en.wikipedia.org&utm_campaign=api&utm_content=thumbnail	https://ts3.mm.bing.net/th?id=OIP.ChQ8DJHLuLKusJ7pkU2vWwAAAA&pid=15.1
embed	嵌入	https://thumb.wikimedia.org/wikipedia/commons/thumb/2/28/Cables-test-embedded--spain-electronics.png/250px-Cables-test-embedded--spain-electronics.png?utm_source=commons.wikimedia.org&utm_campaign=imageinfo&utm_content=thumbnail	https://ts3.mm.bing.net/th?id=OIP.4s24lpgHMSCnzrQUMs7kdwAAAA&pid=15.1
embeddings	嵌入	https://thumb.wikimedia.org/wikipedia/commons/thumb/4/42/Line_integral_of_scalar_field.gif/250px-Line_integral_of_scalar_field.gif?utm_source=commons.wikimedia.org&utm_campaign=imageinfo&utm_content=thumbnail	https://ts2.mm.bing.net/th?id=OIP.MY4SzPd875mOK0_Am9gy5wAAAA&pid=15.1
embeds	嵌入	https://thumb.wikimedia.org/wikipedia/commons/thumb/b/b8/EmbedSpace.png/250px-EmbedSpace.png?utm_source=commons.wikimedia.org&utm_campaign=imageinfo&utm_content=thumbnail	https://ts3.mm.bing.net/th?id=OIP.4s24lpgHMSCnzrQUMs7kdwAAAA&pid=15.1
emergencies	紧急情况	https://thumb.wikimedia.org/wikipedia/commons/thumb/a/ad/Photos-Celebs-attend-Rishi-Kapoor%E2%80%99s-funeral-3.jpg/250px-Photos-Celebs-attend-Rishi-Kapoor%E2%80%99s-funeral-3.jpg?utm_source=commons.wikimedia.org&utm_campaign=imageinfo&utm_content=thumbnail	https://ts4.explicit.bing.net/th?id=OIP.q3KDQKTx_qtc4Bmxr2xUqgAAAA&pid=15.1
emergency	紧急	https://thumb.wikimedia.org/wikipedia/commons/thumb/1/13/Paramus_Office_of_Emergency_Management.jpg/250px-Paramus_Office_of_Emergency_Management.jpg?utm_source=commons.wikimedia.org&utm_campaign=imageinfo&utm_content=thumbnail	https://cdn-icons-png.flaticon.com/128/2991/2991158.png
emit	发出	https://thumb.wikimedia.org/wikipedia/commons/thumb/5/59/Emit_logo.png/250px-Emit_logo.png?utm_source=commons.wikimedia.org&utm_campaign=imageinfo&utm_content=thumbnail	https://ts1.mm.bing.net/th?id=OIP.v9qkKRnorQVc5JywM5zAJgAAAA&pid=15.1
emotions	情绪	https://thumb.wikimedia.org/wikipedia/commons/thumb/b/bf/Manga_emotions-EN-small.jpg/250px-Manga_emotions-EN-small.jpg?utm_source=commons.wikimedia.org&utm_campaign=imageinfo&utm_content=thumbnail	https://cdn-icons-png.flaticon.com/128/3285/3285977.png
empathy	共情	https://upload.wikimedia.org/wikipedia/commons/c/cb/Empathy_Bliss.png?utm_source=commons.wikimedia.org&utm_campaign=imageinfo&utm_content=thumbnail_unscaled	https://ts4.mm.bing.net/th?id=OIP.-sUJ1woqbz_GJxhaBXd-TwAAAA&pid=15.1
employees	员工	https://thumb.wikimedia.org/wikipedia/commons/thumb/1/18/Employees%27_Entrance_trailer.JPG/250px-Employees%27_Entrance_trailer.JPG?utm_source=commons.wikimedia.org&utm_campaign=imageinfo&utm_content=thumbnail	https://cdn-icons-png.flaticon.com/128/912/912318.png
empower	赋能	https://upload.wikimedia.org/wikipedia/commons/2/24/Empower_Logo_Wiki.png?utm_source=commons.wikimedia.org&utm_campaign=imageinfo&utm_content=thumbnail_unscaled	https://cdn-icons-png.flaticon.com/128/3100/3100240.png
empty	空	https://thumb.wikimedia.org/wikipedia/commons/thumb/d/d1/The_Adventure_of_the_Empty_House_07.jpg/250px-The_Adventure_of_the_Empty_House_07.jpg?utm_source=commons.wikimedia.org&utm_campaign=imageinfo&utm_content=thumbnail	https://cdn-icons-png.flaticon.com/128/2039/2039150.png
enable	启用	https://upload.wikimedia.org/wikipedia/commons/f/f9/Enable_Viacam_-_Logo.png?utm_source=commons.wikimedia.org&utm_campaign=imageinfo&utm_content=thumbnail_unscaled	https://cdn-icons-png.flaticon.com/128/9482/9482808.png
enablement	赋能	https://thumb.wikimedia.org/wikipedia/commons/thumb/3/36/Calopteryx_splendens.jpg/250px-Calopteryx_splendens.jpg?utm_source=commons.wikimedia.org&utm_campaign=imageinfo&utm_content=thumbnail	https://cdn-icons-png.flaticon.com/128/9482/9482808.png
enables	启用	https://thumb.wikimedia.org/wikipedia/commons/thumb/c/cf/RsEGFP2-enables-fast-RESOLFT-nanoscopy-of-living-cells-elife00248f003.jpg/250px-RsEGFP2-enables-fast-RESOLFT-nanoscopy-of-living-cells-elife00248f003.jpg?utm_source=commons.wikimedia.org&utm_campaign=imageinfo&utm_content=thumbnail	https://cdn-icons-png.flaticon.com/128/9482/9482808.png
enabling	启用	https://thumb.wikimedia.org/wikipedia/commons/thumb/c/c9/Enabling_language-or.jpg/250px-Enabling_language-or.jpg?utm_source=commons.wikimedia.org&utm_campaign=imageinfo&utm_content=thumbnail	https://cdn-icons-png.flaticon.com/128/9482/9482808.png
enclave	飞地	https://thumb.wikimedia.org/wikipedia/commons/thumb/d/d9/Enclave_exclave_diagram.svg/250px-Enclave_exclave_diagram.svg.png?utm_source=en.wikipedia.org&utm_campaign=api&utm_content=thumbnail	https://ts2.mm.bing.net/th?id=OIP.u-Ld7ntjxCiAY0KwfPHHWwAAAA&pid=15.1
enclaves	飞地	https://thumb.wikimedia.org/wikipedia/commons/thumb/d/d9/Enclave_exclave_diagram.svg/250px-Enclave_exclave_diagram.svg.png?utm_source=en.wikipedia.org&utm_campaign=api&utm_content=thumbnail	https://ts2.mm.bing.net/th?id=OIP.xy9H3UeyToKlWhYXGIRDuwAAAA&pid=15.1
encode	编码	https://thumb.wikimedia.org/wikipedia/commons/thumb/d/d9/Incremental_encoder.gif/250px-Incremental_encoder.gif?utm_source=commons.wikimedia.org&utm_campaign=imageinfo&utm_content=thumbnail	https://cdn-icons-png.flaticon.com/128/7109/7109735.png
encrypt	加密	https://thumb.wikimedia.org/wikipedia/commons/thumb/7/70/Public_key_encryption_keys.svg/250px-Public_key_encryption_keys.svg.png?utm_source=en.wikipedia.org&utm_campaign=api&utm_content=thumbnail	https://ts4.mm.bing.net/th?id=OIP.i5rPCeN7Y08Yxgua_Uso0gAAAA&pid=15.1
encryption	加密	https://thumb.wikimedia.org/wikipedia/commons/thumb/7/70/Public_key_encryption_keys.svg/250px-Public_key_encryption_keys.svg.png?utm_source=en.wikipedia.org&utm_campaign=api&utm_content=thumbnail	https://cdn-icons-png.flaticon.com/128/3470/3470475.png
end	结束	https://thumb.wikimedia.org/wikipedia/commons/thumb/8/8c/Bridge_End_News_-_Bridge_End_-_geograph.org.uk_-_2109276.jpg/250px-Bridge_End_News_-_Bridge_End_-_geograph.org.uk_-_2109276.jpg?utm_source=commons.wikimedia.org&utm_campaign=imageinfo&utm_content=thumbnail	https://cdn-icons-png.flaticon.com/128/5277/5277603.png
endless	无尽	https://thumb.wikimedia.org/wikipedia/commons/thumb/5/5a/The_end_of_Endless_Street%2C_Salisbury_-_geograph.org.uk_-_185485.jpg/250px-The_end_of_Endless_Street%2C_Salisbury_-_geograph.org.uk_-_185485.jpg?utm_source=commons.wikimedia.org&utm_campaign=imageinfo&utm_content=thumbnail	https://ts1.mm.bing.net/th?id=OIP.wQrYbbtKOPpt9ycfn3OGCgAAAA&pid=15.1
endpoint	端点	https://upload.wikimedia.org/wikipedia/commons/f/fa/Endpoint_Esports.png?utm_source=commons.wikimedia.org&utm_campaign=imageinfo&utm_content=thumbnail_unscaled	https://cdn-icons-png.flaticon.com/128/17840/17840521.png
energy	精力	https://thumb.wikimedia.org/wikipedia/commons/thumb/4/46/Plasma_globe_60th.jpg/250px-Plasma_globe_60th.jpg?utm_source=en.wikipedia.org&utm_campaign=api&utm_content=thumbnail	https://ts2.mm.bing.net/th?id=OIP.9DCpHUst6ft8jeO8HU6PogAAAA&pid=15.1
enforce	强制		https://cdn-icons-png.flaticon.com/128/16648/16648573.png
enforcement	强制	https://thumb.wikimedia.org/wikipedia/en/thumb/4/45/SEC-enforcement-flowchart.png/250px-SEC-enforcement-flowchart.png?utm_source=en.wikipedia.org&utm_campaign=api&utm_content=thumbnail	https://ts3.mm.bing.net/th?id=OIP.UlaAllS3mvsh9u0vIWUomgAAAA&pid=15.1
enforces	强制	https://thumb.wikimedia.org/wikipedia/commons/thumb/3/39/Fangav%C3%B6r%C3%B0ur_Patch.jpg/250px-Fangav%C3%B6r%C3%B0ur_Patch.jpg?utm_source=commons.wikimedia.org&utm_campaign=imageinfo&utm_content=thumbnail	https://ts4.mm.bing.net/th?id=OIP.F3-9TFSo8neDxOl5JjyyRwAAAA&pid=15.1
engagement	参与	https://thumb.wikimedia.org/wikipedia/commons/thumb/1/11/William-Adolphe_Bouguereau_%281825-1905%29_-_The_Proposal_%281872%29.jpg/250px-William-Adolphe_Bouguereau_%281825-1905%29_-_The_Proposal_%281872%29.jpg?utm_source=en.wikipedia.org&utm_campaign=api&utm_content=thumbnail	https://cdn-icons-png.flaticon.com/128/13339/13339266.png
engineer	工程师	https://thumb.wikimedia.org/wikipedia/commons/thumb/d/d0/Kitty_Joyner_-_Electrical_Engineer_-_GPN-2000-001933.jpg/250px-Kitty_Joyner_-_Electrical_Engineer_-_GPN-2000-001933.jpg?utm_source=en.wikipedia.org&utm_campaign=api&utm_content=thumbnail	https://cdn-icons-png.flaticon.com/128/2942/2942488.png
engineering	工程	https://thumb.wikimedia.org/wikipedia/commons/thumb/9/9e/Maquina_vapor_Watt_ETSIIM.jpg/250px-Maquina_vapor_Watt_ETSIIM.jpg?utm_source=en.wikipedia.org&utm_campaign=api&utm_content=thumbnail	https://cdn-icons-png.flaticon.com/128/825/825690.png
engineers	工程师	https://thumb.wikimedia.org/wikipedia/commons/thumb/d/d0/Kitty_Joyner_-_Electrical_Engineer_-_GPN-2000-001933.jpg/250px-Kitty_Joyner_-_Electrical_Engineer_-_GPN-2000-001933.jpg?utm_source=en.wikipedia.org&utm_campaign=api&utm_content=thumbnail	https://ts2.mm.bing.net/th?id=OIP.KzMxII6KFFtvEPrWrQo6vwAAAA&pid=15.1
engines	引擎	https://upload.wikimedia.org/wikipedia/commons/d/dc/4StrokeEngine_Ortho_3D_Small.gif?utm_source=en.wikipedia.org&utm_campaign=api&utm_content=thumbnail_unscaled	https://ts1.mm.bing.net/th?id=OIP.jBgp1mTwi7hy0HyGTsthZwAAAA&pid=15.1
enough	足够	https://thumb.wikimedia.org/wikipedia/commons/thumb/3/30/They_looked_friendly_enough_to_me%5E_-_geograph.org.uk_-_222224.jpg/250px-They_looked_friendly_enough_to_me%5E_-_geograph.org.uk_-_222224.jpg?utm_source=commons.wikimedia.org&utm_campaign=imageinfo&utm_content=thumbnail	https://ts1.mm.bing.net/th?id=OIP.Yj6A5jMI_atKDQZsOqlqOgAAAA&pid=15.1
enrich	丰富	https://thumb.wikimedia.org/wikipedia/commons/thumb/4/4a/The_sea_enriches_-_with_mermaids_%281%29_-_geograph.org.uk_-_1146086.jpg/250px-The_sea_enriches_-_with_mermaids_%281%29_-_geograph.org.uk_-_1146086.jpg?utm_source=commons.wikimedia.org&utm_campaign=imageinfo&utm_content=thumbnail	https://ts2.mm.bing.net/th?id=OIP.OQ3euyQXZ6SLgp-VnKYcFwAAAA&pid=15.1
enroll	注册	https://thumb.wikimedia.org/wikipedia/commons/thumb/4/4e/Enrollment_rates.jpg/250px-Enrollment_rates.jpg?utm_source=commons.wikimedia.org&utm_campaign=imageinfo&utm_content=thumbnail	https://cdn-icons-png.flaticon.com/128/11021/11021943.png
enrollment	注册	https://thumb.wikimedia.org/wikipedia/commons/thumb/4/4e/Enrollment_rates.jpg/250px-Enrollment_rates.jpg?utm_source=commons.wikimedia.org&utm_campaign=imageinfo&utm_content=thumbnail	https://cdn-icons-png.flaticon.com/128/11264/11264822.png
ensure	确保	https://thumb.wikimedia.org/wikipedia/commons/thumb/2/2d/Hange_your_HVAC_filter_regularly_to_ensure_your_system_is_running_efficiently_and_-ActOnClimate._http---www.epa.gov-earthday-actonclimate-_%2814033475892%29.jpg/250px-Hange_your_HVAC_filter_regularly_to_ensure_your_system_is_running_efficiently_and_-ActOnClimate._http---www.epa.gov-earthday-actonclimate-_%2814033475892%29.jpg?utm_source=commons.wikimedia.org&utm_campaign=imageinfo&utm_content=thumbnail	https://cdn-icons-png.flaticon.com/128/14114/14114885.png
entering	进入	https://thumb.wikimedia.org/wikipedia/commons/thumb/3/3a/Entering_Suzhou_and_the_Grand_Canal9.jpg/250px-Entering_Suzhou_and_the_Grand_Canal9.jpg?utm_source=commons.wikimedia.org&utm_campaign=imageinfo&utm_content=thumbnail	https://ts4.mm.bing.net/th?id=OIP.xWgrX1cwsh-hzoSYlKJn2QAAAA&pid=15.1
enterprise	企业	https://thumb.wikimedia.org/wikipedia/commons/thumb/e/eb/Enterprise_128-Titel.gif/250px-Enterprise_128-Titel.gif?utm_source=commons.wikimedia.org&utm_campaign=imageinfo&utm_content=thumbnail	https://cdn-icons-png.flaticon.com/128/4102/4102762.png
entities	实体	https://thumb.wikimedia.org/wikipedia/commons/thumb/4/40/Artificial_Legal_Entities-_Essays_on_Legal_Agency_and_Liability_.jpg/250px-Artificial_Legal_Entities-_Essays_on_Legal_Agency_and_Liability_.jpg?utm_source=commons.wikimedia.org&utm_campaign=imageinfo&utm_content=thumbnail	https://cdn-icons-png.flaticon.com/128/11628/11628954.png
entries	条目	https://thumb.wikimedia.org/wikipedia/commons/thumb/c/cb/Entry_into_Jerusalem.jpg/250px-Entry_into_Jerusalem.jpg?utm_source=commons.wikimedia.org&utm_campaign=imageinfo&utm_content=thumbnail	https://ts2.mm.bing.net/th?id=OIP.t9o1WDpcXjACc6Ao0ETB-wAAAA&pid=15.1
entropy	熵	https://thumb.wikimedia.org/wikipedia/commons/thumb/2/22/Carnot_heat_engine_2.svg/250px-Carnot_heat_engine_2.svg.png?utm_source=en.wikipedia.org&utm_campaign=api&utm_content=thumbnail	https://ts2.mm.bing.net/th?id=OIP.cdo3HmIV_OBbAwogUl6ntQAAAA&pid=15.1
entry	条目	https://thumb.wikimedia.org/wikipedia/commons/thumb/7/71/Pottinger%27s_Entry_-_geograph.org.uk_-_1059263.jpg/250px-Pottinger%27s_Entry_-_geograph.org.uk_-_1059263.jpg?utm_source=commons.wikimedia.org&utm_campaign=imageinfo&utm_content=thumbnail	https://cdn-icons-png.flaticon.com/128/5236/5236151.png
environment	环境	https://upload.wikimedia.org/wikipedia/commons/f/fd/Ministry_of_Environment_%28Cambodia%29.png?utm_source=commons.wikimedia.org&utm_campaign=imageinfo&utm_content=thumbnail_unscaled	https://cdn-icons-png.flaticon.com/128/2820/2820794.png
environments	环境	https://thumb.wikimedia.org/wikipedia/commons/thumb/a/ad/Installation_%2B_logic.._r.feldman_gallery_1991.jpg/250px-Installation_%2B_logic.._r.feldman_gallery_1991.jpg?utm_source=commons.wikimedia.org&utm_campaign=imageinfo&utm_content=thumbnail	https://cdn-icons-png.flaticon.com/128/525/525903.png
epsilon	epsilon	https://thumb.wikimedia.org/wikipedia/commons/thumb/c/cd/Epsilon_rocket.png/40px-Epsilon_rocket.png?utm_source=commons.wikimedia.org&utm_campaign=imageinfo&utm_content=thumbnail	https://cdn-icons-png.flaticon.com/128/7288/7288656.png
equal	相等	https://upload.wikimedia.org/wikipedia/commons/9/95/No_equal_temperament.jpg?utm_source=commons.wikimedia.org&utm_campaign=imageinfo&utm_content=thumbnail_unscaled	https://cdn-icons-png.flaticon.com/128/13110/13110470.png
equipment	设备	https://thumb.wikimedia.org/wikipedia/commons/thumb/6/60/Shed_with_equipment_%285908821254%29_%282%29.jpg/250px-Shed_with_equipment_%285908821254%29_%282%29.jpg?utm_source=commons.wikimedia.org&utm_campaign=imageinfo&utm_content=thumbnail	https://cdn-icons-png.flaticon.com/128/10982/10982389.png
error	错误	https://thumb.wikimedia.org/wikipedia/commons/thumb/1/18/Error-code-e74.jpg/250px-Error-code-e74.jpg?utm_source=commons.wikimedia.org&utm_campaign=imageinfo&utm_content=thumbnail	https://cdn-icons-png.flaticon.com/128/738/738884.png
errors	错误	https://thumb.wikimedia.org/wikipedia/commons/thumb/a/af/Errors_2010.jpg/250px-Errors_2010.jpg?utm_source=commons.wikimedia.org&utm_campaign=imageinfo&utm_content=thumbnail	https://ts3.mm.bing.net/th?id=OIP.QvYEtLuVIc8_a7AMZQFhNwAAAA&pid=15.1
escalate	升级	https://thumb.wikimedia.org/wikipedia/commons/thumb/a/ae/Escalation.PNG/250px-Escalation.PNG?utm_source=commons.wikimedia.org&utm_campaign=imageinfo&utm_content=thumbnail	https://cdn-icons-png.flaticon.com/128/17451/17451057.png
escalation	升级	https://thumb.wikimedia.org/wikipedia/commons/thumb/0/0d/Escalation_archetype_-_one_simple_reinforcing_loop.jpg/250px-Escalation_archetype_-_one_simple_reinforcing_loop.jpg?utm_source=commons.wikimedia.org&utm_campaign=imageinfo&utm_content=thumbnail	https://cdn-icons-png.flaticon.com/128/17451/17451057.png
escape	逃脱		https://cdn-icons-png.flaticon.com/128/17241/17241392.png
escort	陪同	https://upload.wikimedia.org/wikipedia/commons/4/4f/Escort_mark7.jpg?utm_source=commons.wikimedia.org&utm_campaign=imageinfo&utm_content=thumbnail_unscaled	https://ts4.mm.bing.net/th?id=OIP.Z-FkGNYjH-_YDW2YJ6HQ_AAAAA&pid=15.1
essays	文章	https://thumb.wikimedia.org/wikipedia/commons/thumb/b/b6/Essais_Titelblatt_%281588%29.png/250px-Essais_Titelblatt_%281588%29.png?utm_source=en.wikipedia.org&utm_campaign=api&utm_content=thumbnail	https://ts2.mm.bing.net/th?id=OIP.0V5Q4yFL1AKQmSq48LHtAwAAAA&pid=15.1
essential	必要	https://thumb.wikimedia.org/wikipedia/commons/thumb/9/91/Elemi_%28Canarium_luzonicum%29_essential_oil_in_clear_glass_vial.png/120px-Elemi_%28Canarium_luzonicum%29_essential_oil_in_clear_glass_vial.png?utm_source=commons.wikimedia.org&utm_campaign=imageinfo&utm_content=thumbnail	https://ts1.mm.bing.net/th?id=OIP.ixUvi8jrqMVI_ZNcFPdxdQAAAA&pid=15.1
estimate	估计	https://thumb.wikimedia.org/wikipedia/commons/thumb/1/1f/Candy_corn_contest_jar.jpg/250px-Candy_corn_contest_jar.jpg?utm_source=en.wikipedia.org&utm_campaign=api&utm_content=thumbnail	https://ts1.mm.bing.net/th?id=OIP.TPmRx_6yTRJ1f9joOSgbmgAAAA&pid=15.1
estimates	估计	https://thumb.wikimedia.org/wikipedia/commons/thumb/a/a0/Pep_Guardiola.jpg/120px-Pep_Guardiola.jpg?utm_source=commons.wikimedia.org&utm_campaign=imageinfo&utm_content=thumbnail	https://ts1.mm.bing.net/th?id=OIP.TPmRx_6yTRJ1f9joOSgbmgAAAA&pid=15.1
etas	预计时间	https://thumb.wikimedia.org/wikipedia/commons/thumb/7/73/EtaCarinaePos.gif/250px-EtaCarinaePos.gif?utm_source=commons.wikimedia.org&utm_campaign=imageinfo&utm_content=thumbnail	https://ts1.mm.bing.net/th?id=OIP.lsw6z9yk5sQ1TDtJbcJALQAAAA&pid=15.1
ethically	合乎伦理地	https://thumb.wikimedia.org/wikipedia/commons/thumb/8/89/Kierkegaard.jpg/250px-Kierkegaard.jpg?utm_source=commons.wikimedia.org&utm_campaign=imageinfo&utm_content=thumbnail	https://ts1.mm.bing.net/th?id=OIP.Tzzn-cQoK5hc597tTrGoTwAAAA&pid=15.1
ethics	伦理	https://upload.wikimedia.org/wikipedia/commons/e/e4/AMA_Code_of_Medical_Ethics.png?utm_source=commons.wikimedia.org&utm_campaign=imageinfo&utm_content=thumbnail_unscaled	https://ts3.mm.bing.net/th?id=OIP.K_qclcpGatsrgT-vB50LcAAAAA&pid=15.1
etl	ETL	https://thumb.wikimedia.org/wikipedia/commons/thumb/9/93/Arlottol_Gonnella_etl_Barlacchia.png/250px-Arlottol_Gonnella_etl_Barlacchia.png?utm_source=commons.wikimedia.org&utm_campaign=imageinfo&utm_content=thumbnail	https://cdn-icons-png.flaticon.com/128/9850/9850879.png
ev	电动车		
evaluate	评估	https://thumb.wikimedia.org/wikipedia/commons/thumb/e/ec/St_Basils_Cathedral-500px.jpg/250px-St_Basils_Cathedral-500px.jpg?utm_source=commons.wikimedia.org&utm_campaign=imageinfo&utm_content=thumbnail	https://ts3.mm.bing.net/th?id=OIP.H9QuxkcM3EfKov7wpCC6LAAAAA&pid=15.1
evaluation	评估	https://thumb.wikimedia.org/wikipedia/commons/thumb/3/3a/28th_Test_and_Evaluation_Squadron.png/250px-28th_Test_and_Evaluation_Squadron.png?utm_source=commons.wikimedia.org&utm_campaign=imageinfo&utm_content=thumbnail	https://ts3.mm.bing.net/th?id=OIP.H9QuxkcM3EfKov7wpCC6LAAAAA&pid=15.1
even	甚至	https://thumb.wikimedia.org/wikipedia/commons/thumb/0/09/Vladimir_Lamut_%281%29.jpg/250px-Vladimir_Lamut_%281%29.jpg?utm_source=commons.wikimedia.org&utm_campaign=imageinfo&utm_content=thumbnail	https://cdn-icons-png.flaticon.com/128/2413/2413035.png
evenly	均匀地		https://ts3.mm.bing.net/th?id=OIP.duSebz6E76U3OxEWLQ1ZsgAAAA&pid=15.1
event	事件	https://upload.wikimedia.org/wikipedia/commons/8/81/Casicu_Events_001.jpg?utm_source=commons.wikimedia.org&utm_campaign=imageinfo&utm_content=thumbnail_unscaled	https://cdn-icons-png.flaticon.com/128/9099/9099152.png
events	事件	https://upload.wikimedia.org/wikipedia/commons/8/81/Casicu_Events_001.jpg?utm_source=commons.wikimedia.org&utm_campaign=imageinfo&utm_content=thumbnail_unscaled	https://cdn-icons-png.flaticon.com/128/11860/11860976.png
evergreen	常青	https://thumb.wikimedia.org/wikipedia/commons/thumb/f/fb/Abies_alba_02.jpg/250px-Abies_alba_02.jpg?utm_source=en.wikipedia.org&utm_campaign=api&utm_content=thumbnail	https://ts4.mm.bing.net/th?id=OIP.qGZQpnm690Jh4B3Rd9cPCwAAAA&pid=15.1
every	每个	https://thumb.wikimedia.org/wikipedia/commons/thumb/4/4a/Once_to_Every_Woman_%281920%29_-_Ad_4.jpg/120px-Once_to_Every_Woman_%281920%29_-_Ad_4.jpg?utm_source=commons.wikimedia.org&utm_campaign=imageinfo&utm_content=thumbnail	https://ts4.mm.bing.net/th?id=OIP.F6rYQRKzJKxD1x0L8NgXOQAAAA&pid=15.1
everyone	每个人	https://thumb.wikimedia.org/wikipedia/commons/thumb/f/fd/Everyone_takes_this_shot%5E_-_geograph.org.uk_-_1162823.jpg/250px-Everyone_takes_this_shot%5E_-_geograph.org.uk_-_1162823.jpg?utm_source=commons.wikimedia.org&utm_campaign=imageinfo&utm_content=thumbnail	https://cdn-icons-png.flaticon.com/128/3369/3369157.png
everything	一切	https://thumb.wikimedia.org/wikipedia/commons/thumb/2/2f/Hubble_ultra_deep_field.jpg/250px-Hubble_ultra_deep_field.jpg?utm_source=en.wikipedia.org&utm_campaign=api&utm_content=thumbnail	https://cdn-icons-png.flaticon.com/128/5578/5578771.png
evidence	证据	https://thumb.wikimedia.org/wikipedia/commons/thumb/5/57/Evidence_of_Dilated_Peoples_2006.jpg/250px-Evidence_of_Dilated_Peoples_2006.jpg?utm_source=commons.wikimedia.org&utm_campaign=imageinfo&utm_content=thumbnail	https://cdn-icons-png.flaticon.com/128/9561/9561874.png
evolve	演进	https://thumb.wikimedia.org/wikipedia/commons/thumb/0/04/Evolved_Sea_Sparrow_Missile.gif/250px-Evolved_Sea_Sparrow_Missile.gif?utm_source=commons.wikimedia.org&utm_campaign=imageinfo&utm_content=thumbnail	https://ts1.mm.bing.net/th?id=OIP.AG8dVnhWSWPZSGs1ODJlwQAAAA&pid=15.1
evolves	演进	https://thumb.wikimedia.org/wikipedia/commons/thumb/1/10/Darwin_Tree_1837.png/250px-Darwin_Tree_1837.png?utm_source=en.wikipedia.org&utm_campaign=api&utm_content=thumbnail	https://ts1.mm.bing.net/th?id=OIP.R6-cwVxFBTtHS6IvEBwM9AAAAA&pid=15.1
exact	精确	https://upload.wikimedia.org/wikipedia/commons/e/e3/Exact_couple.png?utm_source=commons.wikimedia.org&utm_campaign=imageinfo&utm_content=thumbnail_unscaled	https://ts2.mm.bing.net/th?id=OIP.IDmTHrpUx5hyZ_18CNJA5QAAAA&pid=15.1
exactly	精确地	https://thumb.wikimedia.org/wikipedia/commons/thumb/d/db/Standing_at_exactly_J055247_-_geograph.org.uk_-_229259.jpg/250px-Standing_at_exactly_J055247_-_geograph.org.uk_-_229259.jpg?utm_source=commons.wikimedia.org&utm_campaign=imageinfo&utm_content=thumbnail	https://ts2.mm.bing.net/th?id=OIP.fxNFSQr6CuwnvkoKE9P-GAAAAA&pid=15.1
examples	例子	https://upload.wikimedia.org/wikipedia/commons/0/04/Examples_of_Sawa_Sekky%C5%8D%E2%80%99s_signature.jpg?utm_source=commons.wikimedia.org&utm_campaign=imageinfo&utm_content=thumbnail_unscaled	https://cdn-icons-png.flaticon.com/128/5359/5359803.png
exams	考试	https://thumb.wikimedia.org/wikipedia/commons/thumb/8/87/Donboscocambodia0001.JPG/250px-Donboscocambodia0001.JPG?utm_source=en.wikipedia.org&utm_campaign=api&utm_content=thumbnail	https://cdn-icons-png.flaticon.com/128/9043/9043010.png
exception	异常	https://thumb.wikimedia.org/wikipedia/commons/thumb/1/1d/Exception_Handler_List.png/250px-Exception_Handler_List.png?utm_source=commons.wikimedia.org&utm_campaign=imageinfo&utm_content=thumbnail	https://cdn-icons-png.flaticon.com/128/1331/1331377.png
exceptions	异常	https://thumb.wikimedia.org/wikipedia/commons/thumb/1/10/Backtesting_exceptions_10Dx250.png/250px-Backtesting_exceptions_10Dx250.png?utm_source=commons.wikimedia.org&utm_campaign=imageinfo&utm_content=thumbnail	https://cdn-icons-png.flaticon.com/128/17359/17359615.png
exchange	交换	https://thumb.wikimedia.org/wikipedia/commons/thumb/f/f6/Wool_Exchange_Bradford.jpg/250px-Wool_Exchange_Bradford.jpg?utm_source=commons.wikimedia.org&utm_campaign=imageinfo&utm_content=thumbnail	https://cdn-icons-png.flaticon.com/128/1372/1372789.png
execution	执行	https://thumb.wikimedia.org/wikipedia/commons/thumb/d/d4/Execution_of_Louis_XVI.jpg/250px-Execution_of_Louis_XVI.jpg?utm_source=en.wikipedia.org&utm_campaign=api&utm_content=thumbnail	https://cdn-icons-png.flaticon.com/128/18224/18224966.png
executive	高管	https://upload.wikimedia.org/wikipedia/commons/7/70/1948_Executive_Order_9981_37c_USA_stamp.gif?utm_source=commons.wikimedia.org&utm_campaign=imageinfo&utm_content=thumbnail_unscaled	https://cdn-icons-png.flaticon.com/128/208/208962.png
exercise	练习	https://thumb.wikimedia.org/wikipedia/commons/thumb/3/33/Cycling_in_Amsterdam_%28893%29.jpg/250px-Cycling_in_Amsterdam_%28893%29.jpg?utm_source=en.wikipedia.org&utm_campaign=api&utm_content=thumbnail	https://cdn-icons-png.flaticon.com/128/17084/17084950.png
exercises	练习	https://thumb.wikimedia.org/wikipedia/commons/thumb/3/33/Cycling_in_Amsterdam_%28893%29.jpg/250px-Cycling_in_Amsterdam_%28893%29.jpg?utm_source=en.wikipedia.org&utm_campaign=api&utm_content=thumbnail	https://ts3.mm.bing.net/th?id=OIP.PHlrZveka17RUqFi7Aey7wAAAA&pid=15.1
exhausted	耗尽	https://thumb.wikimedia.org/wikipedia/commons/thumb/0/06/Cfs_woman_sketch.jpg/250px-Cfs_woman_sketch.jpg?utm_source=en.wikipedia.org&utm_campaign=api&utm_content=thumbnail	https://ts4.mm.bing.net/th?id=OIP.-kf66cSmMGwMsmNbINgrKgAAAA&pid=15.1
exist	存在	https://upload.wikimedia.org/wikipedia/commons/1/14/Git-clone-to-exist-result.png?utm_source=commons.wikimedia.org&utm_campaign=imageinfo&utm_content=thumbnail_unscaled	https://ts3.mm.bing.net/th?id=OIP.GPnrBBtrW3odElZ9qdDmiwAAAA&pid=15.1
existing	现有	https://thumb.wikimedia.org/wikipedia/commons/thumb/2/28/Existential_quantifier.svg/250px-Existential_quantifier.svg.png?utm_source=en.wikipedia.org&utm_campaign=api&utm_content=thumbnail	https://ts3.mm.bing.net/th?id=OIP.ucN3-1o-djzKQGCxU6XgxQAAAA&pid=15.1
exists	存在	https://thumb.wikimedia.org/wikipedia/commons/thumb/5/5c/Nicotine_exists_in_vegetables.jpg/250px-Nicotine_exists_in_vegetables.jpg?utm_source=commons.wikimedia.org&utm_campaign=imageinfo&utm_content=thumbnail	https://www.icons101.com/icons/28/2014_Movie_Folder_Icon_Pack_by_amirtanha18/128/Exists Folder Icon.png
exit	退出	https://thumb.wikimedia.org/wikipedia/commons/thumb/4/46/EXIT_2012_Totally_Enormous_Extinct_Dinosaurs.jpg/250px-EXIT_2012_Totally_Enormous_Extinct_Dinosaurs.jpg?utm_source=commons.wikimedia.org&utm_campaign=imageinfo&utm_content=thumbnail	https://cdn-icons-png.flaticon.com/128/10521/10521395.png
expand	扩展	https://thumb.wikimedia.org/wikipedia/commons/thumb/5/50/Expand_Dong_meme_logo.png/250px-Expand_Dong_meme_logo.png?utm_source=commons.wikimedia.org&utm_campaign=imageinfo&utm_content=thumbnail	https://cdn-icons-png.flaticon.com/128/318/318159.png
expansion	扩展	https://thumb.wikimedia.org/wikipedia/commons/thumb/6/6c/Expansion_de_l%27univers.gif/250px-Expansion_de_l%27univers.gif?utm_source=commons.wikimedia.org&utm_campaign=imageinfo&utm_content=thumbnail	https://cdn-icons-png.flaticon.com/128/9046/9046367.png
expansions	扩展	https://thumb.wikimedia.org/wikipedia/commons/thumb/8/81/Figure_8._Lateral_expansions_of_DBA.png/250px-Figure_8._Lateral_expansions_of_DBA.png?utm_source=commons.wikimedia.org&utm_campaign=imageinfo&utm_content=thumbnail	https://cdn-icons-png.flaticon.com/128/9046/9046367.png
expect	期望	https://upload.wikimedia.org/wikipedia/commons/5/50/Hel_distant_expect-stop.png?utm_source=commons.wikimedia.org&utm_campaign=imageinfo&utm_content=thumbnail_unscaled	https://ts1.mm.bing.net/th?id=OIP.nXYoKlRfrrwI7VIsYbatDAAAAA&pid=15.1
expectations	期望		https://cdn-icons-png.flaticon.com/128/11930/11930149.png
expected	预期	https://thumb.wikimedia.org/wikipedia/commons/thumb/0/05/What_Might_Have_Been_Expected_-_Bookcover_-_Project_Gutenberg_eText_18654.jpg/250px-What_Might_Have_Been_Expected_-_Bookcover_-_Project_Gutenberg_eText_18654.jpg?utm_source=commons.wikimedia.org&utm_campaign=imageinfo&utm_content=thumbnail	https://icons.veryicon.com/png/128/miscellaneous/map-coordinates/event-work-order-expected-1.png
expenses	费用	https://upload.wikimedia.org/wikipedia/commons/d/d2/WM-expenses-pie-2006.png?utm_source=commons.wikimedia.org&utm_campaign=imageinfo&utm_content=thumbnail_unscaled	https://ts4.mm.bing.net/th?id=OIP.aoHYMDmz8F_u0itKLrvC9wAAAA&pid=15.1
expensive	昂贵	https://thumb.wikimedia.org/wikipedia/commons/thumb/b/be/US_criminal_justice_cost_timeline.gif/250px-US_criminal_justice_cost_timeline.gif?utm_source=commons.wikimedia.org&utm_campaign=imageinfo&utm_content=thumbnail	https://cdn-icons-png.flaticon.com/128/8042/8042825.png
experience	体验	https://thumb.wikimedia.org/wikipedia/commons/thumb/4/4e/Experience_%281921%29_-_Helen_Ray.jpg/250px-Experience_%281921%29_-_Helen_Ray.jpg?utm_source=commons.wikimedia.org&utm_campaign=imageinfo&utm_content=thumbnail	https://cdn-icons-png.flaticon.com/128/2303/2303915.png
experienced	有经验	https://upload.wikimedia.org/wikipedia/commons/9/9e/Experienced_lv2_small.png?utm_source=commons.wikimedia.org&utm_campaign=imageinfo&utm_content=thumbnail_unscaled	https://cdn-icons-png.flaticon.com/128/2303/2303915.png
experiences	体验	https://thumb.wikimedia.org/wikipedia/commons/thumb/b/bf/The_Convent_School%2C_or_Early_Experiences_of_A_Young_Flagellant.png/250px-The_Convent_School%2C_or_Early_Experiences_of_A_Young_Flagellant.png?utm_source=commons.wikimedia.org&utm_campaign=imageinfo&utm_content=thumbnail	https://cdn-icons-png.flaticon.com/128/2303/2303915.png
experiments	实验	https://thumb.wikimedia.org/wikipedia/commons/thumb/e/e8/Apollo_15_feather_and_hammer_drop.ogv/250px--Apollo_15_feather_and_hammer_drop.ogv.jpg	https://ts1.mm.bing.net/th?id=OIP.j-jvUUpYF-ngooKADgHuKwAAAA&pid=15.1
expert	专家	https://thumb.wikimedia.org/wikipedia/commons/thumb/f/fe/Becker_von%2C_Adolf_-_The_Art_Expert_-_Google_Art_Project.jpg/250px-Becker_von%2C_Adolf_-_The_Art_Expert_-_Google_Art_Project.jpg?utm_source=en.wikipedia.org&utm_campaign=api&utm_content=thumbnail	https://cdn-icons-png.flaticon.com/128/11511/11511383.png
experts	专家	https://thumb.wikimedia.org/wikipedia/commons/thumb/f/fe/Becker_von%2C_Adolf_-_The_Art_Expert_-_Google_Art_Project.jpg/250px-Becker_von%2C_Adolf_-_The_Art_Expert_-_Google_Art_Project.jpg?utm_source=en.wikipedia.org&utm_campaign=api&utm_content=thumbnail	https://ts3.mm.bing.net/th?id=OIP._Tu1dJ05yqMXp9sxJSwWWgAAAA&pid=15.1
expire	过期	https://thumb.wikimedia.org/wikipedia/commons/thumb/e/e5/Expire_Joshua_Kelting_Gesang.JPG/250px-Expire_Joshua_Kelting_Gesang.JPG?utm_source=en.wikipedia.org&utm_campaign=api&utm_content=thumbnail	https://cdn-icons-png.flaticon.com/128/5632/5632472.png
expiry	到期	https://thumb.wikimedia.org/wikipedia/commons/thumb/1/12/Expiration.jpg/250px-Expiration.jpg?utm_source=en.wikipedia.org&utm_campaign=api&utm_content=thumbnail	https://cdn-icons-png.flaticon.com/128/5626/5626141.png
explain	解释	https://thumb.wikimedia.org/wikipedia/commons/thumb/7/74/%27The_Mighty_Orinoco%27_by_George_Roux_64.jpg/250px-%27The_Mighty_Orinoco%27_by_George_Roux_64.jpg?utm_source=commons.wikimedia.org&utm_campaign=imageinfo&utm_content=thumbnail	https://ts1.mm.bing.net/th?id=OIP.x-o0uEOIt7X_rY6LsXufNwAAAA&pid=15.1
explains	解释	https://thumb.wikimedia.org/wikipedia/commons/thumb/9/94/An_upholsterer_explains_his_craft_-_geograph.org.uk_-_890489.jpg/250px-An_upholsterer_explains_his_craft_-_geograph.org.uk_-_890489.jpg?utm_source=commons.wikimedia.org&utm_campaign=imageinfo&utm_content=thumbnail	https://cdn2.iconfinder.com/data/icons/education-outline-color/64/presentation-512.png
explicit	明确	https://thumb.wikimedia.org/wikipedia/commons/thumb/f/f7/Explicit_Architecture_Logo.jpg/250px-Explicit_Architecture_Logo.jpg?utm_source=commons.wikimedia.org&utm_campaign=imageinfo&utm_content=thumbnail	https://ts4.mm.bing.net/th?id=OIP.rUTlNFyC0u1L_4GdjNIXfwAAAA&pid=15.1
exploitability	可利用性	https://upload.wikimedia.org/wikipedia/commons/f/f2/Pearl_White_The_New_Exploits_of_Elaine.jpg?utm_source=commons.wikimedia.org&utm_campaign=imageinfo&utm_content=thumbnail_unscaled	https://ts1.mm.bing.net/th?id=OIP.9DA8VGkcErUTd06AOM-K8QAAAA&pid=15.1
exploration	探索	https://thumb.wikimedia.org/wikipedia/commons/thumb/5/59/Sonda_Mars_Exploration_Rover..jpg/250px-Sonda_Mars_Exploration_Rover..jpg?utm_source=commons.wikimedia.org&utm_campaign=imageinfo&utm_content=thumbnail	https://cdn-icons-png.flaticon.com/128/12316/12316450.png
explore	探索	https://upload.wikimedia.org/wikipedia/commons/8/8a/Explore-France-wordmark.png?utm_source=commons.wikimedia.org&utm_campaign=imageinfo&utm_content=thumbnail_unscaled	https://cdn-icons-png.flaticon.com/128/3775/3775263.png
export	导出	https://thumb.wikimedia.org/wikipedia/commons/thumb/d/df/Export-manga-equipo.jpg/250px-Export-manga-equipo.jpg?utm_source=commons.wikimedia.org&utm_campaign=imageinfo&utm_content=thumbnail	https://cdn-icons-png.flaticon.com/128/4450/4450051.png
exports	导出	https://upload.wikimedia.org/wikipedia/commons/1/12/Invisible-Exports_Logo.jpg?utm_source=commons.wikimedia.org&utm_campaign=imageinfo&utm_content=thumbnail_unscaled	https://cdn-icons-png.flaticon.com/128/7403/7403344.png
exposing	暴露	https://thumb.wikimedia.org/wikipedia/commons/thumb/c/c1/Lobo_exposing_the_traps.png/250px-Lobo_exposing_the_traps.png?utm_source=commons.wikimedia.org&utm_campaign=imageinfo&utm_content=thumbnail	https://ts1.mm.bing.net/th?id=OIP.lP4tdYyuw4aVkEaDwycmFwAAAA&pid=15.1
extensions	扩展	https://thumb.wikimedia.org/wikipedia/commons/thumb/8/89/Building_extensions_to_the_supermarket_-_geograph.org.uk_-_1540121.jpg/250px-Building_extensions_to_the_supermarket_-_geograph.org.uk_-_1540121.jpg?utm_source=commons.wikimedia.org&utm_campaign=imageinfo&utm_content=thumbnail	https://ts2.mm.bing.net/th?id=OIP.c0G7mxwbQFYoO8XjF7y7YAAAAA&pid=15.1
external	外部	https://upload.wikimedia.org/wikipedia/commons/d/df/Icon_External_Link_PDF.png?utm_source=commons.wikimedia.org&utm_campaign=imageinfo&utm_content=thumbnail_unscaled	https://cdn-icons-png.flaticon.com/128/150/150533.png
extra	额外	https://thumb.wikimedia.org/wikipedia/commons/thumb/2/2d/The_Brighton_Extra-Mural_Chapel_-_geograph.org.uk_-_1027301.jpg/250px-The_Brighton_Extra-Mural_Chapel_-_geograph.org.uk_-_1027301.jpg?utm_source=commons.wikimedia.org&utm_campaign=imageinfo&utm_content=thumbnail	https://cdn-icons-png.flaticon.com/128/5110/5110766.png
extract	提取	https://thumb.wikimedia.org/wikipedia/commons/thumb/7/77/Pond%27s_Extract_%283092838713%29.jpg/120px-Pond%27s_Extract_%283092838713%29.jpg?utm_source=commons.wikimedia.org&utm_campaign=imageinfo&utm_content=thumbnail	https://cdn4.iconfinder.com/data/icons/data-science-16/48/14-128.png
facilitators	引导者	https://upload.wikimedia.org/wikipedia/commons/4/40/Chambers_Coach_Ireland_coach%2C_Crawfordsburn%2C_19_May_2011.jpg?utm_source=commons.wikimedia.org&utm_campaign=imageinfo&utm_content=thumbnail_unscaled	https://cdn-icons-png.flaticon.com/128/13731/13731216.png
facilities	设施		https://ts4.mm.bing.net/th?id=OIP.CogOwgcWeVNa-EfrSoynxgAAAA&pid=15.1
facing	面向	https://thumb.wikimedia.org/wikipedia/commons/thumb/d/d7/Rumbling_water_-_geograph.org.uk_-_317622.jpg/250px-Rumbling_water_-_geograph.org.uk_-_317622.jpg?utm_source=commons.wikimedia.org&utm_campaign=imageinfo&utm_content=thumbnail	https://cdn-icons-png.flaticon.com/128/4154/4154873.png
fact	事实	https://thumb.wikimedia.org/wikipedia/commons/thumb/1/1a/Fact_Findings%2C_John_Hope_Simpson_66_year_old_retired_English_civil_servant%2C_naming_ceremony_1934.jpg/120px-Fact_Findings%2C_John_Hope_Simpson_66_year_old_retired_English_civil_servant%2C_naming_ceremony_1934.jpg?utm_source=commons.wikimedia.org&utm_campaign=imageinfo&utm_content=thumbnail	https://cdn-icons-png.flaticon.com/128/5453/5453908.png
factor	因素	https://thumb.wikimedia.org/wikipedia/commons/thumb/b/b7/Plat%C3%B3_Factor_X.jpg/250px-Plat%C3%B3_Factor_X.jpg?utm_source=commons.wikimedia.org&utm_campaign=imageinfo&utm_content=thumbnail	https://ts4.mm.bing.net/th?id=OIP.9NPQM25LhjP_vOJsR1YCBwAAAA&pid=15.1
facts	事实	https://thumb.wikimedia.org/wikipedia/commons/thumb/0/0c/NASA_FACTS_Volume_2_number_6_PROJECT_RANGER_image_15.jpg/120px-NASA_FACTS_Volume_2_number_6_PROJECT_RANGER_image_15.jpg?utm_source=commons.wikimedia.org&utm_campaign=imageinfo&utm_content=thumbnail	https://cdn-icons-png.flaticon.com/128/5200/5200045.png
fade	淡出	https://thumb.wikimedia.org/wikipedia/commons/thumb/b/b2/Fade_out.jpg/120px-Fade_out.jpg?utm_source=commons.wikimedia.org&utm_campaign=imageinfo&utm_content=thumbnail	https://cdn-icons-png.flaticon.com/128/734/734461.png
