word	zh	image	icon
fades	淡出	https://thumb.wikimedia.org/wikipedia/commons/thumb/f/f2/Viaduc_des_Fades.jpg/250px-Viaduc_des_Fades.jpg?utm_source=commons.wikimedia.org&utm_campaign=imageinfo&utm_content=thumbnail	https://ts4.mm.bing.net/th?id=OIP.qJIrO66fnt1DgaGjtYZz0QAAAA&pid=15.1
fail	失败	https://thumb.wikimedia.org/wikipedia/commons/thumb/2/24/Water_of_Fail_-_geograph.org.uk_-_340030.jpg/250px-Water_of_Fail_-_geograph.org.uk_-_340030.jpg?utm_source=commons.wikimedia.org&utm_campaign=imageinfo&utm_content=thumbnail	https://ts2.mm.bing.net/th?id=OIP.Yw38lFdqV23X5t0cCJE0fAAAAA&pid=15.1
failed	失败	https://thumb.wikimedia.org/wikipedia/commons/thumb/8/81/The_Right_That_Failed_%281922%29_-_1.jpg/250px-The_Right_That_Failed_%281922%29_-_1.jpg?utm_source=commons.wikimedia.org&utm_campaign=imageinfo&utm_content=thumbnail	https://ts2.mm.bing.net/th?id=OIP.Yw38lFdqV23X5t0cCJE0fAAAAA&pid=15.1
failovers	故障转移	https://thumb.wikimedia.org/wikipedia/commons/thumb/f/f8/Failover_cluster.png/250px-Failover_cluster.png?utm_source=commons.wikimedia.org&utm_campaign=imageinfo&utm_content=thumbnail	https://ts3.mm.bing.net/th?id=OIP.vydOI_mJ1MNDn-1Zcre_iAAAAA&pid=15.1
fails	失败	https://thumb.wikimedia.org/wikipedia/commons/thumb/d/d3/If_Marriage_Fails_%281925%29_-_2.jpg/120px-If_Marriage_Fails_%281925%29_-_2.jpg?utm_source=commons.wikimedia.org&utm_campaign=imageinfo&utm_content=thumbnail	https://ts2.mm.bing.net/th?id=OIP.Yw38lFdqV23X5t0cCJE0fAAAAA&pid=15.1
failure	失败		https://cdn-icons-png.flaticon.com/128/12675/12675864.png
failures	失败	https://thumb.wikimedia.org/wikipedia/commons/thumb/f/f5/Ventricular_Assist_Device_%28Power_Pack%29.png/250px-Ventricular_Assist_Device_%28Power_Pack%29.png?utm_source=commons.wikimedia.org&utm_campaign=imageinfo&utm_content=thumbnail	https://ts1.mm.bing.net/th?id=OIP.P-oJ_04JakYTjFPQow7JNgAAAA&pid=15.1
fair	公平	https://thumb.wikimedia.org/wikipedia/commons/thumb/c/c1/Christmas_Fair_-_geograph.org.uk_-_289424.jpg/250px-Christmas_Fair_-_geograph.org.uk_-_289424.jpg?utm_source=commons.wikimedia.org&utm_campaign=imageinfo&utm_content=thumbnail	https://cdn-icons-png.flaticon.com/128/3362/3362218.png
fairly	公平地	https://thumb.wikimedia.org/wikipedia/commons/thumb/9/94/David_Sullivan_on_Lyn_Fairly_media.jpg/250px-David_Sullivan_on_Lyn_Fairly_media.jpg?utm_source=commons.wikimedia.org&utm_campaign=imageinfo&utm_content=thumbnail	https://cdn-icons-png.flaticon.com/128/1538/1538652.png
faith	信任	https://thumb.wikimedia.org/wikipedia/commons/thumb/2/21/SDMap-doton-Faith.PNG/250px-SDMap-doton-Faith.PNG?utm_source=commons.wikimedia.org&utm_campaign=imageinfo&utm_content=thumbnail	https://cdn-icons-png.flaticon.com/128/11292/11292543.png
fake	虚假	https://upload.wikimedia.org/wikipedia/commons/3/38/Fake_news_sites.png?utm_source=commons.wikimedia.org&utm_campaign=imageinfo&utm_content=thumbnail_unscaled	https://cdn-icons-png.flaticon.com/128/4410/4410158.png
fall	下降	https://thumb.wikimedia.org/wikipedia/commons/thumb/b/b6/Sneaton_Forest_-_Falling_Foss_water_fall_-_geograph.org.uk_-_5395.jpg/250px-Sneaton_Forest_-_Falling_Foss_water_fall_-_geograph.org.uk_-_5395.jpg?utm_source=commons.wikimedia.org&utm_campaign=imageinfo&utm_content=thumbnail	https://ts3.mm.bing.net/th?id=OIP.Lr9ED50UNBm66m7ak05XZAAAAA&pid=15.1
fallback	回退	https://thumb.wikimedia.org/wikipedia/commons/thumb/5/58/Fallback_in_Behavior_tree.png/250px-Fallback_in_Behavior_tree.png?utm_source=commons.wikimedia.org&utm_campaign=imageinfo&utm_content=thumbnail	https://ts4.mm.bing.net/th?id=OIP.7dQdS2NZ2bMRGvKmy50__gAAAA&pid=15.1
false	假	https://thumb.wikimedia.org/wikipedia/commons/thumb/9/93/False_Dmitriy_I_and_Marina_Mniszech.jpg/250px-False_Dmitriy_I_and_Marina_Mniszech.jpg?utm_source=commons.wikimedia.org&utm_campaign=imageinfo&utm_content=thumbnail	https://cdn-icons-png.flaticon.com/128/3874/3874068.png
families	家庭	https://thumb.wikimedia.org/wikipedia/commons/thumb/d/de/A_family_outside_a_house_NLW3364910.jpg/250px-A_family_outside_a_house_NLW3364910.jpg?utm_source=commons.wikimedia.org&utm_campaign=imageinfo&utm_content=thumbnail	https://cdn-icons-png.flaticon.com/128/547/547501.png
fancy	花哨	https://thumb.wikimedia.org/wikipedia/commons/thumb/a/a4/Fancy_Mouse.jpg/250px-Fancy_Mouse.jpg?utm_source=commons.wikimedia.org&utm_campaign=imageinfo&utm_content=thumbnail	https://ts3.mm.bing.net/th?id=OIP.a5ornI8C6m-xBtU_3SFaFwAAAA&pid=15.1
fast	快		https://cdn-icons-png.flaticon.com/128/55/55240.png
faster	更快	https://thumb.wikimedia.org/wikipedia/commons/thumb/3/3c/Faster_Kirke_Krucifiks.jpg/250px-Faster_Kirke_Krucifiks.jpg?utm_source=commons.wikimedia.org&utm_campaign=imageinfo&utm_content=thumbnail	https://cdn-icons-png.flaticon.com/128/14230/14230015.png
fatigue	疲劳	https://thumb.wikimedia.org/wikipedia/commons/thumb/f/f9/Crankshaft_fatigue.jpg/250px-Crankshaft_fatigue.jpg?utm_source=commons.wikimedia.org&utm_campaign=imageinfo&utm_content=thumbnail	https://cdn-icons-png.flaticon.com/128/9638/9638524.png
fear	恐惧	https://thumb.wikimedia.org/wikipedia/commons/thumb/e/e4/Yakunchikova_Fear.jpg/250px-Yakunchikova_Fear.jpg?utm_source=commons.wikimedia.org&utm_campaign=imageinfo&utm_content=thumbnail	https://cdn-icons-png.flaticon.com/128/6124/6124740.png
feature	功能	https://thumb.wikimedia.org/wikipedia/commons/thumb/a/ab/Radial_engine.gif/250px-Radial_engine.gif?utm_source=commons.wikimedia.org&utm_campaign=imageinfo&utm_content=thumbnail	https://cdn-icons-png.flaticon.com/128/1085/1085821.png
features	功能	https://thumb.wikimedia.org/wikipedia/commons/thumb/0/0f/Stony_features%5E_-_geograph.org.uk_-_886683.jpg/250px-Stony_features%5E_-_geograph.org.uk_-_886683.jpg?utm_source=commons.wikimedia.org&utm_campaign=imageinfo&utm_content=thumbnail	https://cdn-icons-png.flaticon.com/128/1085/1085821.png
federated	联邦		https://ts4.mm.bing.net/th?id=OIP.-fTJ7FpaM96gNcSxppFAAAAAAA&pid=15.1
feed	信息流	https://upload.wikimedia.org/wikipedia/commons/7/79/Farm-Fresh_feed_add.png?utm_source=commons.wikimedia.org&utm_campaign=imageinfo&utm_content=thumbnail_unscaled	https://cdn-icons-png.flaticon.com/128/5312/5312571.png
feedback	反馈	https://thumb.wikimedia.org/wikipedia/commons/thumb/f/fb/Simple_Feedback_01.png/250px-Simple_Feedback_01.png?utm_source=commons.wikimedia.org&utm_campaign=imageinfo&utm_content=thumbnail	https://cdn-icons-png.flaticon.com/128/1151/1151460.png
feeds	信息流	https://thumb.wikimedia.org/wikipedia/commons/thumb/b/bc/Rama_feeds_Hanuman.jpg/250px-Rama_feeds_Hanuman.jpg?utm_source=commons.wikimedia.org&utm_campaign=imageinfo&utm_content=thumbnail	https://cdn-icons-png.flaticon.com/128/10144/10144720.png
feel	感觉	https://thumb.wikimedia.org/wikipedia/commons/thumb/0/02/%C5%81ukasz_Ko%C5%BCuch_Feel_22_stycznia_2008_r._049.jpg/120px-%C5%81ukasz_Ko%C5%BCuch_Feel_22_stycznia_2008_r._049.jpg?utm_source=commons.wikimedia.org&utm_campaign=imageinfo&utm_content=thumbnail	https://ts2.mm.bing.net/th?id=OIP.zOoUWQ7DZgDfDZAM4A2bSAAAAA&pid=15.1
feelings	感受		https://cdn-icons-png.flaticon.com/128/3285/3285977.png
feels	感觉	https://thumb.wikimedia.org/wikipedia/commons/thumb/9/96/Some_days_I_know_how_she_feels_-_geograph.org.uk_-_1162897.jpg/250px-Some_days_I_know_how_she_feels_-_geograph.org.uk_-_1162897.jpg?utm_source=commons.wikimedia.org&utm_campaign=imageinfo&utm_content=thumbnail	https://ts2.mm.bing.net/th?id=OIP.zOoUWQ7DZgDfDZAM4A2bSAAAAA&pid=15.1
fees	费用	https://thumb.wikimedia.org/wikipedia/commons/thumb/e/e1/Car_park_fees_-_geograph.org.uk_-_2613078.jpg/120px-Car_park_fees_-_geograph.org.uk_-_2613078.jpg?utm_source=commons.wikimedia.org&utm_campaign=imageinfo&utm_content=thumbnail	https://cdn-icons-png.flaticon.com/128/6344/6344008.png
felt	感到	https://thumb.wikimedia.org/wikipedia/commons/thumb/2/27/Felt_head_badge.JPG/250px-Felt_head_badge.JPG?utm_source=commons.wikimedia.org&utm_campaign=imageinfo&utm_content=thumbnail	https://ts3.mm.bing.net/th?id=OIP.13e2PUF3zFFNRYjaCbdHyQAAAA&pid=15.1
few	少	https://thumb.wikimedia.org/wikipedia/commons/thumb/3/31/Mark-few-USD-vs-Gonzaga-feb-18-08.jpg/120px-Mark-few-USD-vs-Gonzaga-feb-18-08.jpg?utm_source=commons.wikimedia.org&utm_campaign=imageinfo&utm_content=thumbnail	https://ts1.mm.bing.net/th?id=OIP.s-zONNgR3Ut0v_9lg27SrQAAAA&pid=15.1
fewer	更少	https://thumb.wikimedia.org/wikipedia/commons/thumb/7/76/Edward_Fewer_%26_Co%2C_Englische_Fabrik_in_L%C3%A4gerdorf%2C_1899.jpg/250px-Edward_Fewer_%26_Co%2C_Englische_Fabrik_in_L%C3%A4gerdorf%2C_1899.jpg?utm_source=commons.wikimedia.org&utm_campaign=imageinfo&utm_content=thumbnail	https://ts3.mm.bing.net/th?id=OIP.03P7ELdZGv5Z2oifXFWVhAAAAA&pid=15.1
fidelity	保真	https://thumb.wikimedia.org/wikipedia/commons/thumb/3/3d/Fidelity-building-1886-tn1.jpg/250px-Fidelity-building-1886-tn1.jpg?utm_source=commons.wikimedia.org&utm_campaign=imageinfo&utm_content=thumbnail	https://ts4.mm.bing.net/th?id=OIP.2X49PQoYHDiqm-7O8AE9MAAAAA&pid=15.1
field	字段	https://thumb.wikimedia.org/wikipedia/commons/thumb/a/ad/Arable_Field%2C_south_of_Castle_Hill_Farm_-_geograph.org.uk_-_81290.jpg/250px-Arable_Field%2C_south_of_Castle_Hill_Farm_-_geograph.org.uk_-_81290.jpg?utm_source=commons.wikimedia.org&utm_campaign=imageinfo&utm_content=thumbnail	https://cdn-icons-png.flaticon.com/128/4614/4614470.png
fields	字段	https://thumb.wikimedia.org/wikipedia/commons/thumb/1/1e/Arable_fields_near_North_Dalton_-_geograph.org.uk_-_4964156.jpg/250px-Arable_fields_near_North_Dalton_-_geograph.org.uk_-_4964156.jpg?utm_source=commons.wikimedia.org&utm_campaign=imageinfo&utm_content=thumbnail	https://cdn-icons-png.flaticon.com/128/4614/4614470.png
fieldwork	实地	https://thumb.wikimedia.org/wikipedia/commons/thumb/d/dc/River_fieldwork_in_Garrachra_Glen_-_geograph.org.uk_-_338477.jpg/250px-River_fieldwork_in_Garrachra_Glen_-_geograph.org.uk_-_338477.jpg?utm_source=commons.wikimedia.org&utm_campaign=imageinfo&utm_content=thumbnail	https://ts1.mm.bing.net/th?id=OIP.bsFbqq6Lb5K5w-Cw_Af2KwAAAA&pid=15.1
fight	对抗	https://thumb.wikimedia.org/wikipedia/commons/thumb/6/63/Fight_Club_Soap_-_Omni_Consumer_Products_%288646725933%29.jpg/250px-Fight_Club_Soap_-_Omni_Consumer_Products_%288646725933%29.jpg?utm_source=commons.wikimedia.org&utm_campaign=imageinfo&utm_content=thumbnail	https://cdn-icons-png.flaticon.com/128/7231/7231289.png
file	文件	https://thumb.wikimedia.org/wikipedia/commons/thumb/4/4e/Illustration_of_types_of_file.png/250px-Illustration_of_types_of_file.png?utm_source=commons.wikimedia.org&utm_campaign=imageinfo&utm_content=thumbnail	https://ts2.mm.bing.net/th?id=OIP.4sj00GxwHuccl9cQ7o05HwAAAA&pid=15.1
files	文件	https://thumb.wikimedia.org/wikipedia/commons/thumb/9/95/Files_-_G_Framework.jpg/250px-Files_-_G_Framework.jpg?utm_source=commons.wikimedia.org&utm_campaign=imageinfo&utm_content=thumbnail	https://ts2.mm.bing.net/th?id=OIP.W3h7YngirscL_gVxHXxgpAAAAA&pid=15.1
filings	备案	https://thumb.wikimedia.org/wikipedia/commons/thumb/9/93/A-1_horseshoe-magnet-red-silver-iron-filings-AHD.jpg/250px-A-1_horseshoe-magnet-red-silver-iron-filings-AHD.jpg?utm_source=commons.wikimedia.org&utm_campaign=imageinfo&utm_content=thumbnail	https://cdn-icons-png.flaticon.com/128/214/214901.png
fill	填补	https://upload.wikimedia.org/wikipedia/commons/e/e1/Peter_Fill_2016.jpg?utm_source=commons.wikimedia.org&utm_campaign=imageinfo&utm_content=thumbnail_unscaled	https://ts2.mm.bing.net/th?id=OIP.5xjWFpwUiyCB1fty1_7qkgAAAA&pid=15.1
filters	过滤	https://upload.wikimedia.org/wikipedia/commons/a/a1/Typische_Konstruktion_eines_Schlauchfilters.jpg?utm_source=commons.wikimedia.org&utm_campaign=imageinfo&utm_content=thumbnail_unscaled	https://cdn-icons-png.flaticon.com/128/13100/13100747.png
final	最终	https://thumb.wikimedia.org/wikipedia/commons/thumb/1/1d/Final-game-to-Klosterman.jpg/250px-Final-game-to-Klosterman.jpg?utm_source=commons.wikimedia.org&utm_campaign=imageinfo&utm_content=thumbnail	https://cdn-icons-png.flaticon.com/128/1715/1715743.png
finance	财务	https://thumb.wikimedia.org/wikipedia/commons/thumb/9/92/ECO_Finance_Group_logo.png/250px-ECO_Finance_Group_logo.png?utm_source=commons.wikimedia.org&utm_campaign=imageinfo&utm_content=thumbnail	https://ts2.mm.bing.net/th?id=OIP.BPexavyJlg5m6sukM7z5VwAAAA&pid=15.1
financial	财务	https://thumb.wikimedia.org/wikipedia/commons/thumb/d/de/Emblem_of_the_State_Committee_for_Financial_Monitoring_of_Ukraine.png/250px-Emblem_of_the_State_Committee_for_Financial_Monitoring_of_Ukraine.png?utm_source=commons.wikimedia.org&utm_campaign=imageinfo&utm_content=thumbnail	https://ts1.mm.bing.net/th?id=OIP.th60qtBVFjvYJRnMVT7XTAAAAA&pid=15.1
financing	融资	https://thumb.wikimedia.org/wikipedia/commons/thumb/c/ca/267th_Finance_Battalion_COA.png/120px-267th_Finance_Battalion_COA.png?utm_source=commons.wikimedia.org&utm_campaign=imageinfo&utm_content=thumbnail	https://ts2.mm.bing.net/th?id=OIP.BPexavyJlg5m6sukM7z5VwAAAA&pid=15.1
find	查找	https://thumb.wikimedia.org/wikipedia/commons/thumb/0/00/Findlay_by_find_a_grave.jpg/250px-Findlay_by_find_a_grave.jpg?utm_source=commons.wikimedia.org&utm_campaign=imageinfo&utm_content=thumbnail	https://ts3.mm.bing.net/th?id=OIP.yW8N3pGOqdeNLA9o8OIwYQAAAA&pid=15.1
findings	发现		https://ts4.mm.bing.net/th?id=OIP.elwofCV9rWdXkpo2q7f43QAAAA&pid=15.1
finds	查找	https://thumb.wikimedia.org/wikipedia/commons/thumb/9/9e/Lana_Turner_in_Love_Finds_Andy_Hardy_trailer.jpg/250px-Lana_Turner_in_Love_Finds_Andy_Hardy_trailer.jpg?utm_source=commons.wikimedia.org&utm_campaign=imageinfo&utm_content=thumbnail	https://ts2.mm.bing.net/th?id=OIP.FRmUEn-9pdMlSApsZ5OLLQAAAA&pid=15.1
finish	完成	https://thumb.wikimedia.org/wikipedia/commons/thumb/6/62/Finish-SprintforSight-Large.jpg/250px-Finish-SprintforSight-Large.jpg?utm_source=commons.wikimedia.org&utm_campaign=imageinfo&utm_content=thumbnail	https://cdn-icons-png.flaticon.com/128/783/783470.png
finishes	完成	https://thumb.wikimedia.org/wikipedia/commons/thumb/d/d3/Austria_1904_25h_Franz_Josef_varnish_bars.jpg/250px-Austria_1904_25h_Franz_Josef_varnish_bars.jpg?utm_source=commons.wikimedia.org&utm_campaign=imageinfo&utm_content=thumbnail	https://cdn-icons-png.flaticon.com/128/1247/1247940.png
firmly	坚定地	https://thumb.wikimedia.org/wikipedia/commons/thumb/3/3c/Law-firm-paul-hastings-janofsky-walker-llp-photo-331155.jpg/250px-Law-firm-paul-hastings-janofsky-walker-llp-photo-331155.jpg?utm_source=commons.wikimedia.org&utm_campaign=imageinfo&utm_content=thumbnail	https://ts1.mm.bing.net/th?id=OIP.IBvN1wBahvHnOYdF2YDqnAAAAA&pid=15.1
firmware	固件	https://upload.wikimedia.org/wikipedia/commons/0/05/F.C.E._365_Firmware_Manager.PNG?utm_source=commons.wikimedia.org&utm_campaign=imageinfo&utm_content=thumbnail_unscaled	https://cdn-icons-png.flaticon.com/128/18474/18474814.png
first	首先	https://thumb.wikimedia.org/wikipedia/commons/thumb/8/81/First_camera_phone_picture.gif/250px-First_camera_phone_picture.gif?utm_source=commons.wikimedia.org&utm_campaign=imageinfo&utm_content=thumbnail	https://ts1.mm.bing.net/th?id=OIP.1LIAqzxzd-YIoHhzIHYVWQAAAA&pid=15.1
fit	适合	https://thumb.wikimedia.org/wikipedia/commons/thumb/1/13/Kwik-Fit%2C_Newmarket_Road_-_geograph.org.uk_-_973886.jpg/250px-Kwik-Fit%2C_Newmarket_Road_-_geograph.org.uk_-_973886.jpg?utm_source=commons.wikimedia.org&utm_campaign=imageinfo&utm_content=thumbnail	https://ts4.mm.bing.net/th?id=OIP._WicW_A2WS1xPYP7EtY3-wAAAA&pid=15.1
fitness	健身	https://thumb.wikimedia.org/wikipedia/commons/thumb/6/67/Fitness-landscape-cartoon.png/250px-Fitness-landscape-cartoon.png?utm_source=commons.wikimedia.org&utm_campaign=imageinfo&utm_content=thumbnail	https://ts4.mm.bing.net/th?id=OIP._WicW_A2WS1xPYP7EtY3-wAAAA&pid=15.1
fix	修复	https://thumb.wikimedia.org/wikipedia/commons/thumb/7/7c/Schauraum_Portois-Fix_1906.jpg/250px-Schauraum_Portois-Fix_1906.jpg?utm_source=commons.wikimedia.org&utm_campaign=imageinfo&utm_content=thumbnail	https://cdn-icons-png.flaticon.com/128/4763/4763152.png
fixed	已修复	https://upload.wikimedia.org/wikipedia/commons/5/55/Fixed_sample.png?utm_source=commons.wikimedia.org&utm_campaign=imageinfo&utm_content=thumbnail_unscaled	https://cdn-icons-png.flaticon.com/128/1614/1614627.png
fixes	修复		https://cdn-icons-png.flaticon.com/128/10063/10063458.png
flag	标记	https://thumb.wikimedia.org/wikipedia/commons/thumb/3/36/State_flag_of_Kingdom_of_Mankera_and_Dera.jpg/250px-State_flag_of_Kingdom_of_Mankera_and_Dera.jpg?utm_source=commons.wikimedia.org&utm_campaign=imageinfo&utm_content=thumbnail	https://ts2.mm.bing.net/th?id=OIP.CDbRciCFrykLJuLyn-fZ8wAAAA&pid=15.1
flags	标记	https://thumb.wikimedia.org/wikipedia/commons/thumb/1/1b/Bournemouth%2C_flags_at_the_Pier_Approach_-_geograph.org.uk_-_2098329.jpg/250px-Bournemouth%2C_flags_at_the_Pier_Approach_-_geograph.org.uk_-_2098329.jpg?utm_source=commons.wikimedia.org&utm_campaign=imageinfo&utm_content=thumbnail	https://cdn-icons-png.flaticon.com/128/4196/4196061.png
fleets	车队	https://thumb.wikimedia.org/wikipedia/commons/thumb/8/88/Stream_by_the_Innkeeper%27s_Lodge%2C_Fleet_-_geograph.org.uk_-_1206438.jpg/250px-Stream_by_the_Innkeeper%27s_Lodge%2C_Fleet_-_geograph.org.uk_-_1206438.jpg?utm_source=commons.wikimedia.org&utm_campaign=imageinfo&utm_content=thumbnail	https://cdn-icons-png.flaticon.com/128/10794/10794264.png
flight	航班	https://thumb.wikimedia.org/wikipedia/commons/thumb/d/df/EB1911_-_Flight_-_Fig._6.jpg/250px-EB1911_-_Flight_-_Fig._6.jpg?utm_source=commons.wikimedia.org&utm_campaign=imageinfo&utm_content=thumbnail	https://cdn-icons-png.flaticon.com/128/0/614.png
flood	洪水	https://thumb.wikimedia.org/wikipedia/commons/thumb/a/a0/Flood_water_at_Ford_Farm_-_geograph.org.uk_-_129462.jpg/250px-Flood_water_at_Ford_Farm_-_geograph.org.uk_-_129462.jpg?utm_source=commons.wikimedia.org&utm_campaign=imageinfo&utm_content=thumbnail	https://cdn-icons-png.flaticon.com/128/798/798302.png
floods	洪水	https://thumb.wikimedia.org/wikipedia/commons/thumb/8/80/All_Saints_in_the_Floods_-_geograph.org.uk_-_107660.jpg/250px-All_Saints_in_the_Floods_-_geograph.org.uk_-_107660.jpg?utm_source=commons.wikimedia.org&utm_campaign=imageinfo&utm_content=thumbnail	https://cdn-icons-png.flaticon.com/128/3242/3242639.png
flow	流程	https://thumb.wikimedia.org/wikipedia/commons/thumb/6/67/Flow_separation.jpg/250px-Flow_separation.jpg?utm_source=commons.wikimedia.org&utm_campaign=imageinfo&utm_content=thumbnail	https://cdn-icons-png.flaticon.com/128/10560/10560031.png
flowing	流动	https://thumb.wikimedia.org/wikipedia/commons/thumb/7/71/Flowing_to_the_pond_-_geograph.org.uk_-_2956943.jpg/250px-Flowing_to_the_pond_-_geograph.org.uk_-_2956943.jpg?utm_source=commons.wikimedia.org&utm_campaign=imageinfo&utm_content=thumbnail	https://cdn-icons-png.flaticon.com/128/4907/4907850.png
flows	流程	https://thumb.wikimedia.org/wikipedia/commons/thumb/e/e5/River_valley_filled_in_by_pyroclastic_flows%2C_Mt._Pinatubo.jpg/250px-River_valley_filled_in_by_pyroclastic_flows%2C_Mt._Pinatubo.jpg?utm_source=commons.wikimedia.org&utm_campaign=imageinfo&utm_content=thumbnail	https://cdn-icons-png.flaticon.com/128/2519/2519375.png
fluency	流利	https://thumb.wikimedia.org/wikipedia/commons/thumb/8/80/AUTH-Math-2013-english-fluency-chart.png/250px-AUTH-Math-2013-english-fluency-chart.png?utm_source=commons.wikimedia.org&utm_campaign=imageinfo&utm_content=thumbnail	https://ts2.mm.bing.net/th?id=OIP.1wIbeVMuRGKr4BlzFZBh0gAAAA&pid=15.1
focus	专注		https://ts4.mm.bing.net/th?id=OIP.-InQrXeV1Zkm3CIWxRPs0wAAAA&pid=15.1
focused	专注	https://thumb.wikimedia.org/wikipedia/commons/thumb/d/d4/History_of_architecture_0061.jpg/60px-History_of_architecture_0061.jpg?utm_source=commons.wikimedia.org&utm_campaign=imageinfo&utm_content=thumbnail	https://cdn-icons-png.flaticon.com/128/7202/7202263.png
folders	文件夹	https://upload.wikimedia.org/wikipedia/commons/8/89/Farm-Fresh_folders_explorer.png?utm_source=commons.wikimedia.org&utm_campaign=imageinfo&utm_content=thumbnail_unscaled	https://ts2.mm.bing.net/th?id=OIP.QfhwVX7lwjGRdcgrorC7aQAAAA&pid=15.1
follow	遵循	https://thumb.wikimedia.org/wikipedia/commons/thumb/1/1b/GFO_%28Geosat_Follow-On%29_Satellite.jpg/250px-GFO_%28Geosat_Follow-On%29_Satellite.jpg?utm_source=commons.wikimedia.org&utm_campaign=imageinfo&utm_content=thumbnail	https://cdn-icons-png.flaticon.com/128/783/783369.png
follows	遵循	https://upload.wikimedia.org/wikipedia/commons/a/a5/Jake_Diekman_follows_through.JPG?utm_source=commons.wikimedia.org&utm_campaign=imageinfo&utm_content=thumbnail_unscaled	https://cdn-icons-png.flaticon.com/128/17678/17678421.png
food	食物	https://thumb.wikimedia.org/wikipedia/commons/thumb/0/04/IFirst_Day_of_Ramdan_Food.jpg/250px-IFirst_Day_of_Ramdan_Food.jpg?utm_source=commons.wikimedia.org&utm_campaign=imageinfo&utm_content=thumbnail	https://cdn-icons-png.flaticon.com/128/4080/4080032.png
footers	页脚	https://upload.wikimedia.org/wikipedia/commons/5/54/Page_footer_1_Shiva_Tandavam.png?utm_source=commons.wikimedia.org&utm_campaign=imageinfo&utm_content=thumbnail_unscaled	https://ts1.mm.bing.net/th?id=OIP.X_uBDOEmL-cX-f8SNKJsKgAAAA&pid=15.1
footnotes	脚注	https://thumb.wikimedia.org/wikipedia/commons/thumb/a/ad/Music_note_B.jpg/250px-Music_note_B.jpg?utm_source=commons.wikimedia.org&utm_campaign=imageinfo&utm_content=thumbnail	https://ts4.mm.bing.net/th?id=OIP.dOzhJhLMyK4NSmSVPFfdAAAAAA&pid=15.1
for	为		
forbidden	禁止	https://thumb.wikimedia.org/wikipedia/commons/thumb/b/b0/The_Forbidden_City_%281918%29_-_4.jpg/250px-The_Forbidden_City_%281918%29_-_4.jpg?utm_source=commons.wikimedia.org&utm_campaign=imageinfo&utm_content=thumbnail	https://cdn-icons-png.flaticon.com/128/2576/2576686.png
force	强迫	https://thumb.wikimedia.org/wikipedia/commons/thumb/2/2d/Waterfall_Scale_Force.jpg/250px-Waterfall_Scale_Force.jpg?utm_source=commons.wikimedia.org&utm_campaign=imageinfo&utm_content=thumbnail	https://cdn-icons-png.flaticon.com/128/8124/8124464.png
forcing	强迫	https://thumb.wikimedia.org/wikipedia/commons/thumb/4/4d/Forcing_pots_Chatsworth_Gardens_-_geograph.org.uk_-_587721.jpg/250px-Forcing_pots_Chatsworth_Gardens_-_geograph.org.uk_-_587721.jpg?utm_source=commons.wikimedia.org&utm_campaign=imageinfo&utm_content=thumbnail	https://ts4.mm.bing.net/th?id=OIP.hd-kOj2zT6OnCMGD4u1k3AAAAA&pid=15.1
forecast	预报		https://cdn-icons-png.flaticon.com/128/9299/9299874.png
forecasts	预报	https://thumb.wikimedia.org/wikipedia/commons/thumb/8/8b/European_Centre_for_Medium-Range_Weather_Forecasts_membership.png/250px-European_Centre_for_Medium-Range_Weather_Forecasts_membership.png?utm_source=commons.wikimedia.org&utm_campaign=imageinfo&utm_content=thumbnail	https://cdn-icons-png.flaticon.com/128/9299/9299874.png
forever	永远	https://thumb.wikimedia.org/wikipedia/commons/thumb/f/ff/Forever_%281921%29_-_2.jpg/250px-Forever_%281921%29_-_2.jpg?utm_source=commons.wikimedia.org&utm_campaign=imageinfo&utm_content=thumbnail	https://cdn-icons-png.flaticon.com/128/9250/9250015.png
forgery	伪造	https://upload.wikimedia.org/wikipedia/commons/4/4b/Forgery_Signature_Close_up.jpg?utm_source=commons.wikimedia.org&utm_campaign=imageinfo&utm_content=thumbnail_unscaled	https://ts1.mm.bing.net/th?id=OIP.F4v7hE2ST18f9AqoutKVqQAAAA&pid=15.1
form	表单	https://thumb.wikimedia.org/wikipedia/commons/thumb/d/d3/Shape_picutre_used_in_experiment.gif/250px-Shape_picutre_used_in_experiment.gif?utm_source=commons.wikimedia.org&utm_campaign=imageinfo&utm_content=thumbnail	https://cdn-icons-png.flaticon.com/128/5569/5569751.png
format	格式	https://upload.wikimedia.org/wikipedia/commons/a/ac/Large_format_camera_lens.jpg?utm_source=commons.wikimedia.org&utm_campaign=imageinfo&utm_content=thumbnail_unscaled	https://ts1.mm.bing.net/th?id=OIP.ogtJ9tdsvTeeHKRm4VhhPAAAAA&pid=15.1
formats	格式	https://upload.wikimedia.org/wikipedia/commons/5/5b/Formats_vid%C3%A9os.png?utm_source=commons.wikimedia.org&utm_campaign=imageinfo&utm_content=thumbnail_unscaled	https://ts3.mm.bing.net/th?id=OIP.2dNrjDZCwTMUFPR17NHMhgAAAA&pid=15.1
formatting	格式化	https://thumb.wikimedia.org/wikipedia/commons/thumb/3/37/VisualEditor_-_Toolbar_-_Formatting_-_fr.png/120px-VisualEditor_-_Toolbar_-_Formatting_-_fr.png?utm_source=commons.wikimedia.org&utm_campaign=imageinfo&utm_content=thumbnail	https://cdn-icons-png.flaticon.com/128/3814/3814711.png
forms	表单	https://thumb.wikimedia.org/wikipedia/commons/thumb/e/ec/Unique_Forms_of_Continuity_in_Space%2C_original_plaster.jpg/250px-Unique_Forms_of_Continuity_in_Space%2C_original_plaster.jpg?utm_source=commons.wikimedia.org&utm_campaign=imageinfo&utm_content=thumbnail	https://ts4.mm.bing.net/th?id=OIP.2VL2BzV7CRD7QbcIvuB5lQAAAA&pid=15.1
formularies	处方集	https://upload.wikimedia.org/wikipedia/commons/0/05/Abrahammendelssohnb.jpg?utm_source=commons.wikimedia.org&utm_campaign=imageinfo&utm_content=thumbnail_unscaled	https://cdn-icons-png.flaticon.com/128/2991/2991110.png
forums	论坛	https://thumb.wikimedia.org/wikipedia/commons/thumb/a/a8/Anderson%2C_Domenico_%281854-1938%29_-_The_Roman_Forum%2C_awarded_silver_medal_at_Chicago_Convention%2C_1887.jpg/250px-Anderson%2C_Domenico_%281854-1938%29_-_The_Roman_Forum%2C_awarded_silver_medal_at_Chicago_Convention%2C_1887.jpg?utm_source=commons.wikimedia.org&utm_campaign=imageinfo&utm_content=thumbnail	https://cdn-icons-png.flaticon.com/128/2312/2312585.png
forward	向前		https://cdn-icons-png.flaticon.com/128/318/318350.png
found	发现	https://thumb.wikimedia.org/wikipedia/commons/thumb/d/d8/Blake_The_Girl_Found_2.jpg/250px-Blake_The_Girl_Found_2.jpg?utm_source=commons.wikimedia.org&utm_campaign=imageinfo&utm_content=thumbnail	https://cdn-icons-png.flaticon.com/128/2748/2748558.png
founders	创始人	https://thumb.wikimedia.org/wikipedia/commons/thumb/5/5e/Founders_Court%2C_Lothbury_-_geograph.org.uk_-_402028.jpg/250px-Founders_Court%2C_Lothbury_-_geograph.org.uk_-_402028.jpg?utm_source=commons.wikimedia.org&utm_campaign=imageinfo&utm_content=thumbnail	https://cdn-icons-png.flaticon.com/128/8089/8089739.png
frame	框架	https://upload.wikimedia.org/wikipedia/commons/9/9f/Farm-Fresh_picture_frame.png?utm_source=commons.wikimedia.org&utm_campaign=imageinfo&utm_content=thumbnail_unscaled	https://cdn-icons-png.flaticon.com/128/1438/1438661.png
frameworks	框架	https://thumb.wikimedia.org/wikipedia/commons/thumb/d/d1/High_resolution_bimodal_AFM_image_of_elastic_properties_of_metal_organic_frameworks.png/120px-High_resolution_bimodal_AFM_image_of_elastic_properties_of_metal_organic_frameworks.png?utm_source=commons.wikimedia.org&utm_campaign=imageinfo&utm_content=thumbnail	https://cdn-icons-png.flaticon.com/128/7758/7758133.png
fraud	欺诈	https://thumb.wikimedia.org/wikipedia/commons/thumb/1/17/Frauds_and_Frenzies.jpg/250px-Frauds_and_Frenzies.jpg?utm_source=commons.wikimedia.org&utm_campaign=imageinfo&utm_content=thumbnail	https://cdn-icons-png.flaticon.com/128/1671/1671618.png
free	免费	https://upload.wikimedia.org/wikipedia/commons/e/ec/Duty-free-shops.png?utm_source=commons.wikimedia.org&utm_campaign=imageinfo&utm_content=thumbnail_unscaled	https://cdn0.iconfinder.com/data/icons/ecommerce-solid-14/64/free-512.png
freemium	免费增值	https://thumb.wikimedia.org/wikipedia/commons/thumb/2/29/Representa%C3%A7%C3%A3o_da_rela%C3%A7%C3%A3o_entre_usu%C3%A1rios_gratuitos_e_pagantes_no_modelo_de_neg%C3%B3cios_freemium.png/250px-Representa%C3%A7%C3%A3o_da_rela%C3%A7%C3%A3o_entre_usu%C3%A1rios_gratuitos_e_pagantes_no_modelo_de_neg%C3%B3cios_freemium.png?utm_source=commons.wikimedia.org&utm_campaign=imageinfo&utm_content=thumbnail	https://cdn-icons-png.flaticon.com/128/1620/1620462.png
freeze	冻结	https://thumb.wikimedia.org/wikipedia/commons/thumb/6/6d/AdVantage_Plus_BenchTop_Freeze_Dryer.png/250px-AdVantage_Plus_BenchTop_Freeze_Dryer.png?utm_source=commons.wikimedia.org&utm_campaign=imageinfo&utm_content=thumbnail	https://cdn-icons-png.flaticon.com/128/2248/2248058.png
freezes	冻结	https://thumb.wikimedia.org/wikipedia/commons/thumb/8/81/Sunday_I%27ll_fight_till_Hell_freezes_over.jpg/250px-Sunday_I%27ll_fight_till_Hell_freezes_over.jpg?utm_source=commons.wikimedia.org&utm_campaign=imageinfo&utm_content=thumbnail	https://cdn-icons-png.flaticon.com/128/3389/3389143.png
fresh	新鲜	https://upload.wikimedia.org/wikipedia/commons/3/3c/Fresh_logo.png?utm_source=commons.wikimedia.org&utm_campaign=imageinfo&utm_content=thumbnail_unscaled	https://cdn-icons-png.flaticon.com/128/6724/6724525.png
freshness	新鲜度	https://thumb.wikimedia.org/wikipedia/commons/thumb/7/7a/Freshness_Burger_Jingumae.jpg/250px-Freshness_Burger_Jingumae.jpg?utm_source=commons.wikimedia.org&utm_campaign=imageinfo&utm_content=thumbnail	https://ts1.mm.bing.net/th?id=OIP.30PuZC855C2E2-lqbRjxwgAAAA&pid=15.1
friction	摩擦	https://thumb.wikimedia.org/wikipedia/commons/thumb/5/53/Static_friction_flat.jpg/250px-Static_friction_flat.jpg?utm_source=commons.wikimedia.org&utm_campaign=imageinfo&utm_content=thumbnail	https://cdn-icons-png.flaticon.com/128/1533/1533970.png
friendly	友好	https://thumb.wikimedia.org/wikipedia/commons/thumb/e/e5/WVMap-doton-Friendly.PNG/250px-WVMap-doton-Friendly.PNG?utm_source=commons.wikimedia.org&utm_campaign=imageinfo&utm_content=thumbnail	https://ts4.mm.bing.net/th?id=OIP.3thLMj4u1eUdBJmwDdjY-wAAAA&pid=15.1
from	从		
front	前面	https://thumb.wikimedia.org/wikipedia/commons/thumb/f/f1/Mercedes-Benz_Gel%C3%A4ndewagen_Norwegian_military_front.jpg/250px-Mercedes-Benz_Gel%C3%A4ndewagen_Norwegian_military_front.jpg?utm_source=commons.wikimedia.org&utm_campaign=imageinfo&utm_content=thumbnail	https://ts3.mm.bing.net/th?id=OIP.WBijLXKOQ1Z-CGD_6KSQLgAAAA&pid=15.1
frontline	一线	https://thumb.wikimedia.org/wikipedia/commons/thumb/a/a8/Frontline_logo.png/250px-Frontline_logo.png?utm_source=commons.wikimedia.org&utm_campaign=imageinfo&utm_content=thumbnail	https://ts3.mm.bing.net/th?id=OIP.EnWrOr30dhp2M5mYmInWuwAAAA&pid=15.1
frozen	冻结	https://thumb.wikimedia.org/wikipedia/commons/thumb/a/ab/Frozen-band.jpg/250px-Frozen-band.jpg?utm_source=commons.wikimedia.org&utm_campaign=imageinfo&utm_content=thumbnail	https://cdn-icons-png.flaticon.com/128/4669/4669912.png
full	完整	https://thumb.wikimedia.org/wikipedia/commons/thumb/6/6f/Full_Moon.jpg/250px-Full_Moon.jpg?utm_source=commons.wikimedia.org&utm_campaign=imageinfo&utm_content=thumbnail	https://cdn-icons-png.flaticon.com/128/6674/6674591.png
function	函数	https://thumb.wikimedia.org/wikipedia/commons/thumb/f/f4/Graph_function_%28multiplication%29_026.png/250px-Graph_function_%28multiplication%29_026.png?utm_source=commons.wikimedia.org&utm_campaign=imageinfo&utm_content=thumbnail	https://cdn-icons-png.flaticon.com/128/3299/3299929.png
functional	功能	https://upload.wikimedia.org/wikipedia/commons/8/87/Functional_magnetic_resonance_imaging.jpg?utm_source=commons.wikimedia.org&utm_campaign=imageinfo&utm_content=thumbnail_unscaled	https://ts3.mm.bing.net/th?id=OIP.R3UAQK9ajq6Hmxi2pusaigAAAA&pid=15.1
functions	函数	https://thumb.wikimedia.org/wikipedia/commons/thumb/d/db/Area_functions_name.jpg/250px-Area_functions_name.jpg?utm_source=commons.wikimedia.org&utm_campaign=imageinfo&utm_content=thumbnail	https://cdn-icons-png.flaticon.com/128/3299/3299929.png
fund	基金		https://ts2.mm.bing.net/th?id=OIP.XXeCI4MNlfso4gQJANllIAAAAA&pid=15.1
fundamentals	基础	https://thumb.wikimedia.org/wikipedia/commons/thumb/0/05/Fundamentals_of_lighting.png/250px-Fundamentals_of_lighting.png?utm_source=commons.wikimedia.org&utm_campaign=imageinfo&utm_content=thumbnail	https://cdn-icons-png.flaticon.com/128/4207/4207253.png
fundraising	筹款	https://upload.wikimedia.org/wikipedia/commons/f/f4/Fundraising_2009-micro-free-ja.png?utm_source=commons.wikimedia.org&utm_campaign=imageinfo&utm_content=thumbnail_unscaled	https://cdn-icons-png.flaticon.com/128/16829/16829547.png
funds	资金	https://upload.wikimedia.org/wikipedia/commons/9/91/Funds_and_Managers.jpg?utm_source=commons.wikimedia.org&utm_campaign=imageinfo&utm_content=thumbnail_unscaled	https://cdn-icons-png.flaticon.com/128/2329/2329851.png
future	未来	https://thumb.wikimedia.org/wikipedia/commons/thumb/1/1e/Future_University_main_sign.jpg/250px-Future_University_main_sign.jpg?utm_source=commons.wikimedia.org&utm_campaign=imageinfo&utm_content=thumbnail	https://ts3.mm.bing.net/th?id=OIP.y1b1eNxlj2ubXn1wnD146wAAAA&pid=15.1
fuzzy	模糊	https://thumb.wikimedia.org/wikipedia/commons/thumb/d/d6/Fuzzy_mu_x_gamma-graphic.png/250px-Fuzzy_mu_x_gamma-graphic.png?utm_source=commons.wikimedia.org&utm_campaign=imageinfo&utm_content=thumbnail	https://ts2.mm.bing.net/th?id=OIP.TunHqZm9GUyEPduwA1EhfwAAAA&pid=15.1
gained	获得	https://thumb.wikimedia.org/wikipedia/commons/thumb/3/3c/Alaziz_Takeaway_-_Gain_Lane_-_geograph.org.uk_-_1598286.jpg/250px-Alaziz_Takeaway_-_Gain_Lane_-_geograph.org.uk_-_1598286.jpg?utm_source=commons.wikimedia.org&utm_campaign=imageinfo&utm_content=thumbnail	https://ts1.mm.bing.net/th?id=OIP.kr1F5JFd5q7YH_kVomuflQAAAA&pid=15.1
gallery	展厅	https://thumb.wikimedia.org/wikipedia/commons/thumb/f/f8/An_unusual_art_gallery_in_Stichill_near_Kelso_-_geograph.org.uk_-_3029598.jpg/250px-An_unusual_art_gallery_in_Stichill_near_Kelso_-_geograph.org.uk_-_3029598.jpg?utm_source=commons.wikimedia.org&utm_campaign=imageinfo&utm_content=thumbnail	https://cdn-icons-png.flaticon.com/128/1040/1040241.png
game	游戏	https://upload.wikimedia.org/wikipedia/commons/9/9d/Game_piece_MET_11.151.306-AC-2.jpg?utm_source=commons.wikimedia.org&utm_campaign=imageinfo&utm_content=thumbnail_unscaled	https://ts3.mm.bing.net/th?id=OIP.ccBm8ofBL2fNASvHmaFNzAAAAA&pid=15.1
gaps	差距	https://upload.wikimedia.org/wikipedia/commons/9/97/Blanket_soldier.jpg?utm_source=commons.wikimedia.org&utm_campaign=imageinfo&utm_content=thumbnail_unscaled	https://ts4.mm.bing.net/th?id=OIP.cNm8p6YpIHekgZPioJG6qAAAAA&pid=15.1
garbage	垃圾	https://thumb.wikimedia.org/wikipedia/commons/thumb/3/3b/Garbage_collection.gif/250px-Garbage_collection.gif?utm_source=commons.wikimedia.org&utm_campaign=imageinfo&utm_content=thumbnail	https://ts3.mm.bing.net/th?id=OIP.NaGjzDFzk_BPmbkG5dGqiwAAAA&pid=15.1
gate	门		https://cdn-icons-png.flaticon.com/128/3936/3936828.png
gates	关卡	https://thumb.wikimedia.org/wikipedia/commons/thumb/7/72/Bill_gates_b4.jpg/250px-Bill_gates_b4.jpg?utm_source=commons.wikimedia.org&utm_campaign=imageinfo&utm_content=thumbnail	https://cdn-icons-png.flaticon.com/128/1207/1207248.png
gather	收集	https://thumb.wikimedia.org/wikipedia/commons/thumb/3/3d/Gather_Ye_Rosebuds_-_Ophelia.jpg/250px-Gather_Ye_Rosebuds_-_Ophelia.jpg?utm_source=commons.wikimedia.org&utm_campaign=imageinfo&utm_content=thumbnail	https://cdn-icons-png.flaticon.com/128/17054/17054363.png
general	通用	https://thumb.wikimedia.org/wikipedia/commons/thumb/2/2e/American_General_Officer%2C_1779%2C_from_the_Military_Series_%28N224%29_issued_by_Kinney_Tobacco_Company_to_promote_Sweet_Caporal_Cigarettes_MET_DPB872386.jpg/120px-American_General_Officer%2C_1779%2C_from_the_Military_Series_%28N224%29_issued_by_Kinney_Tobacco_Company_to_promote_Sweet_Caporal_Cigarettes_MET_DPB872386.jpg?utm_source=commons.wikimedia.org&utm_campaign=imageinfo&utm_content=thumbnail	https://icons.iconarchive.com/icons/iconshock/real-vista-jobs/128/general-icon.png
generate	生成	https://thumb.wikimedia.org/wikipedia/commons/thumb/8/80/Transformer_and_electricity_power_generating_gear_at_Knapton_Power_Station_-_geograph.org.uk_-_545607.jpg/250px-Transformer_and_electricity_power_generating_gear_at_Knapton_Power_Station_-_geograph.org.uk_-_545607.jpg?utm_source=commons.wikimedia.org&utm_campaign=imageinfo&utm_content=thumbnail	https://ts4.mm.bing.net/th?id=OIF.N3RD2KJniZVNQJvRJWCoSg&pid=15.1
generated	已生成	https://thumb.wikimedia.org/wikipedia/commons/thumb/d/d5/Creativity_Machine_Generated_Face_from_1997.png/250px-Creativity_Machine_Generated_Face_from_1997.png?utm_source=commons.wikimedia.org&utm_campaign=imageinfo&utm_content=thumbnail	https://ts4.mm.bing.net/th?id=OIP.rVq6kgqQLt3EHff1lyroQgAAAA&pid=15.1
generation	生成	https://thumb.wikimedia.org/wikipedia/commons/thumb/5/56/Generation_War.jpg/250px-Generation_War.jpg?utm_source=commons.wikimedia.org&utm_campaign=imageinfo&utm_content=thumbnail	https://cdn-icons-png.flaticon.com/128/4660/4660767.png
generative	生成式	https://upload.wikimedia.org/wikipedia/commons/0/06/Generative_dance.jpg?utm_source=commons.wikimedia.org&utm_campaign=imageinfo&utm_content=thumbnail_unscaled	https://ts4.mm.bing.net/th?id=OIP.nypgVKvjsqnemqnSbVX4LAAAAA&pid=15.1
generosity	慷慨	https://thumb.wikimedia.org/wikipedia/commons/thumb/a/a7/Generosity_remembered_at_Holy_Trinity%2C_Wistanstow_-_geograph.org.uk_-_1442231.jpg/250px-Generosity_remembered_at_Holy_Trinity%2C_Wistanstow_-_geograph.org.uk_-_1442231.jpg?utm_source=commons.wikimedia.org&utm_campaign=imageinfo&utm_content=thumbnail	https://ts3.mm.bing.net/th?id=OIP.N-GzMh4rULi6i6KMYN9APwAAAA&pid=15.1
gently	轻轻地	https://thumb.wikimedia.org/wikipedia/commons/thumb/0/03/The_gently_flowing_Monnow_-_geograph.org.uk_-_714596.jpg/250px-The_gently_flowing_Monnow_-_geograph.org.uk_-_714596.jpg?utm_source=commons.wikimedia.org&utm_campaign=imageinfo&utm_content=thumbnail	https://ts1.mm.bing.net/th?id=OIP.Dvg3P7dzRkaWVgfkFBlgPQAAAA&pid=15.1
genuine	真实	https://thumb.wikimedia.org/wikipedia/commons/thumb/6/65/Genuine_Rocna.jpg/250px-Genuine_Rocna.jpg?utm_source=commons.wikimedia.org&utm_campaign=imageinfo&utm_content=thumbnail	https://ts4.mm.bing.net/th?id=OIP.uWDAFcfyFwidUTws1yMJkgAAAA&pid=15.1
geospatial	地理空间		https://ts1.mm.bing.net/th?id=OIP.j3ikzZ3cX5dKztNYEJkDCQAAAA&pid=15.1
get	获取	https://thumb.wikimedia.org/wikipedia/commons/thumb/8/8d/Get-out-354x450.jpg/250px-Get-out-354x450.jpg?utm_source=commons.wikimedia.org&utm_campaign=imageinfo&utm_content=thumbnail	https://ts2.mm.bing.net/th?id=OIP.P_UcYi1sQx-nfL4G_B60jgAAAA&pid=15.1
gets	获取	https://thumb.wikimedia.org/wikipedia/commons/thumb/7/72/It_Gets_Better_logo.png/250px-It_Gets_Better_logo.png?utm_source=commons.wikimedia.org&utm_campaign=imageinfo&utm_content=thumbnail	https://ts2.mm.bing.net/th?id=OIP.XSHZAtIpV3-LIVveCsxQDwAAAA&pid=15.1
gift	礼物	https://thumb.wikimedia.org/wikipedia/commons/thumb/6/6f/Gift_from_the_chief_of_Bana.JPG/250px-Gift_from_the_chief_of_Bana.JPG?utm_source=commons.wikimedia.org&utm_campaign=imageinfo&utm_content=thumbnail	https://icons.iconarchive.com/icons/custom-icon-design/happy-easter/128/Gift-icon.png
git	Git	https://thumb.wikimedia.org/wikipedia/commons/thumb/2/24/Git-Gay-1960.jpg/120px-Git-Gay-1960.jpg?utm_source=commons.wikimedia.org&utm_campaign=imageinfo&utm_content=thumbnail	https://ts4.mm.bing.net/th?id=OIP.JKRAZoJUmTLCemgAzdzd7AAAAA&pid=15.1
give	给予	https://thumb.wikimedia.org/wikipedia/commons/thumb/1/14/Give%2824%29D%C3%B8befont_%281%29.JPG/250px-Give%2824%29D%C3%B8befont_%281%29.JPG?utm_source=commons.wikimedia.org&utm_campaign=imageinfo&utm_content=thumbnail	https://cdn-icons-png.flaticon.com/128/812/812319.png
global	全局	https://thumb.wikimedia.org/wikipedia/commons/thumb/5/5a/Global_warming_ubx.png/250px-Global_warming_ubx.png?utm_source=commons.wikimedia.org&utm_campaign=imageinfo&utm_content=thumbnail	https://cdn-icons-png.flaticon.com/128/1231/1231223.png
glossaries	术语表	https://thumb.wikimedia.org/wikipedia/commons/thumb/8/81/Pooles_cover.jpg/250px-Pooles_cover.jpg?utm_source=commons.wikimedia.org&utm_campaign=imageinfo&utm_content=thumbnail	https://cdn-icons-png.flaticon.com/128/5402/5402392.png
glossary	术语表	https://thumb.wikimedia.org/wikipedia/commons/thumb/c/c2/A_Glossary_of_Terms_Used_in_Heraldry%2Cp530.png/250px-A_Glossary_of_Terms_Used_in_Heraldry%2Cp530.png?utm_source=commons.wikimedia.org&utm_campaign=imageinfo&utm_content=thumbnail	https://cdn-icons-png.flaticon.com/128/5402/5402392.png
go	去		
goal	目标	https://thumb.wikimedia.org/wikipedia/commons/thumb/d/dc/Ball_goal_%28test%29.png/250px-Ball_goal_%28test%29.png?utm_source=commons.wikimedia.org&utm_campaign=imageinfo&utm_content=thumbnail	https://cdn-icons-png.flaticon.com/128/1694/1694262.png
goals	目标	https://thumb.wikimedia.org/wikipedia/commons/thumb/d/d1/Goalscape_%27Life_Goals%27_screenshot.png/250px-Goalscape_%27Life_Goals%27_screenshot.png?utm_source=commons.wikimedia.org&utm_campaign=imageinfo&utm_content=thumbnail	https://cdn-icons-png.flaticon.com/128/10605/10605943.png
going	正在		https://cdn-icons-png.flaticon.com/128/5690/5690520.png
golden	黄金	https://upload.wikimedia.org/wikipedia/commons/b/ba/Golden_Retriever_1.jpg?utm_source=commons.wikimedia.org&utm_campaign=imageinfo&utm_content=thumbnail_unscaled	https://cdn-icons-png.flaticon.com/128/7880/7880071.png
good	好	https://thumb.wikimedia.org/wikipedia/commons/thumb/3/30/GMA_%28Good_Morning_America%29_logo.jpg/250px-GMA_%28Good_Morning_America%29_logo.jpg?utm_source=commons.wikimedia.org&utm_campaign=imageinfo&utm_content=thumbnail	https://cdn-icons-png.flaticon.com/128/1027/1027567.png
goods	货物	https://thumb.wikimedia.org/wikipedia/commons/thumb/c/c3/Worldly_Goods_%281924%29_-_2.jpg/250px-Worldly_Goods_%281924%29_-_2.jpg?utm_source=commons.wikimedia.org&utm_campaign=imageinfo&utm_content=thumbnail	https://ts1.mm.bing.net/th?id=OIP.4nMfgDoIaysKNduYG-ARuAAAAA&pid=15.1
govern	治理	https://upload.wikimedia.org/wikipedia/commons/e/ee/World_government_hierarchy.gif?utm_source=commons.wikimedia.org&utm_campaign=imageinfo&utm_content=thumbnail_unscaled	https://cdn-icons-png.flaticon.com/128/6715/6715844.png
governs	治理	https://upload.wikimedia.org/wikipedia/commons/f/f8/George_McGovern_UH.jpeg?utm_source=commons.wikimedia.org&utm_campaign=imageinfo&utm_content=thumbnail_unscaled	https://cdn-icons-png.flaticon.com/128/6715/6715844.png
graceful	优雅	https://thumb.wikimedia.org/wikipedia/commons/thumb/d/de/General_Wade%27s_graceful_Tummel_Bridge_-_geograph.org.uk_-_1437959.jpg/250px-General_Wade%27s_graceful_Tummel_Bridge_-_geograph.org.uk_-_1437959.jpg?utm_source=commons.wikimedia.org&utm_campaign=imageinfo&utm_content=thumbnail	https://ts3.mm.bing.net/th?id=OIP.qhwjC7zJ7aLHn5wjfewg0wAAAA&pid=15.1
gracefully	优雅地	https://thumb.wikimedia.org/wikipedia/commons/thumb/d/d7/Dantheman_landing_gracefully_%28534474148%29.jpg/250px-Dantheman_landing_gracefully_%28534474148%29.jpg?utm_source=commons.wikimedia.org&utm_campaign=imageinfo&utm_content=thumbnail	https://ts4.mm.bing.net/th?id=OIP.VbMfzC2URhQSrlZ3rv5YCwAAAA&pid=15.1
grade	成绩	https://thumb.wikimedia.org/wikipedia/commons/thumb/f/f9/St._Grada_Church%2C_Grade_-_geograph.org.uk_-_994338.jpg/250px-St._Grada_Church%2C_Grade_-_geograph.org.uk_-_994338.jpg?utm_source=commons.wikimedia.org&utm_campaign=imageinfo&utm_content=thumbnail	https://cdn-icons-png.flaticon.com/128/10211/10211044.png
grades	成绩	https://thumb.wikimedia.org/wikipedia/commons/thumb/6/6a/Grades_for_Python_Program.png/120px-Grades_for_Python_Program.png?utm_source=commons.wikimedia.org&utm_campaign=imageinfo&utm_content=thumbnail	https://ts3.mm.bing.net/th?id=OIP.avjOgtZzs9qxvuiSNWo4EQAAAA&pid=15.1
gradually	逐渐	https://thumb.wikimedia.org/wikipedia/commons/thumb/e/e1/Gradual_of_King_John_Albert.jpg/250px-Gradual_of_King_John_Albert.jpg?utm_source=commons.wikimedia.org&utm_campaign=imageinfo&utm_content=thumbnail	https://ts2.mm.bing.net/th?id=OIP.pz4eVcB6ReNzhZj_SuBTRwAAAA&pid=15.1
grain	粒度		https://cdn-icons-png.flaticon.com/128/1016/1016970.png
grandfathered	grandfather	https://upload.wikimedia.org/wikipedia/commons/d/d7/Gramps-logo.png?utm_source=commons.wikimedia.org&utm_campaign=imageinfo&utm_content=thumbnail_unscaled	https://ts1.mm.bing.net/th?id=OIP.99tTDkcT20aN0iVfuNCYZQAAAA&pid=15.1
grant	授予	https://thumb.wikimedia.org/wikipedia/commons/thumb/d/d6/Duncan_Grant_with_John_Maynard_Keynes.jpg/250px-Duncan_Grant_with_John_Maynard_Keynes.jpg?utm_source=commons.wikimedia.org&utm_campaign=imageinfo&utm_content=thumbnail	https://ts3.mm.bing.net/th?id=OIP.awBpkfF9Sf7Nutj5Uez5igAAAA&pid=15.1
grants	授予	https://thumb.wikimedia.org/wikipedia/commons/thumb/f/f2/NMMap-doton-Grants.PNG/250px-NMMap-doton-Grants.PNG?utm_source=commons.wikimedia.org&utm_campaign=imageinfo&utm_content=thumbnail	https://cdn-icons-png.flaticon.com/128/12663/12663089.png
graph	图	https://upload.wikimedia.org/wikipedia/commons/c/ca/WheelGraph.png?utm_source=commons.wikimedia.org&utm_campaign=imageinfo&utm_content=thumbnail_unscaled	https://ts1.mm.bing.net/th?id=OIP.1j328PVqM_ARvMSA-ytZOQAAAA&pid=15.1
graphs	图	https://upload.wikimedia.org/wikipedia/commons/c/ca/WheelGraph.png?utm_source=commons.wikimedia.org&utm_campaign=imageinfo&utm_content=thumbnail_unscaled	https://cdn-icons-png.flaticon.com/128/404/404672.png
great	很好	https://thumb.wikimedia.org/wikipedia/commons/thumb/0/08/Great_Yarmouth%2C_postbox_No._NR30_3050%2C_within_ASDA_-_geograph.org.uk_-_1605249.jpg/250px-Great_Yarmouth%2C_postbox_No._NR30_3050%2C_within_ASDA_-_geograph.org.uk_-_1605249.jpg?utm_source=commons.wikimedia.org&utm_campaign=imageinfo&utm_content=thumbnail	https://cdn-icons-png.flaticon.com/128/9307/9307113.png
green	绿色	https://thumb.wikimedia.org/wikipedia/commons/thumb/5/59/Eva_Green_%28Headshot%29.jpg/250px-Eva_Green_%28Headshot%29.jpg?utm_source=commons.wikimedia.org&utm_campaign=imageinfo&utm_content=thumbnail	https://ts2.mm.bing.net/th?id=OIP.vCS5w6uaUjGeqR8pTdKcwgAAAA&pid=15.1
greenwashing	漂绿	https://thumb.wikimedia.org/wikipedia/commons/thumb/9/9a/Greenwashing.png/250px-Greenwashing.png?utm_source=commons.wikimedia.org&utm_campaign=imageinfo&utm_content=thumbnail	https://ts3.mm.bing.net/th?id=OIP.RSgMapnpRuMWs5x_EP24NgAAAA&pid=15.1
greeters	迎宾	https://thumb.wikimedia.org/wikipedia/commons/thumb/e/e9/Ben_Greet_as_Boomblehardt.jpg/250px-Ben_Greet_as_Boomblehardt.jpg?utm_source=commons.wikimedia.org&utm_campaign=imageinfo&utm_content=thumbnail	https://cdn-icons-png.flaticon.com/128/1995/1995417.png
grounded	扎实	https://thumb.wikimedia.org/wikipedia/commons/thumb/5/5b/Grounding_circle_logo_v1.jpg/250px-Grounding_circle_logo_v1.jpg?utm_source=commons.wikimedia.org&utm_campaign=imageinfo&utm_content=thumbnail	https://ts4.mm.bing.net/th?id=OIP.dJqjh3zgyKGV6mY3LGIFcAAAAA&pid=15.1
group	组		https://cdn-icons-png.flaticon.com/128/615/615075.png
groups	组	https://upload.wikimedia.org/wikipedia/commons/d/dd/Antambahoaka_ethnic_group_of_Madagascar.png?utm_source=commons.wikimedia.org&utm_campaign=imageinfo&utm_content=thumbnail_unscaled	https://ts1.mm.bing.net/th?id=OIP.l4UCmcQbBCtVh5X0kB4hvwAAAA&pid=15.1
grow	增长	https://upload.wikimedia.org/wikipedia/commons/d/d1/Grow_house_plants.jpg?utm_source=commons.wikimedia.org&utm_campaign=imageinfo&utm_content=thumbnail_unscaled	https://cdn-icons-png.flaticon.com/128/2303/2303665.png
grows	增长	https://thumb.wikimedia.org/wikipedia/commons/thumb/3/37/Pollyanna_Grows_Up_illustration.jpg/250px-Pollyanna_Grows_Up_illustration.jpg?utm_source=commons.wikimedia.org&utm_campaign=imageinfo&utm_content=thumbnail	https://cdn-icons-png.flaticon.com/128/3314/3314612.png
growth	增长	https://thumb.wikimedia.org/wikipedia/commons/thumb/2/23/GrowthRateScreechOwls.jpg/120px-GrowthRateScreechOwls.jpg?utm_source=commons.wikimedia.org&utm_campaign=imageinfo&utm_content=thumbnail	https://cdn-icons-png.flaticon.com/128/3281/3281323.png
guard	防护	https://thumb.wikimedia.org/wikipedia/commons/thumb/2/21/Coast_Guard_Air_Station_Salem_patch.png/250px-Coast_Guard_Air_Station_Salem_patch.png?utm_source=commons.wikimedia.org&utm_campaign=imageinfo&utm_content=thumbnail	https://cdn-icons-png.flaticon.com/128/2986/2986423.png
guardrails	护栏	https://thumb.wikimedia.org/wikipedia/commons/thumb/d/d3/Railings%2C_Longholme_Methodist_Church.jpg/250px-Railings%2C_Longholme_Methodist_Church.jpg?utm_source=commons.wikimedia.org&utm_campaign=imageinfo&utm_content=thumbnail	https://cdn-icons-png.flaticon.com/128/9752/9752949.png
guards	守卫	https://thumb.wikimedia.org/wikipedia/commons/thumb/b/b2/450px-Coldstream_guards_hougoumont.jpg/250px-450px-Coldstream_guards_hougoumont.jpg?utm_source=commons.wikimedia.org&utm_campaign=imageinfo&utm_content=thumbnail	https://ts3.mm.bing.net/th?id=OIP.8xQEr7YwI-sjOlx-Kf65bgAAAA&pid=15.1
guesses	猜测	https://thumb.wikimedia.org/wikipedia/commons/thumb/9/9a/Any_guesses%3F_%2887835187%29.jpg/120px-Any_guesses%3F_%2887835187%29.jpg?utm_source=commons.wikimedia.org&utm_campaign=imageinfo&utm_content=thumbnail	https://cdn-icons-png.flaticon.com/128/2817/2817057.png
guessing	猜测	https://thumb.wikimedia.org/wikipedia/commons/thumb/8/81/Guessing_Game_-_geograph.org.uk_-_1047886.jpg/250px-Guessing_Game_-_geograph.org.uk_-_1047886.jpg?utm_source=commons.wikimedia.org&utm_campaign=imageinfo&utm_content=thumbnail	https://cdn-icons-png.flaticon.com/128/3208/3208906.png
guests	访客	https://thumb.wikimedia.org/wikipedia/commons/thumb/2/24/Jo_Guest.jpg/120px-Jo_Guest.jpg?utm_source=commons.wikimedia.org&utm_campaign=imageinfo&utm_content=thumbnail	https://cdn-icons-png.flaticon.com/128/13061/13061484.png
guidance	指导		https://cdn-icons-png.flaticon.com/128/9313/9313077.png
guide	指南	https://thumb.wikimedia.org/wikipedia/commons/thumb/2/20/Bumble_Bee_roundabout_-_Guide_-_geograph.org.uk_-_372193.jpg/250px-Bumble_Bee_roundabout_-_Guide_-_geograph.org.uk_-_372193.jpg?utm_source=commons.wikimedia.org&utm_campaign=imageinfo&utm_content=thumbnail	https://cdn-icons-png.flaticon.com/128/9683/9683128.png
guidelines	指南	https://thumb.wikimedia.org/wikipedia/commons/thumb/7/74/Parking_guidance_system.jpg/120px-Parking_guidance_system.jpg?utm_source=commons.wikimedia.org&utm_campaign=imageinfo&utm_content=thumbnail	https://cdn-icons-png.flaticon.com/128/1705/1705351.png
guides	指南	https://thumb.wikimedia.org/wikipedia/commons/thumb/4/49/1899_Dauphine_Guides_Pol_cover.jpg/250px-1899_Dauphine_Guides_Pol_cover.jpg?utm_source=commons.wikimedia.org&utm_campaign=imageinfo&utm_content=thumbnail	https://cdn-icons-png.flaticon.com/128/6348/6348248.png
guilds	公会	https://thumb.wikimedia.org/wikipedia/commons/thumb/f/fc/Harvest_House_at_7_Harvest_Terrace%2C_Perth%2C_headquarters_of_Women%27s_Service_Guilds_of_Western_Australia.png/250px-Harvest_House_at_7_Harvest_Terrace%2C_Perth%2C_headquarters_of_Women%27s_Service_Guilds_of_Western_Australia.png?utm_source=commons.wikimedia.org&utm_campaign=imageinfo&utm_content=thumbnail	https://ts2.mm.bing.net/th?id=OIP.Gb8NsRtKZXdfM0M-CLuQAgAAAA&pid=15.1
gut	直觉	https://thumb.wikimedia.org/wikipedia/commons/thumb/d/d0/Gut_drechen.jpg/250px-Gut_drechen.jpg?utm_source=commons.wikimedia.org&utm_campaign=imageinfo&utm_content=thumbnail	https://cdn-icons-png.flaticon.com/128/9056/9056012.png
habits	习惯	https://thumb.wikimedia.org/wikipedia/commons/thumb/b/b2/Darwin_-_On_the_movements_and_habits_of_climbing_plants_Fig12.jpg/250px-Darwin_-_On_the_movements_and_habits_of_climbing_plants_Fig12.jpg?utm_source=commons.wikimedia.org&utm_campaign=imageinfo&utm_content=thumbnail	https://cdn-icons-png.flaticon.com/128/3588/3588723.png
hack	黑客	https://thumb.wikimedia.org/wikipedia/commons/thumb/9/97/Hack_para_la_pc.jpg/250px-Hack_para_la_pc.jpg?utm_source=commons.wikimedia.org&utm_campaign=imageinfo&utm_content=thumbnail	https://icons.iconarchive.com/icons/webalys/kameleon.pics/128/Hacker-icon.png
hackathons	黑客松	https://thumb.wikimedia.org/wikipedia/commons/thumb/2/22/Wikimedia_Hackathon_Jerusalem_2016.jpg/250px-Wikimedia_Hackathon_Jerusalem_2016.jpg?utm_source=commons.wikimedia.org&utm_campaign=imageinfo&utm_content=thumbnail	https://ts4.mm.bing.net/th?id=OIP.YCjg4ZJ25QY9T4dHrErUNAAAAA&pid=15.1
half	一半	https://thumb.wikimedia.org/wikipedia/commons/thumb/7/70/Knot_2_half_hitches.jpg/250px-Knot_2_half_hitches.jpg?utm_source=commons.wikimedia.org&utm_campaign=imageinfo&utm_content=thumbnail	https://cdn-icons-png.flaticon.com/128/5271/5271419.png
hall	大厅	https://thumb.wikimedia.org/wikipedia/commons/thumb/9/9b/Lansing_City_Hall_1915.jpg/250px-Lansing_City_Hall_1915.jpg?utm_source=commons.wikimedia.org&utm_campaign=imageinfo&utm_content=thumbnail	https://ts4.mm.bing.net/th?id=OIP.6_pB-rMLIbv4YjpYKmpIygAAAA&pid=15.1
halls	大厅	https://thumb.wikimedia.org/wikipedia/commons/thumb/8/84/Frans_Hals_Self-portrait.jpg/250px-Frans_Hals_Self-portrait.jpg?utm_source=commons.wikimedia.org&utm_campaign=imageinfo&utm_content=thumbnail	https://ts4.mm.bing.net/th?id=OIP.6_pB-rMLIbv4YjpYKmpIygAAAA&pid=15.1
hand	手	https://thumb.wikimedia.org/wikipedia/commons/thumb/4/42/Hand_Units_of_Measurement.PNG/250px-Hand_Units_of_Measurement.PNG?utm_source=commons.wikimedia.org&utm_campaign=imageinfo&utm_content=thumbnail	https://ts2.mm.bing.net/th?id=OIP.bnSO7_Y_DirQUiMt1jx8gQAAAA&pid=15.1
handle	处理	https://thumb.wikimedia.org/wikipedia/commons/thumb/1/16/Handle_MET_sf39-40-1a.jpg/60px-Handle_MET_sf39-40-1a.jpg?utm_source=commons.wikimedia.org&utm_campaign=imageinfo&utm_content=thumbnail	https://cdn-icons-png.flaticon.com/128/75/75506.png
handling	处理	https://thumb.wikimedia.org/wikipedia/commons/thumb/c/cb/KUKA_robot_for_flat_glas_handling.jpg/250px-KUKA_robot_for_flat_glas_handling.jpg?utm_source=commons.wikimedia.org&utm_campaign=imageinfo&utm_content=thumbnail	https://ts4.explicit.bing.net/th?id=OIP.4OBP4WaoDDQfXxJ-4znYTgAAAA&pid=15.1
handoffs	交接	https://thumb.wikimedia.org/wikipedia/commons/thumb/f/fa/Certificate_handover_ceremony.jpg/250px-Certificate_handover_ceremony.jpg?utm_source=commons.wikimedia.org&utm_campaign=imageinfo&utm_content=thumbnail	https://ts1.mm.bing.net/th?id=OIP.qL-H_fwTtWxC5pam1ybbdwAAAA&pid=15.1
hands	手	https://thumb.wikimedia.org/wikipedia/commons/thumb/e/ef/Kabunosekai%27s_pet_lovebird_watches_as_hands_are_washed.jpg/250px-Kabunosekai%27s_pet_lovebird_watches_as_hands_are_washed.jpg?utm_source=commons.wikimedia.org&utm_campaign=imageinfo&utm_content=thumbnail	https://ts2.mm.bing.net/th?id=OIP.bnSO7_Y_DirQUiMt1jx8gQAAAA&pid=15.1
happen	发生	https://thumb.wikimedia.org/wikipedia/commons/thumb/a/aa/The_Federal_Theater_Div._of_W.P.A._presents_%22It_can%27t_happen_here%22_%28by%29_Sinclair_Lewis_LCCN98510365.jpg/250px-The_Federal_Theater_Div._of_W.P.A._presents_%22It_can%27t_happen_here%22_%28by%29_Sinclair_Lewis_LCCN98510365.jpg?utm_source=commons.wikimedia.org&utm_campaign=imageinfo&utm_content=thumbnail	https://ts2.mm.bing.net/th?id=OIP.Xa2c7UQVx6Usa_vDy2u-TAAAAA&pid=15.1
happening	发生	https://thumb.wikimedia.org/wikipedia/commons/thumb/d/d4/Happening_upon_a_kill_on_Dava._-_geograph.org.uk_-_547895.jpg/250px-Happening_upon_a_kill_on_Dava._-_geograph.org.uk_-_547895.jpg?utm_source=commons.wikimedia.org&utm_campaign=imageinfo&utm_content=thumbnail	https://ts3.mm.bing.net/th?id=OIP.dwnge_mLwG1Sya4ZvnDamwAAAA&pid=15.1
happy	高兴	https://thumb.wikimedia.org/wikipedia/commons/thumb/3/3b/Happy_Tomatoes.jpg/250px-Happy_Tomatoes.jpg?utm_source=commons.wikimedia.org&utm_campaign=imageinfo&utm_content=thumbnail	https://cdn-icons-png.flaticon.com/128/1581/1581678.png
hard	困难	https://thumb.wikimedia.org/wikipedia/commons/thumb/6/6e/Hard_Tarn_%28from_above%29.jpg/250px-Hard_Tarn_%28from_above%29.jpg?utm_source=commons.wikimedia.org&utm_campaign=imageinfo&utm_content=thumbnail	https://cdn-icons-png.flaticon.com/128/5696/5696600.png
hardcoding	写死		https://ts3.mm.bing.net/th?id=OIP.R_fyCWpF4WQJmKgKaGHSwAAAAA&pid=15.1
harden	加固	https://thumb.wikimedia.org/wikipedia/commons/thumb/d/d4/Cross_Gates_Lane%2C_St_Ives_Estate%2C_Harden_-_geograph.org.uk_-_952864.jpg/250px-Cross_Gates_Lane%2C_St_Ives_Estate%2C_Harden_-_geograph.org.uk_-_952864.jpg?utm_source=commons.wikimedia.org&utm_campaign=imageinfo&utm_content=thumbnail	https://ts4.mm.bing.net/th?id=OIP.Qrc-CCldXcGqD5dwbptvNgAAAA&pid=15.1
hardening	加固	https://thumb.wikimedia.org/wikipedia/commons/thumb/f/ff/ArthurHarden.jpg/250px-ArthurHarden.jpg?utm_source=commons.wikimedia.org&utm_campaign=imageinfo&utm_content=thumbnail	https://ts1.mm.bing.net/th?id=OIP.KFvj4XH6CST_jOdcrAJimwAAAA&pid=15.1
harder	更难	https://thumb.wikimedia.org/wikipedia/commons/thumb/c/ce/Heinrich_Harder_-_Archeopteryx_1906.jpg/250px-Heinrich_Harder_-_Archeopteryx_1906.jpg?utm_source=commons.wikimedia.org&utm_campaign=imageinfo&utm_content=thumbnail	https://ts3.mm.bing.net/th?id=OIP.UfsjSogPHLmf5sY6RcHxGwAAAA&pid=15.1
hardest	最难	https://thumb.wikimedia.org/wikipedia/commons/thumb/c/cc/%28Probably%29_the_hardest_seats_in_the_world..._-_geograph.org.uk_-_834840.jpg/250px-%28Probably%29_the_hardest_seats_in_the_world..._-_geograph.org.uk_-_834840.jpg?utm_source=commons.wikimedia.org&utm_campaign=imageinfo&utm_content=thumbnail	https://ts1.mm.bing.net/th?id=OIP.wWTHTEdH6wIv3mwnEOyGqQAAAA&pid=15.1
hardware	硬件	https://upload.wikimedia.org/wikipedia/commons/f/fa/Keylogger-hardware-USB.jpg?utm_source=commons.wikimedia.org&utm_campaign=imageinfo&utm_content=thumbnail_unscaled	https://cdn-icons-png.flaticon.com/128/11871/11871449.png
harmful	有害	https://thumb.wikimedia.org/wikipedia/commons/thumb/6/64/Vaping_is_much_less_harmful_than_smoking.jpg/250px-Vaping_is_much_less_harmful_than_smoking.jpg?utm_source=commons.wikimedia.org&utm_campaign=imageinfo&utm_content=thumbnail	https://ts2.mm.bing.net/th?id=OIP.QK7XHkDtuT_ItcQZCV2P4wAAAA&pid=15.1
have	有	https://thumb.wikimedia.org/wikipedia/commons/thumb/6/63/Geografisk_Have_Kolding.jpg/120px-Geografisk_Have_Kolding.jpg?utm_source=commons.wikimedia.org&utm_campaign=imageinfo&utm_content=thumbnail	https://cdn-icons-png.flaticon.com/128/5486/5486136.png
headcount	人数	https://thumb.wikimedia.org/wikipedia/commons/thumb/8/8c/Google.jpg/250px-Google.jpg?utm_source=commons.wikimedia.org&utm_campaign=imageinfo&utm_content=thumbnail	https://cdn-icons-png.flaticon.com/128/3369/3369268.png
headers	标头	https://thumb.wikimedia.org/wikipedia/commons/thumb/6/6b/VisualEditor_-_Toolbar_-_Headers-de.png/120px-VisualEditor_-_Toolbar_-_Headers-de.png?utm_source=commons.wikimedia.org&utm_campaign=imageinfo&utm_content=thumbnail	https://cdn-icons-png.flaticon.com/128/11817/11817755.png
headings	标题	https://thumb.wikimedia.org/wikipedia/commons/thumb/b/b6/VisualEditor_Headings-_Check_presence_of_all_headings_values-en.png/120px-VisualEditor_Headings-_Check_presence_of_all_headings_values-en.png?utm_source=commons.wikimedia.org&utm_campaign=imageinfo&utm_content=thumbnail	https://ts1.mm.bing.net/th?id=OIP.lgDguqHiWdEhCXSvyEOK0wAAAA&pid=15.1
headlines	标题		https://cdn-icons-png.flaticon.com/128/2620/2620402.png
headroom	余量	https://thumb.wikimedia.org/wikipedia/commons/thumb/1/14/Correct_headroom.png/250px-Correct_headroom.png?utm_source=commons.wikimedia.org&utm_campaign=imageinfo&utm_content=thumbnail	https://ts2.mm.bing.net/th?id=OIP.nDf9Zh789TCvSVcbFgiSfQAAAA&pid=15.1
health	健康	https://upload.wikimedia.org/wikipedia/commons/7/71/Lives_and_Health_in_gaming.png?utm_source=commons.wikimedia.org&utm_campaign=imageinfo&utm_content=thumbnail_unscaled	https://ts2.mm.bing.net/th?id=OIP.LkWw0y9nGtTCAVD3P9LLBgAAAA&pid=15.1
healthiest	最健康	https://thumb.wikimedia.org/wikipedia/commons/thumb/8/89/Liperi_leipapaivat.jpg/250px-Liperi_leipapaivat.jpg?utm_source=commons.wikimedia.org&utm_campaign=imageinfo&utm_content=thumbnail	https://ts4.mm.bing.net/th?id=OIP.iUOrGnhYIWzhFwkFhiMSzgAAAA&pid=15.1
healthy	健康	https://thumb.wikimedia.org/wikipedia/commons/thumb/7/7b/Make_America_Healthy_Again.jpg/250px-Make_America_Healthy_Again.jpg?utm_source=commons.wikimedia.org&utm_campaign=imageinfo&utm_content=thumbnail	https://ts1.mm.bing.net/th?id=OIP.JfAlH7bt6MheJxGhHbjxbgAAAA&pid=15.1
heap	堆	https://thumb.wikimedia.org/wikipedia/commons/thumb/7/7b/Heap_Eigenschaft.jpg/250px-Heap_Eigenschaft.jpg?utm_source=commons.wikimedia.org&utm_campaign=imageinfo&utm_content=thumbnail	https://icons.iconarchive.com/icons/icons8/ios7/96/Plants-Compost-Heap-icon.png
hearings	听证	https://thumb.wikimedia.org/wikipedia/commons/thumb/8/87/Barbara_Jordan_on_House_Judiciary_Committee_during_Watergate_impeachment_hearings_%28cropped1%29.png/250px-Barbara_Jordan_on_House_Judiciary_Committee_during_Watergate_impeachment_hearings_%28cropped1%29.png?utm_source=commons.wikimedia.org&utm_campaign=imageinfo&utm_content=thumbnail	https://cdn-icons-png.flaticon.com/128/2286/2286373.png
heavy	沉重	https://thumb.wikimedia.org/wikipedia/commons/thumb/f/f4/Heavy-tank-OWI-3.jpg/250px-Heavy-tank-OWI-3.jpg?utm_source=commons.wikimedia.org&utm_campaign=imageinfo&utm_content=thumbnail	https://cdn-icons-png.flaticon.com/128/4381/4381122.png
helm	Helm	https://thumb.wikimedia.org/wikipedia/commons/thumb/a/ad/Levon_Helm_with_drums.jpg/250px-Levon_Helm_with_drums.jpg?utm_source=commons.wikimedia.org&utm_campaign=imageinfo&utm_content=thumbnail	https://cdn-icons-png.flaticon.com/128/1575/1575933.png
help	帮助	https://upload.wikimedia.org/wikipedia/commons/3/35/Adobe_Help_CS5_icon.png?utm_source=commons.wikimedia.org&utm_campaign=imageinfo&utm_content=thumbnail_unscaled	https://cdn-icons-png.flaticon.com/128/3038/3038144.png
helpful	有帮助	https://thumb.wikimedia.org/wikipedia/commons/thumb/7/77/Helpful_sign_-_geograph.org.uk_-_308475.jpg/250px-Helpful_sign_-_geograph.org.uk_-_308475.jpg?utm_source=commons.wikimedia.org&utm_campaign=imageinfo&utm_content=thumbnail	https://ts4.mm.bing.net/th?id=OIP._YCt5Pn_2zVXtCU_mqeO8QAAAA&pid=15.1
helps	帮助		https://cdn-icons-png.flaticon.com/128/868/868834.png
hide	隐藏	https://thumb.wikimedia.org/wikipedia/commons/thumb/d/d5/%27hide%27_fans_memorial_tribute_05-03-2008.jpg/250px-%27hide%27_fans_memorial_tribute_05-03-2008.jpg?utm_source=commons.wikimedia.org&utm_campaign=imageinfo&utm_content=thumbnail	https://cdn-icons-png.flaticon.com/128/9055/9055147.png
hides	隐藏	https://thumb.wikimedia.org/wikipedia/commons/thumb/5/5e/Hides_a_ditch_-_geograph.org.uk_-_1017352.jpg/250px-Hides_a_ditch_-_geograph.org.uk_-_1017352.jpg?utm_source=commons.wikimedia.org&utm_campaign=imageinfo&utm_content=thumbnail	https://cdn-icons-png.flaticon.com/128/9055/9055147.png
hiding	隐藏	https://thumb.wikimedia.org/wikipedia/commons/thumb/4/4e/Hiding.1.jpg/250px-Hiding.1.jpg?utm_source=commons.wikimedia.org&utm_campaign=imageinfo&utm_content=thumbnail	https://ts4.mm.bing.net/th?id=OIP.Tcrfz-_-YxuYTaXrBwXauQAAAA&pid=15.1
hierarchy	层级	https://thumb.wikimedia.org/wikipedia/commons/thumb/f/fe/Biological_hierarchy.png/250px-Biological_hierarchy.png?utm_source=commons.wikimedia.org&utm_campaign=imageinfo&utm_content=thumbnail	https://cdn-icons-png.flaticon.com/128/2622/2622694.png
high	高	https://thumb.wikimedia.org/wikipedia/commons/thumb/a/ae/Sloan_High_School_Buildingloan_High_School_Building.png/250px-Sloan_High_School_Buildingloan_High_School_Building.png?utm_source=commons.wikimedia.org&utm_campaign=imageinfo&utm_content=thumbnail	https://ts4.mm.bing.net/th?id=OIP.Nf3Hp-Y8STkscJO3MVnQ2AAAAA&pid=15.1
higher	更高	https://thumb.wikimedia.org/wikipedia/commons/thumb/3/3e/Higher_Kinnerton_-_geograph.org.uk_-_589251.jpg/250px-Higher_Kinnerton_-_geograph.org.uk_-_589251.jpg?utm_source=commons.wikimedia.org&utm_campaign=imageinfo&utm_content=thumbnail	https://ts3.mm.bing.net/th?id=OIP.5FEOgKcXRZslinc24ZI7owAAAA&pid=15.1
highlight	突出	https://thumb.wikimedia.org/wikipedia/commons/thumb/d/d6/Crystal_Project_highlight_yellow.png/250px-Crystal_Project_highlight_yellow.png?utm_source=commons.wikimedia.org&utm_campaign=imageinfo&utm_content=thumbnail	https://cdn-icons-png.flaticon.com/128/4698/4698254.png
highly	高度	https://thumb.wikimedia.org/wikipedia/commons/thumb/e/e5/Highly_oscillatory_function.png/250px-Highly_oscillatory_function.png?utm_source=commons.wikimedia.org&utm_campaign=imageinfo&utm_content=thumbnail	https://ts4.mm.bing.net/th?id=OIP.6NdCwsi3BsN7piYREe5I0wAAAA&pid=15.1
hire	招聘	https://thumb.wikimedia.org/wikipedia/commons/thumb/c/cb/Laurent_de_La_Hyre_Th%C3%A9s%C3%A9e_retrouvant_les_armes_de_son_p%C3%A8re_Abou_Dhabi.jpg/250px-Laurent_de_La_Hyre_Th%C3%A9s%C3%A9e_retrouvant_les_armes_de_son_p%C3%A8re_Abou_Dhabi.jpg?utm_source=commons.wikimedia.org&utm_campaign=imageinfo&utm_content=thumbnail	https://cdn-icons-png.flaticon.com/128/10403/10403592.png
hires	录用	https://upload.wikimedia.org/wikipedia/commons/5/59/AllianceData_hires_logo.png?utm_source=commons.wikimedia.org&utm_campaign=imageinfo&utm_content=thumbnail_unscaled	https://ts4.mm.bing.net/th?id=OIP.RDpB0nQkGknHt0Sdr1qUYQAAAA&pid=15.1
hiring	招聘		https://cdn-icons-png.flaticon.com/128/8061/8061962.png
histories	历史	https://thumb.wikimedia.org/wikipedia/commons/thumb/d/d8/The_family_histories_podcast_logo.png/250px-The_family_histories_podcast_logo.png?utm_source=commons.wikimedia.org&utm_campaign=imageinfo&utm_content=thumbnail	https://ts3.mm.bing.net/th?id=OIP.PmQ1GNoWtGAMthSHanoMcgAAAA&pid=15.1
history	历史	https://thumb.wikimedia.org/wikipedia/commons/thumb/d/d7/Group_on_plaza%2C_Mesilla%2C_New_Mexico.jpg/250px-Group_on_plaza%2C_Mesilla%2C_New_Mexico.jpg?utm_source=commons.wikimedia.org&utm_campaign=imageinfo&utm_content=thumbnail	https://cdn-icons-png.flaticon.com/128/2201/2201580.png
hit	命中	https://thumb.wikimedia.org/wikipedia/commons/thumb/c/cc/Hit_Factory.jpg/250px-Hit_Factory.jpg?utm_source=commons.wikimedia.org&utm_campaign=imageinfo&utm_content=thumbnail	https://cdn-icons-png.flaticon.com/128/1477/1477229.png
hits	命中	https://thumb.wikimedia.org/wikipedia/commons/thumb/a/a2/Big_4_Hits_124_-_MelodyOfLove-NoMore.JPG/250px-Big_4_Hits_124_-_MelodyOfLove-NoMore.JPG?utm_source=commons.wikimedia.org&utm_campaign=imageinfo&utm_content=thumbnail	https://icons.iconarchive.com/icons/google/noto-emoji-activities/128/52757-direct-hit-icon.png
hold	保留	https://thumb.wikimedia.org/wikipedia/commons/thumb/5/5d/Hold_Anything.jpg/250px-Hold_Anything.jpg?utm_source=commons.wikimedia.org&utm_campaign=imageinfo&utm_content=thumbnail	https://cdn-icons-png.flaticon.com/128/5261/5261318.png
holds	预约	https://thumb.wikimedia.org/wikipedia/commons/thumb/1/1d/2025_President_Donald_Trump_holds_a_press_conference_about_Washington%2C_D.C._%28cropped%29.jpg/250px-2025_President_Donald_Trump_holds_a_press_conference_about_Washington%2C_D.C._%28cropped%29.jpg?utm_source=commons.wikimedia.org&utm_campaign=imageinfo&utm_content=thumbnail	https://cdn-icons-png.flaticon.com/128/5261/5261318.png
holiday	假日	https://thumb.wikimedia.org/wikipedia/commons/thumb/7/75/Billie_Holiday_tenderly_stormy_weather_clef.jpg/250px-Billie_Holiday_tenderly_stormy_weather_clef.jpg?utm_source=commons.wikimedia.org&utm_campaign=imageinfo&utm_content=thumbnail	https://cdn-icons-png.flaticon.com/128/3199/3199857.png
holidays	假日	https://thumb.wikimedia.org/wikipedia/commons/thumb/4/47/Holidays_Hill_Inclosure_-_geograph.org.uk_-_15423.jpg/250px-Holidays_Hill_Inclosure_-_geograph.org.uk_-_15423.jpg?utm_source=commons.wikimedia.org&utm_campaign=imageinfo&utm_content=thumbnail	https://cdn-icons-png.flaticon.com/128/3199/3199857.png
home	家	https://thumb.wikimedia.org/wikipedia/commons/thumb/9/9c/Dendermonde_Hoofdstraat_16_-_126044_-_onroerenderfgoed.jpg/250px-Dendermonde_Hoofdstraat_16_-_126044_-_onroerenderfgoed.jpg?utm_source=commons.wikimedia.org&utm_campaign=imageinfo&utm_content=thumbnail	https://ts2.mm.bing.net/th?id=OIP.fleZUR24HzkALTOVVUUSmAAAAA&pid=15.1
homework	作业	https://thumb.wikimedia.org/wikipedia/commons/thumb/3/3e/The_Drive_Prep_School_-_geograph.org.uk_-_281151.jpg/250px-The_Drive_Prep_School_-_geograph.org.uk_-_281151.jpg?utm_source=commons.wikimedia.org&utm_campaign=imageinfo&utm_content=thumbnail	https://cdn-icons-png.flaticon.com/128/2113/2113866.png
homomorphic	同态		https://ts3.mm.bing.net/th?id=OIP.90YLQwIOZy1p36sO_veKMgAAAA&pid=15.1
honest	诚实	https://thumb.wikimedia.org/wikipedia/commons/thumb/5/5e/MGR-1_Improved_Honest_John_02.jpg/250px-MGR-1_Improved_Honest_John_02.jpg?utm_source=commons.wikimedia.org&utm_campaign=imageinfo&utm_content=thumbnail	https://cdn-icons-png.flaticon.com/128/5773/5773084.png
honestly	诚实地	https://thumb.wikimedia.org/wikipedia/commons/thumb/b/bf/%22Answer_Honestly%22_-_DPLA_-_9630a4fea31ec54fd7f92d4425138c49.gif/250px-%22Answer_Honestly%22_-_DPLA_-_9630a4fea31ec54fd7f92d4425138c49.gif?utm_source=commons.wikimedia.org&utm_campaign=imageinfo&utm_content=thumbnail	https://ts2.mm.bing.net/th?id=OIP.moz2iSzCPRtef0EcVEqjSAAAAA&pid=15.1
honor	遵守	https://upload.wikimedia.org/wikipedia/commons/c/c8/Medal_of_Honor_%281902%29.jpg?utm_source=commons.wikimedia.org&utm_campaign=imageinfo&utm_content=thumbnail_unscaled	https://ts2.mm.bing.net/th?id=OIP.5bCC7nIisXisX4rqii1xMQAAAA&pid=15.1
hood	范围	https://thumb.wikimedia.org/wikipedia/commons/thumb/5/5c/Samuel_Hood%2C_1st_Viscount_Hood_-_Project_Gutenberg_eText_16914.jpg/250px-Samuel_Hood%2C_1st_Viscount_Hood_-_Project_Gutenberg_eText_16914.jpg?utm_source=commons.wikimedia.org&utm_campaign=imageinfo&utm_content=thumbnail	https://cdn-icons-png.flaticon.com/128/4020/4020986.png
hooks	钩子	https://thumb.wikimedia.org/wikipedia/commons/thumb/a/a7/Prehistoric_fishing_hooks_Science_Vol5_No120_p415.JPG/120px-Prehistoric_fishing_hooks_Science_Vol5_No120_p415.JPG?utm_source=commons.wikimedia.org&utm_campaign=imageinfo&utm_content=thumbnail	https://cdn-icons-png.flaticon.com/128/830/830509.png
host	主机	https://thumb.wikimedia.org/wikipedia/commons/thumb/2/21/Angie_Badaoui_Tv_host_%2C_Actress._.jpg/250px-Angie_Badaoui_Tv_host_%2C_Actress._.jpg?utm_source=commons.wikimedia.org&utm_campaign=imageinfo&utm_content=thumbnail	https://ts4.mm.bing.net/th?id=OIP.YGEkUab6HPkL_fMeqfoJBAAAAA&pid=15.1
hosts	主机	https://thumb.wikimedia.org/wikipedia/commons/thumb/9/9c/Barbara_Lee_hosts_Black_History_Month_Town_Hall%2C_Oakland%2C_California_03.jpg/250px-Barbara_Lee_hosts_Black_History_Month_Town_Hall%2C_Oakland%2C_California_03.jpg?utm_source=commons.wikimedia.org&utm_campaign=imageinfo&utm_content=thumbnail	https://cdn-icons-png.flaticon.com/128/3715/3715477.png
hotfixes	热修复	https://upload.wikimedia.org/wikipedia/commons/7/7e/BelgischerKreisel.gif?utm_source=commons.wikimedia.org&utm_campaign=imageinfo&utm_content=thumbnail_unscaled	https://ts4.mm.bing.net/th?id=OIP.-9RLOe6sNcQNU4T6gzHv2QAAAA&pid=15.1
hotlines	热线	https://thumb.wikimedia.org/wikipedia/commons/thumb/0/00/Hotlines_of_the_Philippine_government_%282023%29.png/250px-Hotlines_of_the_Philippine_government_%282023%29.png?utm_source=commons.wikimedia.org&utm_campaign=imageinfo&utm_content=thumbnail	https://cdn-icons-png.flaticon.com/128/7868/7868188.png
hottest	最热	https://thumb.wikimedia.org/wikipedia/commons/thumb/6/64/2006_noaa_hottest_year.jpg/250px-2006_noaa_hottest_year.jpg?utm_source=commons.wikimedia.org&utm_campaign=imageinfo&utm_content=thumbnail	https://ts3.mm.bing.net/th?id=OIP.vhr6OKMbsW3J1Y-nD4TFSgAAAA&pid=15.1
hours	小时		https://ts3.mm.bing.net/th?id=OIP.9ItEZK72tBGgojFg1kTp-AAAAA&pid=15.1
how	如何	https://thumb.wikimedia.org/wikipedia/commons/thumb/1/10/Carter_Bays_-_How_I_Met_Your_Mother_%289448160804%29.jpg/250px-Carter_Bays_-_How_I_Met_Your_Mother_%289448160804%29.jpg?utm_source=commons.wikimedia.org&utm_campaign=imageinfo&utm_content=thumbnail	https://cdn-icons-png.flaticon.com/128/5360/5360954.png
html	HTML	https://thumb.wikimedia.org/wikipedia/commons/thumb/f/f8/Html-source-code2.png/250px-Html-source-code2.png?utm_source=commons.wikimedia.org&utm_campaign=imageinfo&utm_content=thumbnail	https://ts4.mm.bing.net/th?id=OIP.MFJBYLiVbxbhK2VTokYrlAAAAA&pid=15.1
http	HTTP	https://upload.wikimedia.org/wikipedia/commons/0/0c/HTTP.png?utm_source=commons.wikimedia.org&utm_campaign=imageinfo&utm_content=thumbnail_unscaled	https://cdn-icons-png.flaticon.com/128/1674/1674868.png
human	人	https://thumb.wikimedia.org/wikipedia/commons/thumb/f/f8/Outer_anatomy_of_human_body_names.gif/250px-Outer_anatomy_of_human_body_names.gif?utm_source=commons.wikimedia.org&utm_campaign=imageinfo&utm_content=thumbnail	https://cdn-icons-png.flaticon.com/128/106/106175.png
humans	人	https://thumb.wikimedia.org/wikipedia/commons/thumb/0/03/Party_People_-_geograph.org.uk_-_1704991.jpg/250px-Party_People_-_geograph.org.uk_-_1704991.jpg?utm_source=commons.wikimedia.org&utm_campaign=imageinfo&utm_content=thumbnail	https://cdn-icons-png.flaticon.com/128/106/106175.png
humiliation	羞辱	https://thumb.wikimedia.org/wikipedia/commons/thumb/c/c5/The_Humiliation_of_Shurpanakhi.jpg/250px-The_Humiliation_of_Shurpanakhi.jpg?utm_source=commons.wikimedia.org&utm_campaign=imageinfo&utm_content=thumbnail	https://ts4.mm.bing.net/th?id=OIP.laT4175GjNEIswkfCnSSYQAAAA&pid=15.1
hurting	伤害	https://thumb.wikimedia.org/wikipedia/commons/thumb/5/58/VAMap-doton-Hurt.PNG/250px-VAMap-doton-Hurt.PNG?utm_source=commons.wikimedia.org&utm_campaign=imageinfo&utm_content=thumbnail	https://cdn-icons-png.flaticon.com/128/10571/10571914.png
hurts	伤害	https://thumb.wikimedia.org/wikipedia/commons/thumb/3/36/Oh%2C_my_head_hurts_-_geograph.org.uk_-_1621257.jpg/250px-Oh%2C_my_head_hurts_-_geograph.org.uk_-_1621257.jpg?utm_source=commons.wikimedia.org&utm_campaign=imageinfo&utm_content=thumbnail	https://cdn-icons-png.flaticon.com/128/5065/5065535.png
hydrated	已注水	https://thumb.wikimedia.org/wikipedia/commons/thumb/7/7b/WAPA_linemen_stay_hydrated%2C_Oct._12_%2837012257153%29.jpg/250px-WAPA_linemen_stay_hydrated%2C_Oct._12_%2837012257153%29.jpg?utm_source=commons.wikimedia.org&utm_campaign=imageinfo&utm_content=thumbnail	https://ts4.mm.bing.net/th?id=OIP.pbinLPQoGn1cLK0fSdq5tAAAAA&pid=15.1
hygiene	卫生	https://thumb.wikimedia.org/wikipedia/commons/thumb/3/38/Sex_Hygiene%2C_the_audience.png/250px-Sex_Hygiene%2C_the_audience.png?utm_source=commons.wikimedia.org&utm_campaign=imageinfo&utm_content=thumbnail	https://cdn-icons-png.flaticon.com/128/5802/5802148.png
idea	想法	https://upload.wikimedia.org/wikipedia/commons/4/4a/Brilliant_Idea_barnstar.png?utm_source=commons.wikimedia.org&utm_campaign=imageinfo&utm_content=thumbnail_unscaled	https://cdn-icons-png.flaticon.com/128/566/566359.png
ideas	想法	https://thumb.wikimedia.org/wikipedia/commons/thumb/d/d3/Allyn_Joslyn_in_Young_Ideas_trailer.jpg/250px-Allyn_Joslyn_in_Young_Ideas_trailer.jpg?utm_source=commons.wikimedia.org&utm_campaign=imageinfo&utm_content=thumbnail	https://cdn-icons-png.flaticon.com/128/566/566359.png
idempotency	幂等		https://ts2.mm.bing.net/th?id=OIP.3grLnzvivMXizK1tgQNY9AAAAA&pid=15.1
idempotent	幂等	https://thumb.wikimedia.org/wikipedia/commons/thumb/3/37/IdempotentCosineAngle.jpg/250px-IdempotentCosineAngle.jpg?utm_source=commons.wikimedia.org&utm_campaign=imageinfo&utm_content=thumbnail	https://ts3.mm.bing.net/th?id=OIP.jiKm2Lg9bYOwvnUYYl6DuwAAAA&pid=15.1
identifiers	标识符	https://thumb.wikimedia.org/wikipedia/commons/thumb/1/11/One_for_the_mushroom_identifiers_-_geograph.org.uk_-_244413.jpg/250px-One_for_the_mushroom_identifiers_-_geograph.org.uk_-_244413.jpg?utm_source=commons.wikimedia.org&utm_campaign=imageinfo&utm_content=thumbnail	https://cdn-icons-png.flaticon.com/128/3132/3132127.png
identify	识别	https://upload.wikimedia.org/wikipedia/commons/3/3d/Math_identify_matrix_3x3.png?utm_source=commons.wikimedia.org&utm_campaign=imageinfo&utm_content=thumbnail_unscaled	https://ts1.mm.bing.net/th?id=OIP.CyYUcdzM8sE8nmVcAitF_gAAAA&pid=15.1
identities	身份	https://upload.wikimedia.org/wikipedia/commons/5/55/Identity.jpg?utm_source=commons.wikimedia.org&utm_campaign=imageinfo&utm_content=thumbnail_unscaled	https://ts2.mm.bing.net/th?id=OIP.GlZG_WUNWrgVQRgzQa4J-gAAAA&pid=15.1
identity	身份	https://thumb.wikimedia.org/wikipedia/commons/thumb/a/ab/UK_Identity_Card.jpg/250px-UK_Identity_Card.jpg?utm_source=commons.wikimedia.org&utm_campaign=imageinfo&utm_content=thumbnail	https://cdn-icons-png.flaticon.com/128/11080/11080161.png
idioms	惯用法	https://thumb.wikimedia.org/wikipedia/commons/thumb/8/81/SSA-language-analysis.jpg/250px-SSA-language-analysis.jpg?utm_source=commons.wikimedia.org&utm_campaign=imageinfo&utm_content=thumbnail	https://cdn-icons-png.flaticon.com/128/7819/7819020.png
idle	空闲	https://thumb.wikimedia.org/wikipedia/commons/thumb/9/90/Doctor_Lane_-_Town_Lane%2C_Idle_-_geograph.org.uk_-_1058980.jpg/250px-Doctor_Lane_-_Town_Lane%2C_Idle_-_geograph.org.uk_-_1058980.jpg?utm_source=commons.wikimedia.org&utm_campaign=imageinfo&utm_content=thumbnail	https://ts4.mm.bing.net/th?id=OIP.xuqPPhK6ruHcIWAP3-0hqAAAAA&pid=15.1
ids	ID		https://ts3.mm.bing.net/th?id=OIP.4qe7DM2TmeosFi1oq1Sh4AAAAA&pid=15.1
if	如果		
image	镜像	https://thumb.wikimedia.org/wikipedia/commons/thumb/4/4e/Dark_Sky_Image.jpg/250px-Dark_Sky_Image.jpg?utm_source=commons.wikimedia.org&utm_campaign=imageinfo&utm_content=thumbnail	https://cdn-icons-png.flaticon.com/128/1375/1375106.png
images	图片	https://thumb.wikimedia.org/wikipedia/commons/thumb/d/d3/Neli_garrido.jpg/250px-Neli_garrido.jpg?utm_source=commons.wikimedia.org&utm_campaign=imageinfo&utm_content=thumbnail	https://cdn-icons-png.flaticon.com/128/1375/1375106.png
immediate	立即	https://thumb.wikimedia.org/wikipedia/commons/thumb/0/07/Immediate_Response_%2707_%283%29.jpg/250px-Immediate_Response_%2707_%283%29.jpg?utm_source=commons.wikimedia.org&utm_campaign=imageinfo&utm_content=thumbnail	https://cdn-icons-png.flaticon.com/128/5058/5058644.png
immediately	立即	https://thumb.wikimedia.org/wikipedia/commons/thumb/0/0d/Dermogenys_fry_immediately_after_birth.jpg/250px-Dermogenys_fry_immediately_after_birth.jpg?utm_source=commons.wikimedia.org&utm_campaign=imageinfo&utm_content=thumbnail	https://ts3.mm.bing.net/th?id=OIP.E26ghfWm50xjmexUbkcpQwAAAA&pid=15.1
immutable	不可变	https://thumb.wikimedia.org/wikipedia/commons/thumb/9/9b/Fixed_fire_monitor.jpg/250px-Fixed_fire_monitor.jpg?utm_source=commons.wikimedia.org&utm_campaign=imageinfo&utm_content=thumbnail	https://ts2.mm.bing.net/th?id=OIP.3J-uWWoPXjrB8YUFQvLjxAAAAA&pid=15.1
impact	影响	https://thumb.wikimedia.org/wikipedia/commons/thumb/d/dd/Chain_of_impact_craters_on_Ganymede.jpg/250px-Chain_of_impact_craters_on_Ganymede.jpg?utm_source=commons.wikimedia.org&utm_campaign=imageinfo&utm_content=thumbnail	https://cdn-icons-png.flaticon.com/128/752/752241.png
implementation	实施	https://thumb.wikimedia.org/wikipedia/commons/thumb/0/0d/Bowstring_Execution_in_Turkey.jpg/250px-Bowstring_Execution_in_Turkey.jpg?utm_source=commons.wikimedia.org&utm_campaign=imageinfo&utm_content=thumbnail	https://ts2.mm.bing.net/th?id=OIP.yKWLMTfN8WvbP-nIXC53MwAAAA&pid=15.1
implements	实现	https://thumb.wikimedia.org/wikipedia/commons/thumb/7/7f/The_Ancient_Stone_Implements_Fig._232f.png/120px-The_Ancient_Stone_Implements_Fig._232f.png?utm_source=commons.wikimedia.org&utm_campaign=imageinfo&utm_content=thumbnail	https://ts3.mm.bing.net/th?id=OIP.BBv8hGLwwv4obspkqrKtWQAAAA&pid=15.1
important	重要	https://thumb.wikimedia.org/wikipedia/commons/thumb/3/36/Important_Sign%21_-_geograph.org.uk_-_512377.jpg/250px-Important_Sign%21_-_geograph.org.uk_-_512377.jpg?utm_source=commons.wikimedia.org&utm_campaign=imageinfo&utm_content=thumbnail	https://cdn-icons-png.flaticon.com/128/5359/5359895.png
impossible	不可能	https://upload.wikimedia.org/wikipedia/commons/b/b7/Impossible_cube_different_view.jpg?utm_source=commons.wikimedia.org&utm_campaign=imageinfo&utm_content=thumbnail_unscaled	https://icons.iconarchive.com/icons/3xhumed/mega-games-pack-34/128/Impossible-Creatures-4-icon.png
improve	改进		https://ts4.mm.bing.net/th?id=OIP.Sj-HFpU7LonN4MhM0FLFFgAAAA&pid=15.1
improvement	改进	https://thumb.wikimedia.org/wikipedia/commons/thumb/d/d7/Hedge_improvement_-_geograph.org.uk_-_738919.jpg/250px-Hedge_improvement_-_geograph.org.uk_-_738919.jpg?utm_source=commons.wikimedia.org&utm_campaign=imageinfo&utm_content=thumbnail	https://cdn-icons-png.flaticon.com/128/16773/16773523.png
improvements	改进	https://thumb.wikimedia.org/wikipedia/commons/thumb/2/21/Home_improvements%2C_Hayfield_-_geograph.org.uk_-_160695.jpg/250px-Home_improvements%2C_Hayfield_-_geograph.org.uk_-_160695.jpg?utm_source=commons.wikimedia.org&utm_campaign=imageinfo&utm_content=thumbnail	https://cdn-icons-png.flaticon.com/128/16773/16773523.png
improves	改进	https://thumb.wikimedia.org/wikipedia/commons/thumb/8/80/Stephanie_improves_the_scenery_wherever_she_goes_%288180143423%29.jpg/250px-Stephanie_improves_the_scenery_wherever_she_goes_%288180143423%29.jpg?utm_source=commons.wikimedia.org&utm_campaign=imageinfo&utm_content=thumbnail	https://ts1.mm.bing.net/th?id=OIP.CJYB5EBVvG3lhgMBPTnBzgAAAA&pid=15.1
in	在		
inactive	未激活	https://upload.wikimedia.org/wikipedia/commons/c/c0/Tab_inactive_left.gif?utm_source=commons.wikimedia.org&utm_campaign=imageinfo&utm_content=thumbnail_unscaled	https://cdn-icons-png.flaticon.com/128/16823/16823021.png
inboxes	收件箱		https://ts3.mm.bing.net/th?id=OIP.vVurCCGESnOxDEga0Zg_pgAAAA&pid=15.1
incentives	激励	https://thumb.wikimedia.org/wikipedia/commons/thumb/4/45/UYC_incentives_1.jpg/250px-UYC_incentives_1.jpg?utm_source=commons.wikimedia.org&utm_campaign=imageinfo&utm_content=thumbnail	https://ts4.mm.bing.net/th?id=OIP.S1Fus4gdaRQM_A5pjZkT0gAAAA&pid=15.1
incident	事故	https://thumb.wikimedia.org/wikipedia/commons/thumb/1/15/North_Sea_Incident_1904_-_Memorial_-_geograph.org.uk_-_264822.jpg/250px-North_Sea_Incident_1904_-_Memorial_-_geograph.org.uk_-_264822.jpg?utm_source=commons.wikimedia.org&utm_campaign=imageinfo&utm_content=thumbnail	https://cdn-icons-png.flaticon.com/128/130/130159.png
incidents	事故	https://thumb.wikimedia.org/wikipedia/commons/thumb/f/f7/1908_Sniders_N_Abrahams_Incidents_In_Play_Carlton_V_Cwood.jpg/120px-1908_Sniders_N_Abrahams_Incidents_In_Play_Carlton_V_Cwood.jpg?utm_source=commons.wikimedia.org&utm_campaign=imageinfo&utm_content=thumbnail	https://cdn-icons-png.flaticon.com/128/559/559375.png
include	包含	https://thumb.wikimedia.org/wikipedia/commons/thumb/9/98/OpenJSCAD-Include-Example-Sphere2019-03-17.png/250px-OpenJSCAD-Include-Example-Sphere2019-03-17.png?utm_source=commons.wikimedia.org&utm_campaign=imageinfo&utm_content=thumbnail	https://cdn2.iconfinder.com/data/icons/social-productivity-line-art-1/128/import-128.png
includes	包含	https://thumb.wikimedia.org/wikipedia/commons/thumb/5/59/Inclusion_exclusion.png/250px-Inclusion_exclusion.png?utm_source=commons.wikimedia.org&utm_campaign=imageinfo&utm_content=thumbnail	https://cdn2.iconfinder.com/data/icons/social-productivity-line-art-1/128/import-128.png
including	包括		https://ts1.mm.bing.net/th?id=OIP.RN3VwkadbabuNXUA7eUYFQAAAA&pid=15.1
inclusion	包容	https://thumb.wikimedia.org/wikipedia/commons/thumb/5/59/Inclusion_exclusion.png/250px-Inclusion_exclusion.png?utm_source=commons.wikimedia.org&utm_campaign=imageinfo&utm_content=thumbnail	https://cdn-icons-png.flaticon.com/128/9394/9394672.png
inclusive	包容	https://thumb.wikimedia.org/wikipedia/commons/thumb/9/97/Inclusive-exclusive.jpg/250px-Inclusive-exclusive.jpg?utm_source=commons.wikimedia.org&utm_campaign=imageinfo&utm_content=thumbnail	https://ts1.mm.bing.net/th?id=OIP.m2ZfPFwXfVm01gtLzerDAQAAAA&pid=15.1
incompatible	不兼容	https://thumb.wikimedia.org/wikipedia/commons/thumb/f/fb/%E2%80%9CPushkin%E2%80%9D_fragment_of_the_composition_%E2%80%9CGenius_and_villainy_are_two_incompatible_things%E2%80%9D_%281990%E2%80%931999%29.jpg/250px-%E2%80%9CPushkin%E2%80%9D_fragment_of_the_composition_%E2%80%9CGenius_and_villainy_are_two_incompatible_things%E2%80%9D_%281990%E2%80%931999%29.jpg?utm_source=commons.wikimedia.org&utm_campaign=imageinfo&utm_content=thumbnail	https://ts3.mm.bing.net/th?id=OIP.hDE0YH4om62uls6y2Ofp1gAAAA&pid=15.1
index	索引	https://thumb.wikimedia.org/wikipedia/commons/thumb/8/8a/Index_librorum_prohibitorum.jpg/250px-Index_librorum_prohibitorum.jpg?utm_source=commons.wikimedia.org&utm_campaign=imageinfo&utm_content=thumbnail	https://ts3.mm.bing.net/th?id=OIP.mTvcp5EXE9az36GnRD3TvQAAAA&pid=15.1
indexes	索引	https://thumb.wikimedia.org/wikipedia/commons/thumb/2/2c/NASDAQ_IXIC_-_dot-com_bubble_small.png/250px-NASDAQ_IXIC_-_dot-com_bubble_small.png?utm_source=commons.wikimedia.org&utm_campaign=imageinfo&utm_content=thumbnail	https://cdn-icons-png.flaticon.com/128/2807/2807595.png
indicators	指标	https://thumb.wikimedia.org/wikipedia/commons/thumb/4/4e/Footpath_indicators_under_the_M50_-_geograph.org.uk_-_1529869.jpg/250px-Footpath_indicators_under_the_M50_-_geograph.org.uk_-_1529869.jpg?utm_source=commons.wikimedia.org&utm_campaign=imageinfo&utm_content=thumbnail	https://cdn-icons-png.flaticon.com/128/17323/17323652.png
individual	个人	https://thumb.wikimedia.org/wikipedia/commons/thumb/2/20/Detroit_Lions_Individual_Game_Picture.jpg/250px-Detroit_Lions_Individual_Game_Picture.jpg?utm_source=commons.wikimedia.org&utm_campaign=imageinfo&utm_content=thumbnail	https://ts1.mm.bing.net/th?id=OIP.CLNkSUsEo9_o3d3rdisBTAAAAA&pid=15.1
individuals	个人	https://thumb.wikimedia.org/wikipedia/commons/thumb/f/f9/Kyrgyzstan_American_Individuals_license_plate.png/250px-Kyrgyzstan_American_Individuals_license_plate.png?utm_source=commons.wikimedia.org&utm_campaign=imageinfo&utm_content=thumbnail	https://ts1.mm.bing.net/th?id=OIP.CLNkSUsEo9_o3d3rdisBTAAAAA&pid=15.1
inflows	流入	https://thumb.wikimedia.org/wikipedia/commons/thumb/a/ab/UCL_diifernt_wastewater_treatment_SOPHIED.jpg/250px-UCL_diifernt_wastewater_treatment_SOPHIED.jpg?utm_source=commons.wikimedia.org&utm_campaign=imageinfo&utm_content=thumbnail	https://ts3.mm.bing.net/th?id=OIP.ma3e28Tjy82J2VjGNhKZuwAAAA&pid=15.1
influence	影响	https://thumb.wikimedia.org/wikipedia/commons/thumb/f/f0/1InfluencerBerlin.jpg/250px-1InfluencerBerlin.jpg?utm_source=commons.wikimedia.org&utm_campaign=imageinfo&utm_content=thumbnail	https://cdn-icons-png.flaticon.com/128/1622/1622729.png
info	信息		https://icons.iconarchive.com/icons/custom-icon-design/mono-general-1/128/information-icon.png
informative	有信息	https://thumb.wikimedia.org/wikipedia/commons/thumb/f/fc/Highly_informative_signpost%2C_Matching_Green_%28geograph_3496457%29.jpg/250px-Highly_informative_signpost%2C_Matching_Green_%28geograph_3496457%29.jpg?utm_source=commons.wikimedia.org&utm_campaign=imageinfo&utm_content=thumbnail	https://cdn-icons-png.flaticon.com/128/1076/1076745.png
informs	告知	https://upload.wikimedia.org/wikipedia/commons/c/c4/Informs_logo_287blue.gif?utm_source=commons.wikimedia.org&utm_campaign=imageinfo&utm_content=thumbnail_unscaled	https://cdn-icons-png.flaticon.com/128/3534/3534066.png
infrastructure	基础设施	https://thumb.wikimedia.org/wikipedia/commons/thumb/f/ff/Telecommunication_Infrastructure_Company.png/250px-Telecommunication_Infrastructure_Company.png?utm_source=commons.wikimedia.org&utm_campaign=imageinfo&utm_content=thumbnail	https://cdn-icons-png.flaticon.com/128/17621/17621981.png
ingress	入口	https://thumb.wikimedia.org/wikipedia/commons/thumb/1/19/Chinese_stone_lion_at_the_entrance_to_the_Potala_Pallace.jpg/250px-Chinese_stone_lion_at_the_entrance_to_the_Potala_Pallace.jpg?utm_source=commons.wikimedia.org&utm_campaign=imageinfo&utm_content=thumbnail	https://ts1.mm.bing.net/th?id=OIP.kJJ5T6BEAki91C0vWcMa6gAAAA&pid=15.1
injection	注入	https://upload.wikimedia.org/wikipedia/commons/e/ee/Injection_moulding_nozzle.jpg?utm_source=commons.wikimedia.org&utm_campaign=imageinfo&utm_content=thumbnail_unscaled	https://ts4.mm.bing.net/th?id=OIP.OwBtTZ7oQjMWza8u8mjVzAAAAA&pid=15.1
injects	注入	https://thumb.wikimedia.org/wikipedia/commons/thumb/8/89/Insulin_pump_with_infusion_set.jpg/250px-Insulin_pump_with_infusion_set.jpg?utm_source=commons.wikimedia.org&utm_campaign=imageinfo&utm_content=thumbnail	https://ts3.mm.bing.net/th?id=OIP.K86pMdna059RdHZIWtvB1AAAAA&pid=15.1
input	输入	https://thumb.wikimedia.org/wikipedia/commons/thumb/0/0c/Input_assembler.png/250px-Input_assembler.png?utm_source=commons.wikimedia.org&utm_campaign=imageinfo&utm_content=thumbnail	https://cdn-icons-png.flaticon.com/128/3488/3488782.png
inside	里面	https://thumb.wikimedia.org/wikipedia/commons/thumb/e/ea/Inside_Strumble_light_-_geograph.org.uk_-_470973.jpg/250px-Inside_Strumble_light_-_geograph.org.uk_-_470973.jpg?utm_source=commons.wikimedia.org&utm_campaign=imageinfo&utm_content=thumbnail	https://ts1.mm.bing.net/th?id=OIP.gSzzQZEM1pAQSWCIcz-oZgAAAA&pid=15.1
insight	洞察	https://thumb.wikimedia.org/wikipedia/commons/thumb/c/c2/Insight_Opticians_-_Barkerend_Road_-_geograph.org.uk_-_1572956.jpg/250px-Insight_Opticians_-_Barkerend_Road_-_geograph.org.uk_-_1572956.jpg?utm_source=commons.wikimedia.org&utm_campaign=imageinfo&utm_content=thumbnail	https://cdn-icons-png.flaticon.com/128/14602/14602395.png
insights	洞察	https://upload.wikimedia.org/wikipedia/commons/1/1b/Adobe_Insights_on_Acrobat_Solutions.png?utm_source=commons.wikimedia.org&utm_campaign=imageinfo&utm_content=thumbnail_unscaled	https://cdn-icons-png.flaticon.com/128/9623/9623606.png
inspect	检查	https://thumb.wikimedia.org/wikipedia/commons/thumb/8/82/Jacob_Smith_and_staff_inspect_Balangiga_1901.jpg/250px-Jacob_Smith_and_staff_inspect_Balangiga_1901.jpg?utm_source=commons.wikimedia.org&utm_campaign=imageinfo&utm_content=thumbnail	https://cdn-icons-png.flaticon.com/128/1814/1814540.png
inspection	检查	https://thumb.wikimedia.org/wikipedia/commons/thumb/3/3c/Swine_inspection_USDA.jpg/250px-Swine_inspection_USDA.jpg?utm_source=commons.wikimedia.org&utm_campaign=imageinfo&utm_content=thumbnail	https://cdn-icons-png.flaticon.com/128/9789/9789352.png
install	安装	https://thumb.wikimedia.org/wikipedia/commons/thumb/7/7c/MediaWiki_1_18_2_install_sch_gr_01.jpg/250px-MediaWiki_1_18_2_install_sch_gr_01.jpg?utm_source=commons.wikimedia.org&utm_campaign=imageinfo&utm_content=thumbnail	https://ts3.mm.bing.net/th?id=OIP.nW_1bX8avCpxhUgdtt9b6gAAAA&pid=15.1
installs	安装	https://thumb.wikimedia.org/wikipedia/commons/thumb/b/b5/Bioslax-installer-sa.jpg/250px-Bioslax-installer-sa.jpg?utm_source=commons.wikimedia.org&utm_campaign=imageinfo&utm_content=thumbnail	https://ts3.mm.bing.net/th?id=OIP.oYeHivQGey9Pp7kyxMbzawAAAA&pid=15.1
instance	实例	https://thumb.wikimedia.org/wikipedia/commons/thumb/5/54/An_instance_of_an_n-universe_with_multiple_objects.jpg/250px-An_instance_of_an_n-universe_with_multiple_objects.jpg?utm_source=commons.wikimedia.org&utm_campaign=imageinfo&utm_content=thumbnail	https://ts3.mm.bing.net/th?id=OIP.VFho2nVHPi-hWhNBcmspkQAAAA&pid=15.1
instead	而是	https://upload.wikimedia.org/wikipedia/commons/6/62/INSTEAD-Logo-small.png?utm_source=commons.wikimedia.org&utm_campaign=imageinfo&utm_content=thumbnail_unscaled	https://ts4.mm.bing.net/th?id=OIP.di4Pwf0ZZAYfOICz3V0L3QAAAA&pid=15.1
instrument	埋点	https://thumb.wikimedia.org/wikipedia/commons/thumb/9/9d/Drova_%28musical_instrument%29.PNG/250px-Drova_%28musical_instrument%29.PNG?utm_source=commons.wikimedia.org&utm_campaign=imageinfo&utm_content=thumbnail	https://cdn-icons-png.flaticon.com/128/4419/4419467.png
insurance	保险	https://thumb.wikimedia.org/wikipedia/commons/thumb/b/b0/Insurance_period_relationship.png/250px-Insurance_period_relationship.png?utm_source=commons.wikimedia.org&utm_campaign=imageinfo&utm_content=thumbnail	https://cdn-icons-png.flaticon.com/128/12195/12195094.png
integration	集成	https://thumb.wikimedia.org/wikipedia/commons/thumb/d/d4/Enterprise_Integration_Patterns_-_Message_sketch.gif/250px-Enterprise_Integration_Patterns_-_Message_sketch.gif?utm_source=commons.wikimedia.org&utm_campaign=imageinfo&utm_content=thumbnail	https://cdn-icons-png.flaticon.com/128/4618/4618563.png
integrations	集成	https://thumb.wikimedia.org/wikipedia/commons/thumb/c/c8/Euler%27s_diagram_-_European_integrations_2023.png/250px-Euler%27s_diagram_-_European_integrations_2023.png?utm_source=commons.wikimedia.org&utm_campaign=imageinfo&utm_content=thumbnail	https://cdn-icons-png.flaticon.com/128/4618/4618563.png
intel	情报		https://ts2.mm.bing.net/th?id=OIP.Kse7Xg2M4PDD65OBsCGKwQAAAA&pid=15.1
intelligence	智能	https://upload.wikimedia.org/wikipedia/commons/6/67/18th_Intelligence_Squadron_2.png?utm_source=commons.wikimedia.org&utm_campaign=imageinfo&utm_content=thumbnail_unscaled	https://cdn-icons-png.flaticon.com/128/7364/7364323.png
intensity	强度	https://thumb.wikimedia.org/wikipedia/commons/thumb/9/98/Cyclone_Kalunde_At_Peak_Intensity_Mar_08_2003_0915Z.jpg/250px-Cyclone_Kalunde_At_Peak_Intensity_Mar_08_2003_0915Z.jpg?utm_source=commons.wikimedia.org&utm_campaign=imageinfo&utm_content=thumbnail	https://ts4.mm.bing.net/th?id=OIP.JDUYjM023gR3yWV7udAN0QAAAA&pid=15.1
intent	意图	https://thumb.wikimedia.org/wikipedia/commons/thumb/d/da/Sculpted_with_intent_-_geograph.org.uk_-_239293.jpg/250px-Sculpted_with_intent_-_geograph.org.uk_-_239293.jpg?utm_source=commons.wikimedia.org&utm_campaign=imageinfo&utm_content=thumbnail	https://ts1.mm.bing.net/th?id=OIP.BUVkslHU9UOPfe4GDgsefQAAAA&pid=15.1
intentional	有意	https://thumb.wikimedia.org/wikipedia/commons/thumb/3/36/Intentional_heather_burn_near_Hob_on_the_Hill_-_geograph.org.uk_-_165968.jpg/250px-Intentional_heather_burn_near_Hob_on_the_Hill_-_geograph.org.uk_-_165968.jpg?utm_source=commons.wikimedia.org&utm_campaign=imageinfo&utm_content=thumbnail	https://ts3.mm.bing.net/th?id=OIP.rO51ETumDjBcKgPfdrtBugAAAA&pid=15.1
intentionally	有意地	https://thumb.wikimedia.org/wikipedia/commons/thumb/d/dc/Ball_goal_%28test%29.png/250px-Ball_goal_%28test%29.png?utm_source=commons.wikimedia.org&utm_campaign=imageinfo&utm_content=thumbnail	https://ts1.mm.bing.net/th?id=OIP.e2sg6NQMeDJ3eMqWovQAJAAAAA&pid=15.1
interactions	相互作用	https://thumb.wikimedia.org/wikipedia/commons/thumb/3/38/Quark_weak_interactions_ar.png/250px-Quark_weak_interactions_ar.png?utm_source=commons.wikimedia.org&utm_campaign=imageinfo&utm_content=thumbnail	https://ts1.mm.bing.net/th?id=OIP.CBuuzVl5JqoBUnKBdskukwAAAA&pid=15.1
intercompany	公司间		https://ts2.mm.bing.net/th?id=OIP.EHLYwsRY9NQ0KwON_vmg3QAAAA&pid=15.1
interest	兴趣	https://thumb.wikimedia.org/wikipedia/commons/thumb/a/a2/Interest_%28emotion%29.jpg/250px-Interest_%28emotion%29.jpg?utm_source=commons.wikimedia.org&utm_campaign=imageinfo&utm_content=thumbnail	https://cdn-icons-png.flaticon.com/128/6021/6021656.png
interface	接口	https://thumb.wikimedia.org/wikipedia/commons/thumb/b/b8/Body_image_scanner_interface_OK.JPG/250px-Body_image_scanner_interface_OK.JPG?utm_source=commons.wikimedia.org&utm_campaign=imageinfo&utm_content=thumbnail	https://ts3.mm.bing.net/th?id=OIP.rH_C2FXnSNThoxfYcXIT6QAAAA&pid=15.1
interleaving	交错	https://thumb.wikimedia.org/wikipedia/commons/thumb/7/78/Physiology_for_Young_People_-_1884_-_Interleaving_of_the_air_tubes_and_blood_vessels_in_the_lungs.png/250px-Physiology_for_Young_People_-_1884_-_Interleaving_of_the_air_tubes_and_blood_vessels_in_the_lungs.png?utm_source=commons.wikimedia.org&utm_campaign=imageinfo&utm_content=thumbnail	https://ts3.explicit.bing.net/th?id=OIP.mI5ekQIeauzU8daCkdhCGQAAAA&pid=15.1
intermittent	间歇		https://ts4.mm.bing.net/th?id=OIP.jcn1zE8ycF_bmncNyvJHDAAAAA&pid=15.1
internal	内部	https://thumb.wikimedia.org/wikipedia/commons/thumb/1/16/Internal_morphology_of_Coleoptera.png/250px-Internal_morphology_of_Coleoptera.png?utm_source=commons.wikimedia.org&utm_campaign=imageinfo&utm_content=thumbnail	https://ts4.mm.bing.net/th?id=OIP.NxBmLGhtRUJ5tZAatFr-uwAAAA&pid=15.1
internationally	国际上	https://thumb.wikimedia.org/wikipedia/commons/thumb/f/f6/Scott_Heigelmann_internationally_acclaimed_designer.png/250px-Scott_Heigelmann_internationally_acclaimed_designer.png?utm_source=commons.wikimedia.org&utm_campaign=imageinfo&utm_content=thumbnail	https://cdn-icons-png.flaticon.com/128/2206/2206461.png
interns	实习生	https://thumb.wikimedia.org/wikipedia/commons/thumb/0/01/Poster_of_the_movie_The_Interns.jpg/250px-Poster_of_the_movie_The_Interns.jpg?utm_source=commons.wikimedia.org&utm_campaign=imageinfo&utm_content=thumbnail	https://ts1.mm.bing.net/th?id=OIP.cGVSIu7jSD1O0jXl8WNw1QAAAA&pid=15.1
internship	实习	https://thumb.wikimedia.org/wikipedia/commons/thumb/3/35/The_practice_of_typography_-_initial_A.png/250px-The_practice_of_typography_-_initial_A.png?utm_source=commons.wikimedia.org&utm_campaign=imageinfo&utm_content=thumbnail	https://cdn-icons-png.flaticon.com/128/17650/17650403.png
interpreters	译员	https://thumb.wikimedia.org/wikipedia/commons/thumb/b/b1/US_Army_OD_Chevron_Corporal_Corps_of_Interpreters_1918.png/250px-US_Army_OD_Chevron_Corporal_Corps_of_Interpreters_1918.png?utm_source=commons.wikimedia.org&utm_campaign=imageinfo&utm_content=thumbnail	https://cdn-icons-png.flaticon.com/128/2974/2974086.png
interruption	打断	https://thumb.wikimedia.org/wikipedia/commons/thumb/6/6e/ITV_Interruption_piece_%287_TV_Pieces%29_David_Hall_1971.jpg/250px-ITV_Interruption_piece_%287_TV_Pieces%29_David_Hall_1971.jpg?utm_source=commons.wikimedia.org&utm_campaign=imageinfo&utm_content=thumbnail	https://cdn-icons-png.flaticon.com/128/10468/10468448.png
interruptions	中断	https://thumb.wikimedia.org/wikipedia/commons/thumb/0/09/Cardiovascular_system_-_Left_Ventricular_Remodeling_Following_Myocardial_Infarction_-_Acute_infarction%2C_days_to_months_--_Smart-Servier.png/250px-Cardiovascular_system_-_Left_Ventricular_Remodeling_Following_Myocardial_Infarction_-_Acute_infarction%2C_days_to_months_--_Smart-Servier.png?utm_source=commons.wikimedia.org&utm_campaign=imageinfo&utm_content=thumbnail	https://cdn-icons-png.flaticon.com/128/10468/10468448.png
intervals	间隔	https://thumb.wikimedia.org/wikipedia/commons/thumb/4/44/Size_of_intervals_in_D-based_quarter-comma_meantone_%28from_C%29.PNG/250px-Size_of_intervals_in_D-based_quarter-comma_meantone_%28from_C%29.PNG?utm_source=commons.wikimedia.org&utm_campaign=imageinfo&utm_content=thumbnail	https://ts3.mm.bing.net/th?id=OIP.qSVxfHzR8Dymkq6DuMLiwwAAAA&pid=15.1
interviewers	面试官	https://thumb.wikimedia.org/wikipedia/commons/thumb/6/60/Entrevista_2020%2C_Barbara_Fran%C3%A7a_02.jpg/250px-Entrevista_2020%2C_Barbara_Fran%C3%A7a_02.jpg?utm_source=commons.wikimedia.org&utm_campaign=imageinfo&utm_content=thumbnail	https://ts1.mm.bing.net/th?id=OIP.co5vSEZvj9joSIo2YGEcQwAAAA&pid=15.1
interviews	面试	https://thumb.wikimedia.org/wikipedia/commons/thumb/6/60/Entrevista_2020%2C_Barbara_Fran%C3%A7a_02.jpg/250px-Entrevista_2020%2C_Barbara_Fran%C3%A7a_02.jpg?utm_source=commons.wikimedia.org&utm_campaign=imageinfo&utm_content=thumbnail	https://ts3.mm.bing.net/th?id=OIP.cCtYu7vVX1_DPdIez8IeoQAAAA&pid=15.1
into	进入		
invalidate	失效		https://ts3.mm.bing.net/th?id=OIP.mYgXXRAezZg3UJfJYQH2BwAAAA&pid=15.1
inventions	发明	https://thumb.wikimedia.org/wikipedia/commons/thumb/1/1f/Mellange%2C_curiosit%C3%A9s_et_petites_inventions_de_Jacques_Cellier_%E2%80%93_Biblioth%C3%A8que_Sainte-Genevi%C3%A8ve_MS1111-001.jpg/20px-Mellange%2C_curiosit%C3%A9s_et_petites_inventions_de_Jacques_Cellier_%E2%80%93_Biblioth%C3%A8que_Sainte-Genevi%C3%A8ve_MS1111-001.jpg?utm_source=commons.wikimedia.org&utm_campaign=imageinfo&utm_content=thumbnail	https://ts4.mm.bing.net/th?id=OIP.-DXXrdgeVQQDVVhGgf8hLgAAAA&pid=15.1
inventories	库存	https://upload.wikimedia.org/wikipedia/commons/2/2c/Stock_ticker.jpg?utm_source=commons.wikimedia.org&utm_campaign=imageinfo&utm_content=thumbnail_unscaled	https://cdn-icons-png.flaticon.com/128/2897/2897785.png
inventory	库存	https://thumb.wikimedia.org/wikipedia/commons/thumb/4/48/Love_Inventory_official_film_poster.jpg/250px-Love_Inventory_official_film_poster.jpg?utm_source=commons.wikimedia.org&utm_campaign=imageinfo&utm_content=thumbnail	https://cdn-icons-png.flaticon.com/128/2897/2897785.png
invert	反转	https://thumb.wikimedia.org/wikipedia/commons/thumb/7/71/Inverted_Head_Four_Annas.jpg/250px-Inverted_Head_Four_Annas.jpg?utm_source=commons.wikimedia.org&utm_campaign=imageinfo&utm_content=thumbnail	https://cdn-icons-png.flaticon.com/128/565/565536.png
invest	投资	https://thumb.wikimedia.org/wikipedia/commons/thumb/a/ae/Russian_investment_abroad.jpg/250px-Russian_investment_abroad.jpg?utm_source=commons.wikimedia.org&utm_campaign=imageinfo&utm_content=thumbnail	https://ts1.mm.bing.net/th?id=OIP.CttNp4pVNWv8qpQTB92onAAAAA&pid=15.1
investigate	调查	https://thumb.wikimedia.org/wikipedia/commons/thumb/2/29/Balkan_Investigative_Reporting_Network_Bosnia_and_Herzegovina_%28logo%29.png/250px-Balkan_Investigative_Reporting_Network_Bosnia_and_Herzegovina_%28logo%29.png?utm_source=commons.wikimedia.org&utm_campaign=imageinfo&utm_content=thumbnail	https://cdn-icons-png.flaticon.com/128/12061/12061007.png
investing	投资	https://thumb.wikimedia.org/wikipedia/commons/thumb/a/ae/Russian_investment_abroad.jpg/250px-Russian_investment_abroad.jpg?utm_source=commons.wikimedia.org&utm_campaign=imageinfo&utm_content=thumbnail	https://cdn-icons-png.flaticon.com/128/15708/15708470.png
investment	投资	https://thumb.wikimedia.org/wikipedia/commons/thumb/a/ae/Russian_investment_abroad.jpg/250px-Russian_investment_abroad.jpg?utm_source=commons.wikimedia.org&utm_campaign=imageinfo&utm_content=thumbnail	https://cdn-icons-png.flaticon.com/128/15708/15708470.png
investor	投资人	https://thumb.wikimedia.org/wikipedia/commons/thumb/6/6c/%22Investor%22_-_geograph.org.uk_-_1172002.jpg/250px-%22Investor%22_-_geograph.org.uk_-_1172002.jpg?utm_source=commons.wikimedia.org&utm_campaign=imageinfo&utm_content=thumbnail	https://ts1.mm.bing.net/th?id=OIP.YsIKGvzGM_fTFqAPVKLRkQAAAA&pid=15.1
investors	投资人	https://thumb.wikimedia.org/wikipedia/commons/thumb/f/f9/TTG_Investors_LLC.png/250px-TTG_Investors_LLC.png?utm_source=commons.wikimedia.org&utm_campaign=imageinfo&utm_content=thumbnail	https://cdn-icons-png.flaticon.com/128/11175/11175485.png
invite	邀请		https://cdn-icons-png.flaticon.com/128/2132/2132462.png
invoice	发票	https://thumb.wikimedia.org/wikipedia/commons/thumb/8/8e/Karelian_Birch_%28Faberg%C3%A9_egg%29_-_invoice.jpeg/250px-Karelian_Birch_%28Faberg%C3%A9_egg%29_-_invoice.jpeg?utm_source=commons.wikimedia.org&utm_campaign=imageinfo&utm_content=thumbnail	https://ts1.mm.bing.net/th?id=OIP.jJPzxseMh6D5JIw36JJwvQAAAA&pid=15.1
invoices	发票	https://thumb.wikimedia.org/wikipedia/commons/thumb/6/63/Bookkeeping-Receipt.png/250px-Bookkeeping-Receipt.png?utm_source=commons.wikimedia.org&utm_campaign=imageinfo&utm_content=thumbnail	https://ts4.mm.bing.net/th?id=OIP.RDnH1Oi9REmINtl8ozBeSAAAAA&pid=15.1
involve	涉及	https://upload.wikimedia.org/wikipedia/commons/5/59/Polyene_cyclization_involves_stereospecific_anti-periplanar_addition_across_three_C%3DC_bonds_in_oxidosqualene_1.png?utm_source=commons.wikimedia.org&utm_campaign=imageinfo&utm_content=thumbnail_unscaled	https://cdn-icons-png.flaticon.com/128/6420/6420032.png
involves	涉及	https://upload.wikimedia.org/wikipedia/commons/5/59/Polyene_cyclization_involves_stereospecific_anti-periplanar_addition_across_three_C%3DC_bonds_in_oxidosqualene_1.png?utm_source=commons.wikimedia.org&utm_campaign=imageinfo&utm_content=thumbnail_unscaled	https://cdn-icons-png.flaticon.com/128/6420/6420032.png
iot	物联网	https://upload.wikimedia.org/wikipedia/commons/a/ae/Exosite-internet_of_things-_logo.png?utm_source=commons.wikimedia.org&utm_campaign=imageinfo&utm_content=thumbnail_unscaled	https://cdn-icons-png.flaticon.com/128/10355/10355707.png
ip	IP		
is	是		
isolate	隔离	https://upload.wikimedia.org/wikipedia/commons/e/e8/Isolate.gif?utm_source=commons.wikimedia.org&utm_campaign=imageinfo&utm_content=thumbnail_unscaled	https://cdn-icons-png.flaticon.com/128/2948/2948080.png
isolation	隔离	https://thumb.wikimedia.org/wikipedia/commons/thumb/8/81/Isolation_-_John_Lennon_1970_single.png/250px-Isolation_-_John_Lennon_1970_single.png?utm_source=commons.wikimedia.org&utm_campaign=imageinfo&utm_content=thumbnail	https://cdn-icons-png.flaticon.com/128/6124/6124776.png
issuance	发行	https://upload.wikimedia.org/wikipedia/commons/7/78/5_Dollars_-_Chinese_American_Bank_of_Commerce%2C_Shanghai_Branch_%2815.07.1920%2C_Second_Issue%29_Shanghai_issuance_stamp.jpg?utm_source=commons.wikimedia.org&utm_campaign=imageinfo&utm_content=thumbnail_unscaled	https://cdn-icons-png.flaticon.com/128/17451/17451043.png
issue	问题	https://upload.wikimedia.org/wikipedia/commons/1/1d/Noize-magazine-issue-57.jpg?utm_source=commons.wikimedia.org&utm_campaign=imageinfo&utm_content=thumbnail_unscaled	https://cdn-icons-png.flaticon.com/128/17451/17451043.png
issues	问题	https://thumb.wikimedia.org/wikipedia/commons/thumb/c/cf/AirScienceWonder_issues_grid.png/250px-AirScienceWonder_issues_grid.png?utm_source=commons.wikimedia.org&utm_campaign=imageinfo&utm_content=thumbnail	https://cdn-icons-png.flaticon.com/128/9132/9132468.png
it	它		
itemize	分项		https://ts2.mm.bing.net/th?id=OIP.QgciovtdBkKnwiKSfKbc7gAAAA&pid=15.1
items	项目	https://thumb.wikimedia.org/wikipedia/commons/thumb/d/d3/Items_for_sale_outside_Scott_Brothers_shop_-_geograph.org.uk_-_988202.jpg/250px-Items_for_sale_outside_Scott_Brothers_shop_-_geograph.org.uk_-_988202.jpg?utm_source=commons.wikimedia.org&utm_campaign=imageinfo&utm_content=thumbnail	https://ts2.mm.bing.net/th?id=OIP.laABCftqCBdbJs0WRsZ78wAAAA&pid=15.1
its	它的	https://thumb.wikimedia.org/wikipedia/commons/thumb/e/ef/Troy_and_its_remains_plate_040_sml.jpg/250px-Troy_and_its_remains_plate_040_sml.jpg?utm_source=commons.wikimedia.org&utm_campaign=imageinfo&utm_content=thumbnail	https://ts3.mm.bing.net/th?id=OIF.5itMvDTeFbTOm1oEPxvWOg&pid=15.1
itself	本身	https://thumb.wikimedia.org/wikipedia/commons/thumb/a/ab/UK_Identity_Card.jpg/250px-UK_Identity_Card.jpg?utm_source=commons.wikimedia.org&utm_campaign=imageinfo&utm_content=thumbnail	https://ts4.mm.bing.net/th?id=OIP.KTUKBPKVZThBAroFlIhdHgAAAA&pid=15.1
jargon	行话	https://thumb.wikimedia.org/wikipedia/commons/thumb/4/42/Loch_Jargon.jpg/250px-Loch_Jargon.jpg?utm_source=commons.wikimedia.org&utm_campaign=imageinfo&utm_content=thumbnail	https://ts1.mm.bing.net/th?id=OIP.TBpSYzW-Snc4zMqxYTG6FAAAAA&pid=15.1
job	工作	https://thumb.wikimedia.org/wikipedia/commons/thumb/a/a4/Job_sculpture_by_Ivan_Me%C5%A1trovi%C4%87_on_Syracuse_University_campus.jpg/250px-Job_sculpture_by_Ivan_Me%C5%A1trovi%C4%87_on_Syracuse_University_campus.jpg?utm_source=commons.wikimedia.org&utm_campaign=imageinfo&utm_content=thumbnail	https://cdn-icons-png.flaticon.com/128/1694/1694787.png
jobs	工作	https://upload.wikimedia.org/wikipedia/commons/0/05/Steve_Jobs_Presentation_1.jpg?utm_source=commons.wikimedia.org&utm_campaign=imageinfo&utm_content=thumbnail_unscaled	https://cdn-icons-png.flaticon.com/128/1694/1694787.png
joiner	加入者	https://thumb.wikimedia.org/wikipedia/commons/thumb/3/3a/Roy_Joiner_1940_Play_Ball_card.jpeg/250px-Roy_Joiner_1940_Play_Ball_card.jpeg?utm_source=commons.wikimedia.org&utm_campaign=imageinfo&utm_content=thumbnail	https://cdn-icons-png.flaticon.com/128/5679/5679366.png
joint	联合	https://thumb.wikimedia.org/wikipedia/commons/thumb/b/b5/Universal_joint.gif/250px-Universal_joint.gif?utm_source=commons.wikimedia.org&utm_campaign=imageinfo&utm_content=thumbnail	https://cdn-icons-png.flaticon.com/128/12214/12214672.png
journalists	记者	https://thumb.wikimedia.org/wikipedia/commons/thumb/c/ca/Maiya124582487.jpg/250px-Maiya124582487.jpg?utm_source=commons.wikimedia.org&utm_campaign=imageinfo&utm_content=thumbnail	https://cdn-icons-png.flaticon.com/128/6007/6007799.png
journey	旅程	https://thumb.wikimedia.org/wikipedia/commons/thumb/6/67/A_Journey_to_the_Centre_of_the_Earth-1874.jpg/250px-A_Journey_to_the_Centre_of_the_Earth-1874.jpg?utm_source=commons.wikimedia.org&utm_campaign=imageinfo&utm_content=thumbnail	https://cdn-icons-png.flaticon.com/128/1179/1179054.png
journeys	旅程	https://thumb.wikimedia.org/wikipedia/commons/thumb/a/ae/Zigzag_Journeys_in_India.jpg/250px-Zigzag_Journeys_in_India.jpg?utm_source=commons.wikimedia.org&utm_campaign=imageinfo&utm_content=thumbnail	https://cdn-icons-png.flaticon.com/128/3477/3477430.png
json	JSON	https://upload.wikimedia.org/wikipedia/commons/3/3f/Json_comedy_festival_cropped.jpg?utm_source=commons.wikimedia.org&utm_campaign=imageinfo&utm_content=thumbnail_unscaled	https://cdn-icons-png.flaticon.com/128/136/136443.png
judging	评判	https://thumb.wikimedia.org/wikipedia/commons/thumb/a/aa/Mike_Judge_at_awards.jpg/250px-Mike_Judge_at_awards.jpg?utm_source=commons.wikimedia.org&utm_campaign=imageinfo&utm_content=thumbnail	https://ts1.mm.bing.net/th?id=OIP.ImnFU7yvM-ACbUTBWA98IwAAAA&pid=15.1
judgment	判断	https://thumb.wikimedia.org/wikipedia/commons/thumb/7/7e/Judgment_at_Nuremberg-Judy_Garland.JPG/250px-Judgment_at_Nuremberg-Judy_Garland.JPG?utm_source=commons.wikimedia.org&utm_campaign=imageinfo&utm_content=thumbnail	https://ts1.mm.bing.net/th?id=OIP.iYYM9o71r4YS8-H32bi-ZQAAAA&pid=15.1
just	只	https://thumb.wikimedia.org/wikipedia/commons/thumb/9/91/JUSTuni8.jpeg/250px-JUSTuni8.jpeg?utm_source=commons.wikimedia.org&utm_campaign=imageinfo&utm_content=thumbnail	https://ts4.mm.bing.net/th?id=OIP.eXewYMlv-Luj9HDFrNY2BQAAAA&pid=15.1
keep	保持	https://thumb.wikimedia.org/wikipedia/commons/thumb/a/a7/%27Keep_clear%27_road_marking_at_Bradwell%2C_Derbyshire.jpg/250px-%27Keep_clear%27_road_marking_at_Bradwell%2C_Derbyshire.jpg?utm_source=commons.wikimedia.org&utm_campaign=imageinfo&utm_content=thumbnail	https://cdn-icons-png.flaticon.com/128/11261/11261745.png
keeps	保持	https://thumb.wikimedia.org/wikipedia/commons/thumb/4/4e/LUV_for_Keeps_-_3.png/250px-LUV_for_Keeps_-_3.png?utm_source=commons.wikimedia.org&utm_campaign=imageinfo&utm_content=thumbnail	https://ts3.mm.bing.net/th?id=OIP.IG_7yrplulih1nnODOcRPwAAAA&pid=15.1
key	键	https://upload.wikimedia.org/wikipedia/commons/e/e6/BG4_Net_Entry_key.jpg?utm_source=commons.wikimedia.org&utm_campaign=imageinfo&utm_content=thumbnail_unscaled	https://ts3.mm.bing.net/th?id=OIP.bhEwKtpixLfaOTpOjvxuDwAAAA&pid=15.1
keyboard	键盘	https://thumb.wikimedia.org/wikipedia/commons/thumb/4/4e/Computer_keyboard.png/250px-Computer_keyboard.png?utm_source=commons.wikimedia.org&utm_campaign=imageinfo&utm_content=thumbnail	https://cdn-icons-png.flaticon.com/128/18456/18456070.png
keys	密钥	https://thumb.wikimedia.org/wikipedia/commons/thumb/4/45/Cactus_%26_Keys_Group_Logo_Las_Cruces_NM.jpg/250px-Cactus_%26_Keys_Group_Logo_Las_Cruces_NM.jpg?utm_source=commons.wikimedia.org&utm_campaign=imageinfo&utm_content=thumbnail	https://ts3.mm.bing.net/th?id=OIP.bhEwKtpixLfaOTpOjvxuDwAAAA&pid=15.1
keyword	关键词		https://ts4.mm.bing.net/th?id=OIP.0fiAqfyX_ErJzavwpnmmUgAAAA&pid=15.1
keywords	关键词	https://thumb.wikimedia.org/wikipedia/commons/thumb/7/7f/PubMed_occurrence_PCR_keywords.png/250px-PubMed_occurrence_PCR_keywords.png?utm_source=commons.wikimedia.org&utm_campaign=imageinfo&utm_content=thumbnail	https://images.icon-icons.com/560/PNG/96/Keywords_icon-icons.com_53741.png
kill	终止	https://thumb.wikimedia.org/wikipedia/commons/thumb/a/ac/Paupers_Graveyard%2C_Kill_-_geograph.org.uk_-_901342.jpg/250px-Paupers_Graveyard%2C_Kill_-_geograph.org.uk_-_901342.jpg?utm_source=commons.wikimedia.org&utm_campaign=imageinfo&utm_content=thumbnail	https://cdn-icons-png.flaticon.com/128/2736/2736398.png
kind	种类	https://thumb.wikimedia.org/wikipedia/commons/thumb/8/82/River_Kinder_below_Kinder_Downfall_-_geograph.org.uk_-_81057.jpg/250px-River_Kinder_below_Kinder_Downfall_-_geograph.org.uk_-_81057.jpg?utm_source=commons.wikimedia.org&utm_campaign=imageinfo&utm_content=thumbnail	https://cdn-icons-png.flaticon.com/128/3838/3838130.png
kindly	善意地	https://thumb.wikimedia.org/wikipedia/commons/thumb/a/af/This_flower_is_from_Nrusinghanath_Gandhamardan_Hill_Kurdu_Dunguri_Nrusinghanath_%2CKindly_identify_the_plant..A_very_rare_one_but_unable_to_identify.jpg/250px-This_flower_is_from_Nrusinghanath_Gandhamardan_Hill_Kurdu_Dunguri_Nrusinghanath_%2CKindly_identify_the_plant..A_very_rare_one_but_unable_to_identify.jpg?utm_source=commons.wikimedia.org&utm_campaign=imageinfo&utm_content=thumbnail	https://ts3.mm.bing.net/th?id=OIP.YN0B5ffTU0Veh0P2xOMLfgAAAA&pid=15.1
kindness	善意	https://thumb.wikimedia.org/wikipedia/commons/thumb/3/30/Tom_Kindness_97th_Congress_1981.jpg/250px-Tom_Kindness_97th_Congress_1981.jpg?utm_source=commons.wikimedia.org&utm_campaign=imageinfo&utm_content=thumbnail	https://cdn-icons-png.flaticon.com/128/11009/11009749.png
kits	套件	https://upload.wikimedia.org/wikipedia/commons/2/20/KITS_Live_105_logo_%282015%29.png?utm_source=commons.wikimedia.org&utm_campaign=imageinfo&utm_content=thumbnail_unscaled	https://ts4.mm.bing.net/th?id=OIP.5Y8-0u3Si6xSMJ3VWsEapAAAAA&pid=15.1
know	知道	https://thumb.wikimedia.org/wikipedia/commons/thumb/4/41/Know_Nothing_Polka.jpg/250px-Know_Nothing_Polka.jpg?utm_source=commons.wikimedia.org&utm_campaign=imageinfo&utm_content=thumbnail	https://cdn-icons-png.flaticon.com/128/5625/5625718.png
knowledge	知识	https://thumb.wikimedia.org/wikipedia/commons/thumb/2/21/Reliable_knowledge.png/250px-Reliable_knowledge.png?utm_source=commons.wikimedia.org&utm_campaign=imageinfo&utm_content=thumbnail	https://ts1.mm.bing.net/th?id=OIP.BIktEkkByHzYDqZuiegF7wAAAA&pid=15.1
known	已知	https://upload.wikimedia.org/wikipedia/commons/2/25/Logo_of_Known_software_%28supported_by_Open_Collective%29.png?utm_source=commons.wikimedia.org&utm_campaign=imageinfo&utm_content=thumbnail_unscaled	https://ts2.mm.bing.net/th?id=OIP.3o5yhNr-_lKW5i02Ttu1LAAAAA&pid=15.1
kubernetes	Kubernetes	https://thumb.wikimedia.org/wikipedia/commons/thumb/c/c4/Fl%C3%A8che_r%C3%A9sum%C3%A9.jpg/250px-Fl%C3%A8che_r%C3%A9sum%C3%A9.jpg?utm_source=commons.wikimedia.org&utm_campaign=imageinfo&utm_content=thumbnail	https://ts4.mm.bing.net/th?id=OIP.rFkuGJuFpSBtZ9YEKBa_ZgAAAA&pid=15.1
kyc	KYC		https://cdn-icons-png.flaticon.com/128/18282/18282066.png
lab	实验室	https://thumb.wikimedia.org/wikipedia/commons/thumb/f/fa/Emil_Christian_Hansen_in_the_lab_by_Frederik_Riise.jpg/250px-Emil_Christian_Hansen_in_the_lab_by_Frederik_Riise.jpg?utm_source=commons.wikimedia.org&utm_campaign=imageinfo&utm_content=thumbnail	https://images.icon-icons.com/3809/PNG/96/test_tube_science_laboratory_lab_icon_233283.png
label	标签	https://upload.wikimedia.org/wikipedia/commons/6/6c/Kodak_label-about1978.jpg?utm_source=commons.wikimedia.org&utm_campaign=imageinfo&utm_content=thumbnail_unscaled	https://cdn-icons-png.flaticon.com/128/4305/4305619.png
labels	标签	https://thumb.wikimedia.org/wikipedia/commons/thumb/5/5a/Dasysyrphus_osburni_Holotype_CNCD15387_labels_%286469419013%29.jpg/250px-Dasysyrphus_osburni_Holotype_CNCD15387_labels_%286469419013%29.jpg?utm_source=commons.wikimedia.org&utm_campaign=imageinfo&utm_content=thumbnail	https://ts3.mm.bing.net/th?id=OIP.DdHn0HYrdlVVWfJi3faoAQAAAA&pid=15.1
ladders	阶梯	https://thumb.wikimedia.org/wikipedia/commons/thumb/f/fa/COLLECTIE_TROPENMUSEUM_Ladders_en_rotsgraven_op_de_begraafplaats_der_koningen_van_Sangalla%27_TMnr_20000478.jpg/250px-COLLECTIE_TROPENMUSEUM_Ladders_en_rotsgraven_op_de_begraafplaats_der_koningen_van_Sangalla%27_TMnr_20000478.jpg?utm_source=commons.wikimedia.org&utm_campaign=imageinfo&utm_content=thumbnail	https://ts1.mm.bing.net/th?id=OIP.4xbvDOYAfXnF4LKAT5_JNwAAAA&pid=15.1
lag	延迟	https://thumb.wikimedia.org/wikipedia/commons/thumb/c/c8/Lag_Burn_-_geograph.org.uk_-_457785.jpg/250px-Lag_Burn_-_geograph.org.uk_-_457785.jpg?utm_source=commons.wikimedia.org&utm_campaign=imageinfo&utm_content=thumbnail	https://cdn-icons-png.flaticon.com/128/4293/4293000.png
land	落地	https://thumb.wikimedia.org/wikipedia/commons/thumb/b/bb/On_Dry_Land_-_geograph.org.uk_-_765447.jpg/250px-On_Dry_Land_-_geograph.org.uk_-_765447.jpg?utm_source=commons.wikimedia.org&utm_campaign=imageinfo&utm_content=thumbnail	https://cdn-icons-png.flaticon.com/128/8804/8804023.png
landing	落地页	https://thumb.wikimedia.org/wikipedia/commons/thumb/9/90/Landing-stage_at_Aberystwyth_-_geograph.org.uk_-_297492.jpg/250px-Landing-stage_at_Aberystwyth_-_geograph.org.uk_-_297492.jpg?utm_source=commons.wikimedia.org&utm_campaign=imageinfo&utm_content=thumbnail	https://ts1.mm.bing.net/th?id=OIP.IYAL75pVW6nUekbujMQJAwAAAA&pid=15.1
landmarks	地标	https://thumb.wikimedia.org/wikipedia/commons/thumb/e/e2/Local_landmarks_-_geograph.org.uk_-_1079746.jpg/250px-Local_landmarks_-_geograph.org.uk_-_1079746.jpg?utm_source=commons.wikimedia.org&utm_campaign=imageinfo&utm_content=thumbnail	https://ts2.mm.bing.net/th?id=OIP.f_q-jmwIIvL3dXGsxIXiVQAAAA&pid=15.1
lands	落地	https://thumb.wikimedia.org/wikipedia/commons/thumb/5/50/Outer_Lands.png/250px-Outer_Lands.png?utm_source=commons.wikimedia.org&utm_campaign=imageinfo&utm_content=thumbnail	https://cdn-icons-png.flaticon.com/128/11212/11212944.png
language	语言	https://thumb.wikimedia.org/wikipedia/commons/thumb/5/57/Shina_written_in_the_Shina_language_Perso-Arabic_script.png/250px-Shina_written_in_the_Shina_language_Perso-Arabic_script.png?utm_source=commons.wikimedia.org&utm_campaign=imageinfo&utm_content=thumbnail	https://cdn-icons-png.flaticon.com/128/3898/3898082.png
languages	语言		https://cdn-icons-png.flaticon.com/128/3898/3898082.png
laptop	笔记本	https://thumb.wikimedia.org/wikipedia/commons/thumb/1/15/Laptop_by_Brainiac.jpg/250px-Laptop_by_Brainiac.jpg?utm_source=commons.wikimedia.org&utm_campaign=imageinfo&utm_content=thumbnail	https://ts1.mm.bing.net/th?id=OIP.OHx1t5rkFGZdgC2PNNpePAAAAA&pid=15.1
laptops	笔记本	https://upload.wikimedia.org/wikipedia/commons/a/ac/Noun_project_-_Meeting_with_laptops_%28white_version%29.png?utm_source=commons.wikimedia.org&utm_campaign=imageinfo&utm_content=thumbnail_unscaled	https://ts1.mm.bing.net/th?id=OIP.OHx1t5rkFGZdgC2PNNpePAAAAA&pid=15.1
large	大	https://upload.wikimedia.org/wikipedia/commons/d/d5/PET_Diffuse_large_B-cell_lymphoma._Case_1._03.png?utm_source=commons.wikimedia.org&utm_campaign=imageinfo&utm_content=thumbnail_unscaled	https://images.icon-icons.com/5154/PNG/96/290908_large-car-icon.png
largest	最大	https://thumb.wikimedia.org/wikipedia/commons/thumb/a/a7/Argyle_Diamond_Mine_-_Worlds_largest_diamond_mine.jpg/250px-Argyle_Diamond_Mine_-_Worlds_largest_diamond_mine.jpg?utm_source=commons.wikimedia.org&utm_campaign=imageinfo&utm_content=thumbnail	https://ts2.mm.bing.net/th?id=OIP.ea_XJFIdT8zgl7z9t1dEQgAAAA&pid=15.1
last	最后	https://thumb.wikimedia.org/wikipedia/commons/thumb/0/03/Icon_last_supper.jpg/250px-Icon_last_supper.jpg?utm_source=commons.wikimedia.org&utm_campaign=imageinfo&utm_content=thumbnail	https://ts3.mm.bing.net/th?id=OIP.skJfk_cXN0E8UzpTceU0zwAAAA&pid=15.1
late	迟到	https://thumb.wikimedia.org/wikipedia/commons/thumb/9/92/LateMedievalScotsRanks.jpg/250px-LateMedievalScotsRanks.jpg?utm_source=commons.wikimedia.org&utm_campaign=imageinfo&utm_content=thumbnail	https://cdn-icons-png.flaticon.com/128/5295/5295358.png
latency	延迟	https://thumb.wikimedia.org/wikipedia/commons/thumb/5/59/Jeewon_of_Latency%2C_2026.jpg/250px-Jeewon_of_Latency%2C_2026.jpg?utm_source=commons.wikimedia.org&utm_campaign=imageinfo&utm_content=thumbnail	https://ts1.mm.bing.net/th?id=OIP.wD_8-CoEJ80JuzIpIqYD5AAAAA&pid=15.1
later	稍后	https://thumb.wikimedia.org/wikipedia/commons/thumb/0/0f/Feng_Huo_%28%E8%B1%90%E8%B2%A8%29_-_Later_Zhao_Kingdom_-_Scott_Semans_05.jpg/120px-Feng_Huo_%28%E8%B1%90%E8%B2%A8%29_-_Later_Zhao_Kingdom_-_Scott_Semans_05.jpg?utm_source=commons.wikimedia.org&utm_campaign=imageinfo&utm_content=thumbnail	https://ts2.mm.bing.net/th?id=OIP.Or2-RKF4lUxmrYMGcAUoWQAAAA&pid=15.1
lateral	横向	https://upload.wikimedia.org/wikipedia/commons/2/23/Lateral_buoy_g.gif?utm_source=commons.wikimedia.org&utm_campaign=imageinfo&utm_content=thumbnail_unscaled	https://ts2.explicit.bing.net/th?id=OIP.3xg2SovRMjvoUiOl7sk5_gAAAA&pid=15.1
launch	发布	https://thumb.wikimedia.org/wikipedia/commons/thumb/d/db/Slipway_at_New_Brighton-by-Alison-Rawson.jpg/250px-Slipway_at_New_Brighton-by-Alison-Rawson.jpg?utm_source=commons.wikimedia.org&utm_campaign=imageinfo&utm_content=thumbnail	https://ts4.mm.bing.net/th?id=OIP.AGIfwzL1TlRy22Z0W4yNdwAAAA&pid=15.1
launches	发布		https://ts4.mm.bing.net/th?id=OIP.KwTt33XUftaGCanVtpl0WwAAAA&pid=15.1
law	法律	https://thumb.wikimedia.org/wikipedia/commons/thumb/6/63/1858_minute_book_%28a_list_of_football_laws_drawn_up_in_March_1858%29.jpg/250px-1858_minute_book_%28a_list_of_football_laws_drawn_up_in_March_1858%29.jpg?utm_source=commons.wikimedia.org&utm_campaign=imageinfo&utm_content=thumbnail	https://cdn-icons-png.flaticon.com/128/2994/2994536.png
laws	法律	https://thumb.wikimedia.org/wikipedia/commons/thumb/3/36/Passage_of_humane_farming_laws_referendum_2008.png/250px-Passage_of_humane_farming_laws_referendum_2008.png?utm_source=commons.wikimedia.org&utm_campaign=imageinfo&utm_content=thumbnail	https://cdn-icons-png.flaticon.com/128/3122/3122321.png
layer	层	https://thumb.wikimedia.org/wikipedia/commons/thumb/a/a4/Layer-masks.jpg/120px-Layer-masks.jpg?utm_source=commons.wikimedia.org&utm_campaign=imageinfo&utm_content=thumbnail	https://cdn-icons-png.flaticon.com/128/1694/1694011.png
layers	层	https://thumb.wikimedia.org/wikipedia/commons/thumb/b/bf/Endurance_layers_0604.jpg/250px-Endurance_layers_0604.jpg?utm_source=commons.wikimedia.org&utm_campaign=imageinfo&utm_content=thumbnail	https://cdn-icons-png.flaticon.com/128/1694/1694011.png
layout	布局	https://thumb.wikimedia.org/wikipedia/commons/thumb/6/69/Kl_typewriter_layout_shifted.png/250px-Kl_typewriter_layout_shifted.png?utm_source=commons.wikimedia.org&utm_campaign=imageinfo&utm_content=thumbnail	https://cdn-icons-png.flaticon.com/128/4507/4507786.png
layouts	布局	https://thumb.wikimedia.org/wikipedia/commons/thumb/d/d7/Keyboard_layout_ru_phonetic.png/250px-Keyboard_layout_ru_phonetic.png?utm_source=commons.wikimedia.org&utm_campaign=imageinfo&utm_content=thumbnail	https://ts1.mm.bing.net/th?id=OIP.2sDGl13pEbghNSDtG6MhywAAAA&pid=15.1
lead	领先	https://thumb.wikimedia.org/wikipedia/commons/thumb/c/ca/The_Interior_of_St_Mary%27s_Church%2C_Lead_-_geograph.org.uk_-_222959.jpg/250px-The_Interior_of_St_Mary%27s_Church%2C_Lead_-_geograph.org.uk_-_222959.jpg?utm_source=commons.wikimedia.org&utm_campaign=imageinfo&utm_content=thumbnail	https://ts4.mm.bing.net/th?id=OIP.HkNycfyEcejIp31fnLh36QAAAA&pid=15.1
leader	领导	https://thumb.wikimedia.org/wikipedia/commons/thumb/4/44/3D_Team_Leadership_Arrow_Concept.jpg/250px-3D_Team_Leadership_Arrow_Concept.jpg?utm_source=commons.wikimedia.org&utm_campaign=imageinfo&utm_content=thumbnail	https://cdn-icons-png.flaticon.com/128/9539/9539805.png
leaders	领导	https://thumb.wikimedia.org/wikipedia/commons/thumb/4/44/3D_Team_Leadership_Arrow_Concept.jpg/250px-3D_Team_Leadership_Arrow_Concept.jpg?utm_source=commons.wikimedia.org&utm_campaign=imageinfo&utm_content=thumbnail	https://ts2.mm.bing.net/th?id=OIP.U_gwY9Rqz-pws4vcXrrEdQAAAA&pid=15.1
leadership	领导力	https://thumb.wikimedia.org/wikipedia/commons/thumb/4/44/3D_Team_Leadership_Arrow_Concept.jpg/250px-3D_Team_Leadership_Arrow_Concept.jpg?utm_source=commons.wikimedia.org&utm_campaign=imageinfo&utm_content=thumbnail	https://cdn-icons-png.flaticon.com/128/18366/18366326.png
leads	线索		https://cdn-icons-png.flaticon.com/128/17928/17928969.png
leaked	泄露	https://thumb.wikimedia.org/wikipedia/commons/thumb/f/f9/Part_One_of_Leaked_emails.png/120px-Part_One_of_Leaked_emails.png?utm_source=commons.wikimedia.org&utm_campaign=imageinfo&utm_content=thumbnail	https://ts1.mm.bing.net/th?id=OIP.5KvmZPy7Upp5GSrIHCxr2AAAAA&pid=15.1
leaking	泄露	https://thumb.wikimedia.org/wikipedia/commons/thumb/b/b6/Leaking_Tank_Trap_-_geograph.org.uk_-_4018167.jpg/250px-Leaking_Tank_Trap_-_geograph.org.uk_-_4018167.jpg?utm_source=commons.wikimedia.org&utm_campaign=imageinfo&utm_content=thumbnail	https://cdn-icons-png.flaticon.com/128/1683/1683097.png
leaks	泄露	https://thumb.wikimedia.org/wikipedia/commons/thumb/3/3e/UN_Google_Wikipedia_WikiLeaks.jpg/120px-UN_Google_Wikipedia_WikiLeaks.jpg?utm_source=commons.wikimedia.org&utm_campaign=imageinfo&utm_content=thumbnail	https://cdn-icons-png.flaticon.com/128/12029/12029652.png
learn	学习	https://thumb.wikimedia.org/wikipedia/commons/thumb/3/34/Martha_Vickers_in_Love_and_Learn_trailer.jpg/250px-Martha_Vickers_in_Love_and_Learn_trailer.jpg?utm_source=commons.wikimedia.org&utm_campaign=imageinfo&utm_content=thumbnail	https://cdn-icons-png.flaticon.com/128/4185/4185447.png
learned	已学	https://thumb.wikimedia.org/wikipedia/commons/thumb/1/1c/Michael_Learned_Waltons.JPG/120px-Michael_Learned_Waltons.JPG?utm_source=commons.wikimedia.org&utm_campaign=imageinfo&utm_content=thumbnail	https://cdn-icons-png.flaticon.com/128/11993/11993399.png
learners	学习者	https://thumb.wikimedia.org/wikipedia/commons/thumb/5/51/Learning_Cyrcle.jpg/250px-Learning_Cyrcle.jpg?utm_source=commons.wikimedia.org&utm_campaign=imageinfo&utm_content=thumbnail	https://ts1.mm.bing.net/th?id=OIP.cyZx4dLphdLGfOSSKe8PDQAAAA&pid=15.1
learning	学习	https://thumb.wikimedia.org/wikipedia/commons/thumb/5/51/Learning_Cyrcle.jpg/250px-Learning_Cyrcle.jpg?utm_source=commons.wikimedia.org&utm_campaign=imageinfo&utm_content=thumbnail	https://cdn-icons-png.flaticon.com/128/14702/14702693.png
least	最少	https://thumb.wikimedia.org/wikipedia/commons/thumb/d/db/At_least_someone_is_sticking_to_the_limit_%5E_-_geograph.org.uk_-_1109228.jpg/120px-At_least_someone_is_sticking_to_the_limit_%5E_-_geograph.org.uk_-_1109228.jpg?utm_source=commons.wikimedia.org&utm_campaign=imageinfo&utm_content=thumbnail	https://icons.veryicon.com/png/128/miscellaneous/24x24-grid-linear-icon-font-set-long-term/24gl-last.png
leave	离开	https://upload.wikimedia.org/wikipedia/commons/f/f6/James_Cagney_in_Love_Me_or_Leave_Me_trailer_crop.jpg?utm_source=commons.wikimedia.org&utm_campaign=imageinfo&utm_content=thumbnail_unscaled	https://cdn-icons-png.flaticon.com/128/3387/3387285.png
leaver	离职者	https://thumb.wikimedia.org/wikipedia/commons/thumb/1/1e/Charles_Owen_Leaver_Riley.jpg/250px-Charles_Owen_Leaver_Riley.jpg?utm_source=commons.wikimedia.org&utm_campaign=imageinfo&utm_content=thumbnail	https://cdn-icons-png.flaticon.com/128/198/198141.png
leavers	离职者		https://ts4.mm.bing.net/th?id=OIP.EB1XmFHIgNicg-PusIkSuAAAAA&pid=15.1
leaving	离开	https://thumb.wikimedia.org/wikipedia/commons/thumb/f/f5/Leaving_Kilchoan_-_geograph.org.uk_-_58191.jpg/250px-Leaving_Kilchoan_-_geograph.org.uk_-_58191.jpg?utm_source=commons.wikimedia.org&utm_campaign=imageinfo&utm_content=thumbnail	https://cdn-icons-png.flaticon.com/128/198/198141.png
ledger	账本	https://thumb.wikimedia.org/wikipedia/commons/thumb/2/25/Jen_Ledger_2.jpg/250px-Jen_Ledger_2.jpg?utm_source=commons.wikimedia.org&utm_campaign=imageinfo&utm_content=thumbnail	https://ts1.mm.bing.net/th?id=OIP.e4axVWhTS2DUKtHT9YDkHwAAAA&pid=15.1
legal	法律	https://thumb.wikimedia.org/wikipedia/commons/thumb/4/40/Artificial_Legal_Entities-_Essays_on_Legal_Agency_and_Liability_.jpg/250px-Artificial_Legal_Entities-_Essays_on_Legal_Agency_and_Liability_.jpg?utm_source=commons.wikimedia.org&utm_campaign=imageinfo&utm_content=thumbnail	https://ts3.mm.bing.net/th?id=OIP.qhUTDqFCLJeLf9gvq_3CHQAAAA&pid=15.1
lessons	教训	https://thumb.wikimedia.org/wikipedia/commons/thumb/8/83/Anyone_for_flying_lessons%5E_-_geograph.org.uk_-_1511867.jpg/250px-Anyone_for_flying_lessons%5E_-_geograph.org.uk_-_1511867.jpg?utm_source=commons.wikimedia.org&utm_campaign=imageinfo&utm_content=thumbnail	https://cdn-icons-png.flaticon.com/128/3413/3413632.png
let	让	https://thumb.wikimedia.org/wikipedia/commons/thumb/4/43/Garages_to_let_-_geograph.org.uk_-_995941.jpg/250px-Garages_to_let_-_geograph.org.uk_-_995941.jpg?utm_source=commons.wikimedia.org&utm_campaign=imageinfo&utm_content=thumbnail	https://cdn-icons-png.flaticon.com/128/10246/10246783.png
lets	让	https://upload.wikimedia.org/wikipedia/commons/c/c5/Lets_do_it_ukraine.png?utm_source=commons.wikimedia.org&utm_campaign=imageinfo&utm_content=thumbnail_unscaled	https://cdn-icons-png.flaticon.com/128/6373/6373642.png
letter	信	https://thumb.wikimedia.org/wikipedia/commons/thumb/a/ae/Letter_from_Date_Masammune_to_Pope_Paulus_V.jpg/120px-Letter_from_Date_Masammune_to_Pope_Paulus_V.jpg?utm_source=commons.wikimedia.org&utm_campaign=imageinfo&utm_content=thumbnail	https://ts1.mm.bing.net/th?id=OIP.kveiqsRItRJz8VhxNkUC1QAAAA&pid=15.1
letters	信	https://thumb.wikimedia.org/wikipedia/commons/thumb/b/bf/Letters_Patent_Australia.jpg/120px-Letters_Patent_Australia.jpg?utm_source=commons.wikimedia.org&utm_campaign=imageinfo&utm_content=thumbnail	https://ts4.mm.bing.net/th?id=OIP.PGtty51-qbLo8_iBhNd4wgAAAA&pid=15.1
level	级别	https://thumb.wikimedia.org/wikipedia/commons/thumb/c/cf/Level_crossing%2C_Coalville_-_geograph.org.uk_-_132714.jpg/250px-Level_crossing%2C_Coalville_-_geograph.org.uk_-_132714.jpg?utm_source=commons.wikimedia.org&utm_campaign=imageinfo&utm_content=thumbnail	https://cdn-icons-png.flaticon.com/128/6581/6581077.png
levels	级别	https://thumb.wikimedia.org/wikipedia/commons/thumb/5/5b/Levels_Family_Store_and_Post_Office_Levels_WV_2004_01.jpg/250px-Levels_Family_Store_and_Post_Office_Levels_WV_2004_01.jpg?utm_source=commons.wikimedia.org&utm_campaign=imageinfo&utm_content=thumbnail	
liabilities	负债	https://thumb.wikimedia.org/wikipedia/commons/thumb/d/da/Capacitor_Charge_Graph.jpg/250px-Capacitor_Charge_Graph.jpg?utm_source=commons.wikimedia.org&utm_campaign=imageinfo&utm_content=thumbnail	
libraries	库	https://thumb.wikimedia.org/wikipedia/commons/thumb/2/28/City_of_London%2C_King%27s_College_Library_-_geograph.org.uk_-_865161.jpg/250px-City_of_London%2C_King%27s_College_Library_-_geograph.org.uk_-_865161.jpg?utm_source=commons.wikimedia.org&utm_campaign=imageinfo&utm_content=thumbnail	
library	库	https://thumb.wikimedia.org/wikipedia/commons/thumb/6/67/London%2C_The_British_Library_-_geograph.org.uk_-1140225.jpg/250px-London%2C_The_British_Library_-_geograph.org.uk_-1140225.jpg?utm_source=commons.wikimedia.org&utm_campaign=imageinfo&utm_content=thumbnail	
license	许可	https://upload.wikimedia.org/wikipedia/commons/0/02/Farm-Fresh_license_management.png?utm_source=commons.wikimedia.org&utm_campaign=imageinfo&utm_content=thumbnail_unscaled	
licenses	许可	https://thumb.wikimedia.org/wikipedia/commons/thumb/5/51/Ordering-licenses-Report-illustration1.png/250px-Ordering-licenses-Report-illustration1.png?utm_source=commons.wikimedia.org&utm_campaign=imageinfo&utm_content=thumbnail	
lifecycle	生命周期	https://thumb.wikimedia.org/wikipedia/commons/thumb/6/64/Trichinella_LifeCycle-gl.gif/250px-Trichinella_LifeCycle-gl.gif?utm_source=commons.wikimedia.org&utm_campaign=imageinfo&utm_content=thumbnail	
light	轻	https://thumb.wikimedia.org/wikipedia/commons/thumb/2/28/Light-wave_%28LT%29.png/250px-Light-wave_%28LT%29.png?utm_source=commons.wikimedia.org&utm_campaign=imageinfo&utm_content=thumbnail	
lightweight	轻量	https://thumb.wikimedia.org/wikipedia/commons/thumb/e/ec/Lightweight_Rucksack_%26_Frame.JPG/250px-Lightweight_Rucksack_%26_Frame.JPG?utm_source=commons.wikimedia.org&utm_campaign=imageinfo&utm_content=thumbnail	
like	像	https://thumb.wikimedia.org/wikipedia/commons/thumb/2/25/Nothing_Like_It_%281921%29_-_1.jpg/120px-Nothing_Like_It_%281921%29_-_1.jpg?utm_source=commons.wikimedia.org&utm_campaign=imageinfo&utm_content=thumbnail	
limit	限制	https://thumb.wikimedia.org/wikipedia/commons/thumb/7/7b/LimitDiagram.png/250px-LimitDiagram.png?utm_source=commons.wikimedia.org&utm_campaign=imageinfo&utm_content=thumbnail	
limited	有限		
limits	限制	https://thumb.wikimedia.org/wikipedia/commons/thumb/d/dd/Speed_Limits_Europe.jpg/250px-Speed_Limits_Europe.jpg?utm_source=commons.wikimedia.org&utm_campaign=imageinfo&utm_content=thumbnail	
line	行	https://thumb.wikimedia.org/wikipedia/commons/thumb/4/42/Line_integral_of_scalar_field.gif/250px-Line_integral_of_scalar_field.gif?utm_source=commons.wikimedia.org&utm_campaign=imageinfo&utm_content=thumbnail	
lines	行	https://thumb.wikimedia.org/wikipedia/commons/thumb/9/9f/FraunhoferLinesDiagram.jpg/250px-FraunhoferLinesDiagram.jpg?utm_source=commons.wikimedia.org&utm_campaign=imageinfo&utm_content=thumbnail	
link	链接	https://thumb.wikimedia.org/wikipedia/commons/thumb/6/6a/Downs_Link_-_geograph.org.uk_-_1026119.jpg/250px-Downs_Link_-_geograph.org.uk_-_1026119.jpg?utm_source=commons.wikimedia.org&utm_campaign=imageinfo&utm_content=thumbnail	
linked	已链接	https://thumb.wikimedia.org/wikipedia/commons/thumb/6/65/Linked_list.JPG/250px-Linked_list.JPG?utm_source=commons.wikimedia.org&utm_campaign=imageinfo&utm_content=thumbnail	
links	链接	https://thumb.wikimedia.org/wikipedia/commons/thumb/6/69/Buston_Links_-_geograph.org.uk_-_242322.jpg/250px-Buston_Links_-_geograph.org.uk_-_242322.jpg?utm_source=commons.wikimedia.org&utm_campaign=imageinfo&utm_content=thumbnail	
linters	检查工具	https://thumb.wikimedia.org/wikipedia/commons/thumb/5/5c/Lint_Interieur.jpg/250px-Lint_Interieur.jpg?utm_source=commons.wikimedia.org&utm_campaign=imageinfo&utm_content=thumbnail	
list	列出	https://thumb.wikimedia.org/wikipedia/commons/thumb/9/92/Selection-list-generator.jpg/250px-Selection-list-generator.jpg?utm_source=commons.wikimedia.org&utm_campaign=imageinfo&utm_content=thumbnail	
listen	倾听	https://upload.wikimedia.org/wikipedia/commons/6/6c/Listen_to_the_Voices_of_the_Sea_poster.jpg?utm_source=commons.wikimedia.org&utm_campaign=imageinfo&utm_content=thumbnail_unscaled	
listings	列表	https://upload.wikimedia.org/wikipedia/commons/6/6a/Open_Listings_Logo_%2830750053288%29.png?utm_source=commons.wikimedia.org&utm_campaign=imageinfo&utm_content=thumbnail_unscaled	
lists	列表		
litigation	诉讼	https://thumb.wikimedia.org/wikipedia/commons/thumb/5/5b/Cuneiform_tablet-_litigation_MET_ME11_217_4.jpg/250px-Cuneiform_tablet-_litigation_MET_ME11_217_4.jpg?utm_source=commons.wikimedia.org&utm_campaign=imageinfo&utm_content=thumbnail	
live	实时	https://thumb.wikimedia.org/wikipedia/commons/thumb/f/f9/The_Live_and_Let_Live_public_house_-_geograph.org.uk_-_525517.jpg/250px-The_Live_and_Let_Live_public_house_-_geograph.org.uk_-_525517.jpg?utm_source=commons.wikimedia.org&utm_campaign=imageinfo&utm_content=thumbnail	
lived	经历	https://thumb.wikimedia.org/wikipedia/commons/thumb/0/08/Mark_Gertler_lived_here_-_geograph.org.uk_-_819858.jpg/250px-Mark_Gertler_lived_here_-_geograph.org.uk_-_819858.jpg?utm_source=commons.wikimedia.org&utm_campaign=imageinfo&utm_content=thumbnail	
livestreams	直播	https://thumb.wikimedia.org/wikipedia/commons/thumb/2/2a/Vince_Papale_January_2009.jpg/250px-Vince_Papale_January_2009.jpg?utm_source=commons.wikimedia.org&utm_campaign=imageinfo&utm_content=thumbnail	
living	生活	https://thumb.wikimedia.org/wikipedia/commons/thumb/d/dc/A_small_living_home.jpg/250px-A_small_living_home.jpg?utm_source=commons.wikimedia.org&utm_campaign=imageinfo&utm_content=thumbnail	
load	加载	https://thumb.wikimedia.org/wikipedia/commons/thumb/7/7e/Subdivision_Load_line1.jpg/250px-Subdivision_Load_line1.jpg?utm_source=commons.wikimedia.org&utm_campaign=imageinfo&utm_content=thumbnail	
loading	加载	https://thumb.wikimedia.org/wikipedia/commons/thumb/6/6c/Loading-containership.JPG/250px-Loading-containership.JPG?utm_source=commons.wikimedia.org&utm_campaign=imageinfo&utm_content=thumbnail	
local	本地	https://thumb.wikimedia.org/wikipedia/commons/thumb/2/20/Daegu-gwangyeoksi%2C_Republic_of_Korea_local_election_2006.png/250px-Daegu-gwangyeoksi%2C_Republic_of_Korea_local_election_2006.png?utm_source=commons.wikimedia.org&utm_campaign=imageinfo&utm_content=thumbnail	
