word	zh	image
localization	本地化	https://upload.wikimedia.org/wikipedia/commons/a/a8/Localization_of_England.PNG?utm_source=commons.wikimedia.org&utm_campaign=imageinfo&utm_content=thumbnail_unscaled
localize	本地化	https://thumb.wikimedia.org/wikipedia/commons/thumb/a/ac/Localize_Comments-before.png/250px-Localize_Comments-before.png?utm_source=commons.wikimedia.org&utm_campaign=imageinfo&utm_content=thumbnail
locally	本地地	
location	位置	https://thumb.wikimedia.org/wikipedia/commons/thumb/f/f1/Eichwalde_in_LDS.png/250px-Eichwalde_in_LDS.png?utm_source=commons.wikimedia.org&utm_campaign=imageinfo&utm_content=thumbnail
lock	锁	https://thumb.wikimedia.org/wikipedia/commons/thumb/c/c4/King%27s_Lock%2C_Bridgwater_%5E_Taunton_Canal_-_geograph.org.uk_-_2973225.jpg/250px-King%27s_Lock%2C_Bridgwater_%5E_Taunton_Canal_-_geograph.org.uk_-_2973225.jpg?utm_source=commons.wikimedia.org&utm_campaign=imageinfo&utm_content=thumbnail
locking	锁定	https://thumb.wikimedia.org/wikipedia/commons/thumb/0/07/Locking_village_church_tower_-_geograph.org.uk_-_3131811.jpg/250px-Locking_village_church_tower_-_geograph.org.uk_-_3131811.jpg?utm_source=commons.wikimedia.org&utm_campaign=imageinfo&utm_content=thumbnail
lockouts	锁定	https://thumb.wikimedia.org/wikipedia/commons/thumb/4/41/Mark_Bell.jpg/120px-Mark_Bell.jpg?utm_source=commons.wikimedia.org&utm_campaign=imageinfo&utm_content=thumbnail
locks	锁	https://thumb.wikimedia.org/wikipedia/commons/thumb/f/ff/Birchills_locks_-_geograph.org.uk_-_945278.jpg/250px-Birchills_locks_-_geograph.org.uk_-_945278.jpg?utm_source=commons.wikimedia.org&utm_campaign=imageinfo&utm_content=thumbnail
log	日志	https://thumb.wikimedia.org/wikipedia/commons/thumb/7/70/Log_piles_-_geograph.org.uk_-_424266.jpg/250px-Log_piles_-_geograph.org.uk_-_424266.jpg?utm_source=commons.wikimedia.org&utm_campaign=imageinfo&utm_content=thumbnail
logging	日志	https://thumb.wikimedia.org/wikipedia/commons/thumb/b/bb/Logging_Creek_Fireguard_Cabin.jpg/250px-Logging_Creek_Fireguard_Cabin.jpg?utm_source=commons.wikimedia.org&utm_campaign=imageinfo&utm_content=thumbnail
logic	逻辑	https://thumb.wikimedia.org/wikipedia/commons/thumb/e/ed/Aristotle_Opera_Logica.jpg/250px-Aristotle_Opera_Logica.jpg?utm_source=commons.wikimedia.org&utm_campaign=imageinfo&utm_content=thumbnail
login	登录	https://thumb.wikimedia.org/wikipedia/commons/thumb/f/f8/MediaWiki-Login-link.png/250px-MediaWiki-Login-link.png?utm_source=commons.wikimedia.org&utm_campaign=imageinfo&utm_content=thumbnail
logos	标志	https://upload.wikimedia.org/wikipedia/commons/d/d9/AnimatedOrbitOf58534Logos.gif?utm_source=commons.wikimedia.org&utm_campaign=imageinfo&utm_content=thumbnail_unscaled
logs	日志	
long	长	https://upload.wikimedia.org/wikipedia/commons/e/ed/Long_Beach_John_Doe_1978_body2.jpg?utm_source=commons.wikimedia.org&utm_campaign=imageinfo&utm_content=thumbnail_unscaled
longer	更长	https://thumb.wikimedia.org/wikipedia/commons/thumb/b/b4/No_longer_disused%5E_-_geograph.org.uk_-_1383858.jpg/250px-No_longer_disused%5E_-_geograph.org.uk_-_1383858.jpg?utm_source=commons.wikimedia.org&utm_campaign=imageinfo&utm_content=thumbnail
look	查看	https://thumb.wikimedia.org/wikipedia/commons/thumb/f/fd/Julien_Bryan_-_Look_-_64497_%28crop%29.jpg/250px-Julien_Bryan_-_Look_-_64497_%28crop%29.jpg?utm_source=commons.wikimedia.org&utm_campaign=imageinfo&utm_content=thumbnail
looks	看起来	https://thumb.wikimedia.org/wikipedia/commons/thumb/8/8e/The_young_Moslem_looks_at_life_%281937%29.jpg/250px-The_young_Moslem_looks_at_life_%281937%29.jpg?utm_source=commons.wikimedia.org&utm_campaign=imageinfo&utm_content=thumbnail
lookups	查找	https://thumb.wikimedia.org/wikipedia/commons/thumb/0/04/OpenSCAD_Lookup_Function.png/250px-OpenSCAD_Lookup_Function.png?utm_source=commons.wikimedia.org&utm_campaign=imageinfo&utm_content=thumbnail
loop	循环	https://thumb.wikimedia.org/wikipedia/commons/thumb/8/81/Blood_loop_knot.png/120px-Blood_loop_knot.png?utm_source=commons.wikimedia.org&utm_campaign=imageinfo&utm_content=thumbnail
loops	循环	https://upload.wikimedia.org/wikipedia/commons/e/e1/Langton_Loops_after_replication.gif?utm_source=commons.wikimedia.org&utm_campaign=imageinfo&utm_content=thumbnail_unscaled
losing	丢失	https://thumb.wikimedia.org/wikipedia/commons/thumb/e/e7/Losing_the_battle_-_geograph.org.uk_-_722341.jpg/250px-Losing_the_battle_-_geograph.org.uk_-_722341.jpg?utm_source=commons.wikimedia.org&utm_campaign=imageinfo&utm_content=thumbnail
loss	损失	https://thumb.wikimedia.org/wikipedia/commons/thumb/7/79/Is_this_loss%3F.png/250px-Is_this_loss%3F.png?utm_source=commons.wikimedia.org&utm_campaign=imageinfo&utm_content=thumbnail
lost	丢失	https://thumb.wikimedia.org/wikipedia/commons/thumb/b/b5/Lost_best_italian_act_%40_Ema_mtv_2009.jpg/250px-Lost_best_italian_act_%40_Ema_mtv_2009.jpg?utm_source=commons.wikimedia.org&utm_campaign=imageinfo&utm_content=thumbnail
loud	响	https://thumb.wikimedia.org/wikipedia/commons/thumb/2/27/Rihanna%2C_LOUD_Tour%2C_Minneapolis_cropped-2.jpg/250px-Rihanna%2C_LOUD_Tour%2C_Minneapolis_cropped-2.jpg?utm_source=commons.wikimedia.org&utm_campaign=imageinfo&utm_content=thumbnail
low	低	https://thumb.wikimedia.org/wikipedia/commons/thumb/e/eb/Low_self_portrait.jpg/250px-Low_self_portrait.jpg?utm_source=commons.wikimedia.org&utm_campaign=imageinfo&utm_content=thumbnail
lower	更低	https://thumb.wikimedia.org/wikipedia/commons/thumb/d/d7/Lower_Silesia_%28logo%29_03.png/250px-Lower_Silesia_%28logo%29_03.png?utm_source=commons.wikimedia.org&utm_campaign=imageinfo&utm_content=thumbnail
loyalty	忠诚	https://thumb.wikimedia.org/wikipedia/commons/thumb/1/12/Loyalty_Islands_eq2011PAGER.png/250px-Loyalty_Islands_eq2011PAGER.png?utm_source=commons.wikimedia.org&utm_campaign=imageinfo&utm_content=thumbnail
machine	机器	https://thumb.wikimedia.org/wikipedia/commons/thumb/c/cc/Cash_machine_outside_Peebles_Post_Office_-_geograph.org.uk_-_595795.jpg/250px-Cash_machine_outside_Peebles_Post_Office_-_geograph.org.uk_-_595795.jpg?utm_source=commons.wikimedia.org&utm_campaign=imageinfo&utm_content=thumbnail
machines	机器	https://thumb.wikimedia.org/wikipedia/commons/thumb/d/d1/Stamp_machines%2C_Lambley_-_geograph.org.uk_-_1014428.jpg/250px-Stamp_machines%2C_Lambley_-_geograph.org.uk_-_1014428.jpg?utm_source=commons.wikimedia.org&utm_campaign=imageinfo&utm_content=thumbnail
macros	宏	https://thumb.wikimedia.org/wikipedia/commons/thumb/c/c9/Macros_3.jpg/250px-Macros_3.jpg?utm_source=commons.wikimedia.org&utm_campaign=imageinfo&utm_content=thumbnail
mail	邮件	https://thumb.wikimedia.org/wikipedia/commons/thumb/1/16/Mailboxes.jpg/250px-Mailboxes.jpg?utm_source=commons.wikimedia.org&utm_campaign=imageinfo&utm_content=thumbnail
main	主	https://thumb.wikimedia.org/wikipedia/commons/thumb/4/4e/Main_Street%2C_Dunlop.jpg/250px-Main_Street%2C_Dunlop.jpg?utm_source=commons.wikimedia.org&utm_campaign=imageinfo&utm_content=thumbnail
maintain	维护	https://upload.wikimedia.org/wikipedia/commons/e/eb/325_Aircraft_Maintenance_Sq.jpg?utm_source=commons.wikimedia.org&utm_campaign=imageinfo&utm_content=thumbnail_unscaled
maintainers	维护者	
maintenance	维护	https://thumb.wikimedia.org/wikipedia/commons/thumb/a/aa/Streetlamp_Maintenance_-_geograph.org.uk_-_231087.jpg/250px-Streetlamp_Maintenance_-_geograph.org.uk_-_231087.jpg?utm_source=commons.wikimedia.org&utm_campaign=imageinfo&utm_content=thumbnail
major	主要	https://thumb.wikimedia.org/wikipedia/commons/thumb/4/40/John_Major_1996.jpg/250px-John_Major_1996.jpg?utm_source=commons.wikimedia.org&utm_campaign=imageinfo&utm_content=thumbnail
majors	专业	https://thumb.wikimedia.org/wikipedia/commons/thumb/d/d7/Jonathan_Majors_on_ColliderVideo%2C_September_2018.png/250px-Jonathan_Majors_on_ColliderVideo%2C_September_2018.png?utm_source=commons.wikimedia.org&utm_campaign=imageinfo&utm_content=thumbnail
make	使	https://thumb.wikimedia.org/wikipedia/commons/thumb/1/10/Make_-_up.jpg/250px-Make_-_up.jpg?utm_source=commons.wikimedia.org&utm_campaign=imageinfo&utm_content=thumbnail
makefile	Makefile	https://thumb.wikimedia.org/wikipedia/commons/thumb/7/7d/Makefile-graph.png/250px-Makefile-graph.png?utm_source=commons.wikimedia.org&utm_campaign=imageinfo&utm_content=thumbnail
maker	制造者	https://thumb.wikimedia.org/wikipedia/commons/thumb/6/61/Maker_War_Memorial_-_geograph.org.uk_-_1609072.jpg/250px-Maker_War_Memorial_-_geograph.org.uk_-_1609072.jpg?utm_source=commons.wikimedia.org&utm_campaign=imageinfo&utm_content=thumbnail
makers	制造者	https://thumb.wikimedia.org/wikipedia/commons/thumb/2/26/Button_Makers%27.jpg/250px-Button_Makers%27.jpg?utm_source=commons.wikimedia.org&utm_campaign=imageinfo&utm_content=thumbnail
makes	使	https://thumb.wikimedia.org/wikipedia/commons/thumb/2/27/Matt-makes-games-logo.png/250px-Matt-makes-games-logo.png?utm_source=commons.wikimedia.org&utm_campaign=imageinfo&utm_content=thumbnail
manage	管理	https://thumb.wikimedia.org/wikipedia/commons/thumb/2/26/The_IT-PCM_Project_Complexity_Management_framework.png/250px-The_IT-PCM_Project_Complexity_Management_framework.png?utm_source=commons.wikimedia.org&utm_campaign=imageinfo&utm_content=thumbnail
management	管理	https://upload.wikimedia.org/wikipedia/commons/5/53/Work-Management-Cycle.gif?utm_source=commons.wikimedia.org&utm_campaign=imageinfo&utm_content=thumbnail_unscaled
manager	经理	
managers	经理	https://thumb.wikimedia.org/wikipedia/commons/thumb/6/62/Tishabay_Mirzayev.jpg/120px-Tishabay_Mirzayev.jpg?utm_source=commons.wikimedia.org&utm_campaign=imageinfo&utm_content=thumbnail
manual	手动	https://thumb.wikimedia.org/wikipedia/commons/thumb/a/a8/004_AWB_illustrations_for_AWB_manual.png/250px-004_AWB_illustrations_for_AWB_manual.png?utm_source=commons.wikimedia.org&utm_campaign=imageinfo&utm_content=thumbnail
manuals	手册	https://thumb.wikimedia.org/wikipedia/commons/thumb/a/a8/004_AWB_illustrations_for_AWB_manual.png/250px-004_AWB_illustrations_for_AWB_manual.png?utm_source=commons.wikimedia.org&utm_campaign=imageinfo&utm_content=thumbnail
manufacturing	制造	https://thumb.wikimedia.org/wikipedia/commons/thumb/1/14/Cleveland_msa_manufacturing_employment.png/250px-Cleveland_msa_manufacturing_employment.png?utm_source=commons.wikimedia.org&utm_campaign=imageinfo&utm_content=thumbnail
many	许多	https://thumb.wikimedia.org/wikipedia/commons/thumb/d/d9/LAMap-doton-Many.png/250px-LAMap-doton-Many.png?utm_source=commons.wikimedia.org&utm_campaign=imageinfo&utm_content=thumbnail
map	地图	https://thumb.wikimedia.org/wikipedia/commons/thumb/d/d7/Tyrifjorden_map_Ut%C3%B8ya_highlight.png/250px-Tyrifjorden_map_Ut%C3%B8ya_highlight.png?utm_source=commons.wikimedia.org&utm_campaign=imageinfo&utm_content=thumbnail
maps	地图	https://thumb.wikimedia.org/wikipedia/commons/thumb/2/2c/Locator_maps_Pskow.png/250px-Locator_maps_Pskow.png?utm_source=commons.wikimedia.org&utm_campaign=imageinfo&utm_content=thumbnail
margins	利润	https://thumb.wikimedia.org/wikipedia/commons/thumb/d/d2/Introducing_horse_margins_-_geograph.org.uk_-_1438126.jpg/120px-Introducing_horse_margins_-_geograph.org.uk_-_1438126.jpg?utm_source=commons.wikimedia.org&utm_campaign=imageinfo&utm_content=thumbnail
mark	标记	https://thumb.wikimedia.org/wikipedia/commons/thumb/3/34/Mark_Church_tower_-_geograph.org.uk_-_239648.jpg/250px-Mark_Church_tower_-_geograph.org.uk_-_239648.jpg?utm_source=commons.wikimedia.org&utm_campaign=imageinfo&utm_content=thumbnail
markdown	Markdown	https://thumb.wikimedia.org/wikipedia/commons/thumb/2/2e/Markdown_Sanya.png/250px-Markdown_Sanya.png?utm_source=commons.wikimedia.org&utm_campaign=imageinfo&utm_content=thumbnail
marketing	营销	
marketplace	市场	https://thumb.wikimedia.org/wikipedia/commons/thumb/0/05/Bridgnorth%2C_Marketplace_-_geograph.org.uk_-_11188.jpg/250px-Bridgnorth%2C_Marketplace_-_geograph.org.uk_-_11188.jpg?utm_source=commons.wikimedia.org&utm_campaign=imageinfo&utm_content=thumbnail
markets	市场	https://thumb.wikimedia.org/wikipedia/commons/thumb/5/59/Newport%2C_Markets_building_entrance_-_geograph.org.uk_-_2286601.jpg/250px-Newport%2C_Markets_building_entrance_-_geograph.org.uk_-_2286601.jpg?utm_source=commons.wikimedia.org&utm_campaign=imageinfo&utm_content=thumbnail
marks	标记	https://upload.wikimedia.org/wikipedia/commons/0/0d/Coat_of_Arms_of_Marks_%28Saratov_oblast%29.png?utm_source=commons.wikimedia.org&utm_campaign=imageinfo&utm_content=thumbnail_unscaled
markup	标记	https://thumb.wikimedia.org/wikipedia/commons/thumb/5/51/Wiki_markup_quick_reference_%28teaser%29.png/250px-Wiki_markup_quick_reference_%28teaser%29.png?utm_source=commons.wikimedia.org&utm_campaign=imageinfo&utm_content=thumbnail
masters	硕士	https://upload.wikimedia.org/wikipedia/commons/b/b3/2014_German_Masters_Logo.png?utm_source=commons.wikimedia.org&utm_campaign=imageinfo&utm_content=thumbnail_unscaled
match	匹配	https://thumb.wikimedia.org/wikipedia/commons/thumb/e/e6/Locomotive_safety_matches_label.jpg/250px-Locomotive_safety_matches_label.jpg?utm_source=commons.wikimedia.org&utm_campaign=imageinfo&utm_content=thumbnail
matched	已匹配	https://upload.wikimedia.org/wikipedia/commons/9/92/Diplomacy_equally_matched_attack.png?utm_source=commons.wikimedia.org&utm_campaign=imageinfo&utm_content=thumbnail_unscaled
matches	匹配	https://thumb.wikimedia.org/wikipedia/commons/thumb/3/33/World_Chess_Championship_1858-59_Paul_Morphy_Matches_a.jpg/250px-World_Chess_Championship_1858-59_Paul_Morphy_Matches_a.jpg?utm_source=commons.wikimedia.org&utm_campaign=imageinfo&utm_content=thumbnail
materials	材料	https://upload.wikimedia.org/wikipedia/commons/4/4c/Materials_science_tetrahedron%3Bstructure%2C_processing%2C_performance%2C_and_proprerties.EO.png?utm_source=commons.wikimedia.org&utm_campaign=imageinfo&utm_content=thumbnail_unscaled
matter	要紧	https://thumb.wikimedia.org/wikipedia/commons/thumb/c/cd/Th%C3%A9r%C3%A8se_Matter_c1940.PNG/250px-Th%C3%A9r%C3%A8se_Matter_c1940.PNG?utm_source=commons.wikimedia.org&utm_campaign=imageinfo&utm_content=thumbnail
matters	事项	https://thumb.wikimedia.org/wikipedia/commons/thumb/d/d5/Media_Matters_for_America_Images-2.jpg/250px-Media_Matters_for_America_Images-2.jpg?utm_source=commons.wikimedia.org&utm_campaign=imageinfo&utm_content=thumbnail
matures	成熟	https://thumb.wikimedia.org/wikipedia/commons/thumb/7/7a/Plusieurs_sabots_de_v%C3%A9nus_matures_%284795757328%29.jpg/250px-Plusieurs_sabots_de_v%C3%A9nus_matures_%284795757328%29.jpg?utm_source=commons.wikimedia.org&utm_campaign=imageinfo&utm_content=thumbnail
maximize	最大化	https://thumb.wikimedia.org/wikipedia/commons/thumb/e/e3/Maximizer.jpg/250px-Maximizer.jpg?utm_source=commons.wikimedia.org&utm_campaign=imageinfo&utm_content=thumbnail
may	可以	https://thumb.wikimedia.org/wikipedia/commons/thumb/9/97/Vines_in_May_-_geograph.org.uk_-_173782.jpg/250px-Vines_in_May_-_geograph.org.uk_-_173782.jpg?utm_source=commons.wikimedia.org&utm_campaign=imageinfo&utm_content=thumbnail
me	我	
meals	餐	https://thumb.wikimedia.org/wikipedia/commons/thumb/0/0b/Meals_Header.png/250px-Meals_Header.png?utm_source=commons.wikimedia.org&utm_campaign=imageinfo&utm_content=thumbnail
mean	意味	https://thumb.wikimedia.org/wikipedia/commons/thumb/e/e7/Mean_Moor_Ditch_-_geograph.org.uk_-_404794.jpg/250px-Mean_Moor_Ditch_-_geograph.org.uk_-_404794.jpg?utm_source=commons.wikimedia.org&utm_campaign=imageinfo&utm_content=thumbnail
meaning	含义	https://thumb.wikimedia.org/wikipedia/commons/thumb/8/85/Geometric_meaning_of_prime1.jpg/250px-Geometric_meaning_of_prime1.jpg?utm_source=commons.wikimedia.org&utm_campaign=imageinfo&utm_content=thumbnail
meaningful	有意义	https://upload.wikimedia.org/wikipedia/commons/5/55/Force_Dynamics_Shifting_Antagonist.png?utm_source=commons.wikimedia.org&utm_campaign=imageinfo&utm_content=thumbnail_unscaled
means	意味着	https://upload.wikimedia.org/wikipedia/commons/7/70/Nell_L._Means_Los_Alamos_ID.png?utm_source=commons.wikimedia.org&utm_campaign=imageinfo&utm_content=thumbnail_unscaled
measurable	可衡量	https://thumb.wikimedia.org/wikipedia/commons/thumb/a/a6/Measure_illustration.png/250px-Measure_illustration.png?utm_source=commons.wikimedia.org&utm_campaign=imageinfo&utm_content=thumbnail
measure	测量	
measured	已测量	https://upload.wikimedia.org/wikipedia/commons/9/97/Web_Analytics_and_Measurement-analysis.png?utm_source=commons.wikimedia.org&utm_campaign=imageinfo&utm_content=thumbnail_unscaled
measurement	测量	https://upload.wikimedia.org/wikipedia/commons/9/97/Web_Analytics_and_Measurement-analysis.png?utm_source=commons.wikimedia.org&utm_campaign=imageinfo&utm_content=thumbnail_unscaled
measures	措施	https://thumb.wikimedia.org/wikipedia/commons/thumb/a/ae/Britannica_Weights_and_Measures%2C_Gallon.jpg/250px-Britannica_Weights_and_Measures%2C_Gallon.jpg?utm_source=commons.wikimedia.org&utm_campaign=imageinfo&utm_content=thumbnail
media	媒体	https://thumb.wikimedia.org/wikipedia/commons/thumb/4/40/SEPTA_Media-Elwyn_icon.png/250px-SEPTA_Media-Elwyn_icon.png?utm_source=commons.wikimedia.org&utm_campaign=imageinfo&utm_content=thumbnail
mediate	调解	https://thumb.wikimedia.org/wikipedia/commons/thumb/f/fe/Rocco_mediate_2016.jpg/250px-Rocco_mediate_2016.jpg?utm_source=commons.wikimedia.org&utm_campaign=imageinfo&utm_content=thumbnail
meet	满足	https://thumb.wikimedia.org/wikipedia/commons/thumb/b/bc/Never_the_Twain_Shall_Meet_%281925%29_-_4.jpg/120px-Never_the_Twain_Shall_Meet_%281925%29_-_4.jpg?utm_source=commons.wikimedia.org&utm_campaign=imageinfo&utm_content=thumbnail
meeting	会议	https://thumb.wikimedia.org/wikipedia/commons/thumb/4/4d/Meeting_%282%29.jpg/250px-Meeting_%282%29.jpg?utm_source=commons.wikimedia.org&utm_campaign=imageinfo&utm_content=thumbnail
meetings	会议	https://thumb.wikimedia.org/wikipedia/commons/thumb/d/d7/Meeting.jpg/250px-Meeting.jpg?utm_source=commons.wikimedia.org&utm_campaign=imageinfo&utm_content=thumbnail
meetups	聚会	https://upload.wikimedia.org/wikipedia/commons/e/eb/Dean%27s_message_to_meetups_deantv.png?utm_source=commons.wikimedia.org&utm_campaign=imageinfo&utm_content=thumbnail_unscaled
memory	内存	https://thumb.wikimedia.org/wikipedia/commons/thumb/4/4f/Memory_1913_pg_48.png/250px-Memory_1913_pg_48.png?utm_source=commons.wikimedia.org&utm_campaign=imageinfo&utm_content=thumbnail
mentoring	指导	
mentors	导师	https://thumb.wikimedia.org/wikipedia/commons/thumb/c/c2/MNMap-doton-Mentor.png/250px-MNMap-doton-Mentor.png?utm_source=commons.wikimedia.org&utm_campaign=imageinfo&utm_content=thumbnail
merge	合并	https://thumb.wikimedia.org/wikipedia/commons/thumb/c/cc/Merge-sort-example-300px.gif/250px-Merge-sort-example-300px.gif?utm_source=commons.wikimedia.org&utm_campaign=imageinfo&utm_content=thumbnail
merges	合并	https://thumb.wikimedia.org/wikipedia/commons/thumb/4/47/Alresford_Road_merges_into_Ridgemount_-_geograph.org.uk_-_1154027.jpg/250px-Alresford_Road_merges_into_Ridgemount_-_geograph.org.uk_-_1154027.jpg?utm_source=commons.wikimedia.org&utm_campaign=imageinfo&utm_content=thumbnail
merging	合并	https://upload.wikimedia.org/wikipedia/commons/7/7b/Merge_assortment_1.png?utm_source=commons.wikimedia.org&utm_campaign=imageinfo&utm_content=thumbnail_unscaled
meshes	网格	https://thumb.wikimedia.org/wikipedia/commons/thumb/9/98/Meshes_of_the_Afternoon_1.png/250px-Meshes_of_the_Afternoon_1.png?utm_source=commons.wikimedia.org&utm_campaign=imageinfo&utm_content=thumbnail
message	消息	https://thumb.wikimedia.org/wikipedia/commons/thumb/a/a9/Conveying_a_message_-_geograph.org.uk_-_881239.jpg/250px-Conveying_a_message_-_geograph.org.uk_-_881239.jpg?utm_source=commons.wikimedia.org&utm_campaign=imageinfo&utm_content=thumbnail
messages	消息	https://thumb.wikimedia.org/wikipedia/commons/thumb/6/61/Tapped_soviet_radio_messages_1945-00.png/250px-Tapped_soviet_radio_messages_1945-00.png?utm_source=commons.wikimedia.org&utm_campaign=imageinfo&utm_content=thumbnail
messaging	消息	https://upload.wikimedia.org/wikipedia/commons/c/ca/Pidgin_instant_messaging_icon.png?utm_source=commons.wikimedia.org&utm_campaign=imageinfo&utm_content=thumbnail_unscaled
messengers	信使	https://thumb.wikimedia.org/wikipedia/commons/thumb/4/43/Badge_of_Messengers_of_George_VI_Silver_Greys_badges_%28cropped%29.jpg/250px-Badge_of_Messengers_of_George_VI_Silver_Greys_badges_%28cropped%29.jpg?utm_source=commons.wikimedia.org&utm_campaign=imageinfo&utm_content=thumbnail
met	达到	https://thumb.wikimedia.org/wikipedia/commons/thumb/c/ca/Metropolitan_Museum_of_Art_%281253780653%29.jpg/250px-Metropolitan_Museum_of_Art_%281253780653%29.jpg?utm_source=commons.wikimedia.org&utm_campaign=imageinfo&utm_content=thumbnail
metadata	元数据	
metering	计量	https://thumb.wikimedia.org/wikipedia/commons/thumb/4/4c/Metering_pump_head.PNG/250px-Metering_pump_head.PNG?utm_source=commons.wikimedia.org&utm_campaign=imageinfo&utm_content=thumbnail
method	方法	https://thumb.wikimedia.org/wikipedia/commons/thumb/b/b6/The_Crystal_Method_Logo.gif/250px-The_Crystal_Method_Logo.gif?utm_source=commons.wikimedia.org&utm_campaign=imageinfo&utm_content=thumbnail
methods	方法	https://upload.wikimedia.org/wikipedia/commons/0/0d/Christie%2C_Traditional_Methods...%2C_fig180.png?utm_source=commons.wikimedia.org&utm_campaign=imageinfo&utm_content=thumbnail_unscaled
method	方法	https://thumb.wikimedia.org/wikipedia/commons/thumb/b/b6/The_Crystal_Method_Logo.gif/250px-The_Crystal_Method_Logo.gif?utm_source=commons.wikimedia.org&utm_campaign=imageinfo&utm_content=thumbnail
metric	指标	https://thumb.wikimedia.org/wikipedia/commons/thumb/4/4a/Metric_%40_Wellington_Square_%2827_9_2009%29_%283987063114%29.jpg/250px-Metric_%40_Wellington_Square_%2827_9_2009%29_%283987063114%29.jpg?utm_source=commons.wikimedia.org&utm_campaign=imageinfo&utm_content=thumbnail
metrics	指标	https://thumb.wikimedia.org/wikipedia/commons/thumb/5/50/Wikisound_Audio_Speaks_Campaign_Metrics_2023_03.png/250px-Wikisound_Audio_Speaks_Campaign_Metrics_2023_03.png?utm_source=commons.wikimedia.org&utm_campaign=imageinfo&utm_content=thumbnail
micromanaging	微观管理	
microservices	微服务	https://upload.wikimedia.org/wikipedia/commons/b/b6/JolieProgrammingLanguageLogo.png?utm_source=commons.wikimedia.org&utm_campaign=imageinfo&utm_content=thumbnail_unscaled
mid	中间	https://thumb.wikimedia.org/wikipedia/commons/thumb/9/90/Mid_Street_-_geograph.org.uk_-_4034998.jpg/250px-Mid_Street_-_geograph.org.uk_-_4034998.jpg?utm_source=commons.wikimedia.org&utm_campaign=imageinfo&utm_content=thumbnail
might	可能	https://thumb.wikimedia.org/wikipedia/commons/thumb/0/05/What_Might_Have_Been_Expected_-_Bookcover_-_Project_Gutenberg_eText_18654.jpg/250px-What_Might_Have_Been_Expected_-_Bookcover_-_Project_Gutenberg_eText_18654.jpg?utm_source=commons.wikimedia.org&utm_campaign=imageinfo&utm_content=thumbnail
migration	迁移	https://thumb.wikimedia.org/wikipedia/commons/thumb/a/a5/Human-migration-temperature.jpg/250px-Human-migration-temperature.jpg?utm_source=commons.wikimedia.org&utm_campaign=imageinfo&utm_content=thumbnail
migrations	迁移	
milestones	里程碑	https://thumb.wikimedia.org/wikipedia/commons/thumb/d/d5/A_mile_marker_along_the_Ashby_Canal_-_geograph.org.uk_-_920752.jpg/250px-A_mile_marker_along_the_Ashby_Canal_-_geograph.org.uk_-_920752.jpg?utm_source=commons.wikimedia.org&utm_campaign=imageinfo&utm_content=thumbnail
minimize	最小化	https://thumb.wikimedia.org/wikipedia/commons/thumb/8/82/Delaunay_triangulation_does_not_minimize_edge_length.gif/250px-Delaunay_triangulation_does_not_minimize_edge_length.gif?utm_source=commons.wikimedia.org&utm_campaign=imageinfo&utm_content=thumbnail
minimum	最小	https://thumb.wikimedia.org/wikipedia/commons/thumb/e/eb/Hourly_Minimum_Wages_in_Developed_Economies%2C_2011.jpg/250px-Hourly_Minimum_Wages_in_Developed_Economies%2C_2011.jpg?utm_source=commons.wikimedia.org&utm_campaign=imageinfo&utm_content=thumbnail
minor	次要	https://thumb.wikimedia.org/wikipedia/commons/thumb/b/b0/CanisMinorCC.jpg/250px-CanisMinorCC.jpg?utm_source=commons.wikimedia.org&utm_campaign=imageinfo&utm_content=thumbnail
mint	铸造	https://thumb.wikimedia.org/wikipedia/commons/thumb/d/dd/Mint_Band.png/250px-Mint_Band.png?utm_source=commons.wikimedia.org&utm_campaign=imageinfo&utm_content=thumbnail
minute	分钟	https://thumb.wikimedia.org/wikipedia/commons/thumb/c/ce/Minute_Alapati_Taupo%2C_February_2020_%28GPO035%29_%28cropped%29.jpg/250px-Minute_Alapati_Taupo%2C_February_2020_%28GPO035%29_%28cropped%29.jpg?utm_source=commons.wikimedia.org&utm_campaign=imageinfo&utm_content=thumbnail
minutes	分钟	https://upload.wikimedia.org/wikipedia/commons/e/e0/60_Minutes_logo.png?utm_source=commons.wikimedia.org&utm_campaign=imageinfo&utm_content=thumbnail_unscaled
mirror	镜像	https://thumb.wikimedia.org/wikipedia/commons/thumb/8/8a/Mirror%2C_Alberta_Location.png/120px-Mirror%2C_Alberta_Location.png?utm_source=commons.wikimedia.org&utm_campaign=imageinfo&utm_content=thumbnail
misconfigurations	错误配置	
mislead	误导	https://thumb.wikimedia.org/wikipedia/commons/thumb/8/88/Misleading_Pie_Chart.png/250px-Misleading_Pie_Chart.png?utm_source=commons.wikimedia.org&utm_campaign=imageinfo&utm_content=thumbnail
mismatches	不匹配	
missed	错过	https://thumb.wikimedia.org/wikipedia/commons/thumb/6/60/Photo_opportunity_missed%5E_-_geograph.org.uk_-_1090514.jpg/250px-Photo_opportunity_missed%5E_-_geograph.org.uk_-_1090514.jpg?utm_source=commons.wikimedia.org&utm_campaign=imageinfo&utm_content=thumbnail
misses	错过	https://thumb.wikimedia.org/wikipedia/commons/thumb/3/36/The_Misses_Lutwidge_playing_chess.jpg/250px-The_Misses_Lutwidge_playing_chess.jpg?utm_source=commons.wikimedia.org&utm_campaign=imageinfo&utm_content=thumbnail
missing	缺失	https://thumb.wikimedia.org/wikipedia/commons/thumb/f/f7/Missing_square.gif/250px-Missing_square.gif?utm_source=commons.wikimedia.org&utm_campaign=imageinfo&utm_content=thumbnail
mission	使命	https://thumb.wikimedia.org/wikipedia/commons/thumb/f/f9/Mission_Laishi_church%2C_Chaco%2C_Argentina_%287296998864%29.jpg/250px-Mission_Laishi_church%2C_Chaco%2C_Argentina_%287296998864%29.jpg?utm_source=commons.wikimedia.org&utm_campaign=imageinfo&utm_content=thumbnail
mistakes	错误	https://thumb.wikimedia.org/wikipedia/commons/thumb/8/80/Mistakes-Precious_Life_Lessons.jpg/250px-Mistakes-Precious_Life_Lessons.jpg?utm_source=commons.wikimedia.org&utm_campaign=imageinfo&utm_content=thumbnail
misused	误用	https://thumb.wikimedia.org/wikipedia/commons/thumb/d/d4/Abuse_-_launch_grenade_on_flyer.png/250px-Abuse_-_launch_grenade_on_flyer.png?utm_source=commons.wikimedia.org&utm_campaign=imageinfo&utm_content=thumbnail
mitigation	缓解	https://thumb.wikimedia.org/wikipedia/commons/thumb/5/5c/FEMA_-_284_-_Hazard_Mitigation_-_raised_air_conditioning_unit.jpg/250px-FEMA_-_284_-_Hazard_Mitigation_-_raised_air_conditioning_unit.jpg?utm_source=commons.wikimedia.org&utm_campaign=imageinfo&utm_content=thumbnail
mitigations	缓解	https://thumb.wikimedia.org/wikipedia/commons/thumb/5/53/Capandshare02outline.jpg/250px-Capandshare02outline.jpg?utm_source=commons.wikimedia.org&utm_campaign=imageinfo&utm_content=thumbnail
mix	混合	https://thumb.wikimedia.org/wikipedia/commons/thumb/6/6d/Tommixportrait.jpg/250px-Tommixportrait.jpg?utm_source=commons.wikimedia.org&utm_campaign=imageinfo&utm_content=thumbnail
mixing	混合	https://thumb.wikimedia.org/wikipedia/commons/thumb/e/ea/Mixing_the_compost_heap_manually_%28video%29_%286882092013%29.jpg/250px-Mixing_the_compost_heap_manually_%28video%29_%286882092013%29.jpg?utm_source=commons.wikimedia.org&utm_campaign=imageinfo&utm_content=thumbnail
ml	机器学习	
mob	人群	https://thumb.wikimedia.org/wikipedia/commons/thumb/f/fd/Mobile_Regional_Airport_-_AL_-_11feb1997.jpg/250px-Mobile_Regional_Airport_-_AL_-_11feb1997.jpg?utm_source=commons.wikimedia.org&utm_campaign=imageinfo&utm_content=thumbnail
mobile	移动	https://thumb.wikimedia.org/wikipedia/commons/thumb/6/6f/Mobile_Alabama_I-10_downtown.jpg/250px-Mobile_Alabama_I-10_downtown.jpg?utm_source=commons.wikimedia.org&utm_campaign=imageinfo&utm_content=thumbnail
mode	模式	https://thumb.wikimedia.org/wikipedia/commons/thumb/4/49/Zarlino-modes.jpg/250px-Zarlino-modes.jpg?utm_source=commons.wikimedia.org&utm_campaign=imageinfo&utm_content=thumbnail
model	模型	https://thumb.wikimedia.org/wikipedia/commons/thumb/8/8c/A_French_model_1880.jpg/250px-A_French_model_1880.jpg?utm_source=commons.wikimedia.org&utm_campaign=imageinfo&utm_content=thumbnail
modeling	建模	https://upload.wikimedia.org/wikipedia/commons/4/48/Hardware-accelerated-molecular-modeling.png?utm_source=commons.wikimedia.org&utm_campaign=imageinfo&utm_content=thumbnail_unscaled
models	模型	https://thumb.wikimedia.org/wikipedia/commons/thumb/1/11/Models-sean-kelly-onstage.jpg/250px-Models-sean-kelly-onstage.jpg?utm_source=commons.wikimedia.org&utm_campaign=imageinfo&utm_content=thumbnail
moderate	审核	https://thumb.wikimedia.org/wikipedia/commons/thumb/5/55/Political_Chart_-_Moderate_Libertarian.JPG/250px-Political_Chart_-_Moderate_Libertarian.JPG?utm_source=commons.wikimedia.org&utm_campaign=imageinfo&utm_content=thumbnail
moderation	审核	https://thumb.wikimedia.org/wikipedia/commons/thumb/8/8c/Stradanus_-_Moderation_disarming_Vanity.jpeg/250px-Stradanus_-_Moderation_disarming_Vanity.jpeg?utm_source=commons.wikimedia.org&utm_campaign=imageinfo&utm_content=thumbnail
moderator	主持人	https://upload.wikimedia.org/wikipedia/commons/f/fa/Moderator_pathway.gif?utm_source=commons.wikimedia.org&utm_campaign=imageinfo&utm_content=thumbnail_unscaled
modern	现代	https://thumb.wikimedia.org/wikipedia/commons/thumb/c/cc/Modern_Athlete_Pablo_Gargallo.jpg/250px-Modern_Athlete_Pablo_Gargallo.jpg?utm_source=commons.wikimedia.org&utm_campaign=imageinfo&utm_content=thumbnail
modes	模式	
modules	模块	https://thumb.wikimedia.org/wikipedia/commons/thumb/0/0f/Fwcam_modules_padding.it.png/250px-Fwcam_modules_padding.it.png?utm_source=commons.wikimedia.org&utm_campaign=imageinfo&utm_content=thumbnail
money	钱	https://upload.wikimedia.org/wikipedia/commons/2/29/Fifa_Big_Money_2.png?utm_source=commons.wikimedia.org&utm_campaign=imageinfo&utm_content=thumbnail_unscaled
monitor	监控	https://upload.wikimedia.org/wikipedia/commons/a/ac/Farm-Fresh_monitor_error.png?utm_source=commons.wikimedia.org&utm_campaign=imageinfo&utm_content=thumbnail_unscaled
monitoring	监控	https://thumb.wikimedia.org/wikipedia/commons/thumb/9/98/Wind_Monitoring_Mast_-_geograph.org.uk_-_825775.jpg/250px-Wind_Monitoring_Mast_-_geograph.org.uk_-_825775.jpg?utm_source=commons.wikimedia.org&utm_campaign=imageinfo&utm_content=thumbnail
monorepo	单体仓库	
month	月	https://upload.wikimedia.org/wikipedia/commons/1/19/Tamil_month_sign.png?utm_source=commons.wikimedia.org&utm_campaign=imageinfo&utm_content=thumbnail_unscaled
monthly	每月	https://thumb.wikimedia.org/wikipedia/commons/thumb/7/73/1862_Harpers_New_Monthly_Magazine_no150_cover.png/250px-1862_Harpers_New_Monthly_Magazine_no150_cover.png?utm_source=commons.wikimedia.org&utm_campaign=imageinfo&utm_content=thumbnail
months	月	https://thumb.wikimedia.org/wikipedia/commons/thumb/9/9a/Schnoodle_-_4_Months_Old.JPG/250px-Schnoodle_-_4_Months_Old.JPG?utm_source=commons.wikimedia.org&utm_campaign=imageinfo&utm_content=thumbnail
mood	情绪	https://thumb.wikimedia.org/wikipedia/commons/thumb/c/c5/Anushka_n_Imran_at_Mood_Indigo_2012.jpg/250px-Anushka_n_Imran_at_Mood_Indigo_2012.jpg?utm_source=commons.wikimedia.org&utm_campaign=imageinfo&utm_content=thumbnail
more	更多	https://thumb.wikimedia.org/wikipedia/commons/thumb/a/a4/M%C3%B8re%26Romsdal_Kommuner_Small.png/250px-M%C3%B8re%26Romsdal_Kommuner_Small.png?utm_source=commons.wikimedia.org&utm_campaign=imageinfo&utm_content=thumbnail
most	最多	
motion	动议	https://thumb.wikimedia.org/wikipedia/commons/thumb/6/6d/Translational_motion.gif/250px-Translational_motion.gif?utm_source=commons.wikimedia.org&utm_campaign=imageinfo&utm_content=thumbnail
motions	动议	https://thumb.wikimedia.org/wikipedia/commons/thumb/d/dc/Pete_performing_with_the_Motions_in_April_2010.jpg/120px-Pete_performing_with_the_Motions_in_April_2010.jpg?utm_source=commons.wikimedia.org&utm_campaign=imageinfo&utm_content=thumbnail
move	移动	https://thumb.wikimedia.org/wikipedia/commons/thumb/5/58/Your_Move_-_North_Street_-_geograph.org.uk_-_1691165.jpg/250px-Your_Move_-_North_Street_-_geograph.org.uk_-_1691165.jpg?utm_source=commons.wikimedia.org&utm_campaign=imageinfo&utm_content=thumbnail
movement	运动	https://thumb.wikimedia.org/wikipedia/commons/thumb/b/ba/Refining_and_harmonizing_the_Movement_Strategy_recommendations.png/250px-Refining_and_harmonizing_the_Movement_Strategy_recommendations.png?utm_source=commons.wikimedia.org&utm_campaign=imageinfo&utm_content=thumbnail
mover	搬运	https://thumb.wikimedia.org/wikipedia/commons/thumb/a/a3/Small_Earth_Mover_-_geograph.org.uk_-_543998.jpg/250px-Small_Earth_Mover_-_geograph.org.uk_-_543998.jpg?utm_source=commons.wikimedia.org&utm_campaign=imageinfo&utm_content=thumbnail
mtls	mTLS	https://thumb.wikimedia.org/wikipedia/commons/thumb/6/60/Moving_sidewalk.jpg/250px-Moving_sidewalk.jpg?utm_source=commons.wikimedia.org&utm_campaign=imageinfo&utm_content=thumbnail
much	很多	https://thumb.wikimedia.org/wikipedia/commons/thumb/0/0e/Much_Wenlock%2C_former_Barclay%27s_Bank_-_geograph.org.uk_-_1626976.jpg/250px-Much_Wenlock%2C_former_Barclay%27s_Bank_-_geograph.org.uk_-_1626976.jpg?utm_source=commons.wikimedia.org&utm_campaign=imageinfo&utm_content=thumbnail
multi	多	https://upload.wikimedia.org/wikipedia/commons/1/10/Kingston_Multi_Media_Card_32MB_front_20040702.jpg?utm_source=commons.wikimedia.org&utm_campaign=imageinfo&utm_content=thumbnail_unscaled
multilingual	多语言	https://upload.wikimedia.org/wikipedia/commons/d/d9/Multilingual_Wikipedia_logo.gif?utm_source=commons.wikimedia.org&utm_campaign=imageinfo&utm_content=thumbnail_unscaled
multiple	多个	https://thumb.wikimedia.org/wikipedia/commons/thumb/e/e0/Carswell-Multiple_Sclerosis.jpg/120px-Carswell-Multiple_Sclerosis.jpg?utm_source=commons.wikimedia.org&utm_campaign=imageinfo&utm_content=thumbnail
multiply	倍增	
museum	博物馆	https://thumb.wikimedia.org/wikipedia/commons/thumb/8/8a/Brewery_Museum_-_geograph.org.uk_-_289403.jpg/250px-Brewery_Museum_-_geograph.org.uk_-_289403.jpg?utm_source=commons.wikimedia.org&utm_campaign=imageinfo&utm_content=thumbnail
must	必须	https://thumb.wikimedia.org/wikipedia/commons/thumb/5/59/2005-tusker-musth-crop.jpg/250px-2005-tusker-musth-crop.jpg?utm_source=commons.wikimedia.org&utm_campaign=imageinfo&utm_content=thumbnail
mute	静音	https://thumb.wikimedia.org/wikipedia/commons/thumb/2/26/Trumpet_WahWahMute.jpg/250px-Trumpet_WahWahMute.jpg?utm_source=commons.wikimedia.org&utm_campaign=imageinfo&utm_content=thumbnail
mutual	相互	https://thumb.wikimedia.org/wikipedia/commons/thumb/9/93/OHMap-doton-Mutual.png/250px-OHMap-doton-Mutual.png?utm_source=commons.wikimedia.org&utm_campaign=imageinfo&utm_content=thumbnail
mystery	神秘	https://thumb.wikimedia.org/wikipedia/commons/thumb/7/78/Mystery_January_1934.jpg/250px-Mystery_January_1934.jpg?utm_source=commons.wikimedia.org&utm_campaign=imageinfo&utm_content=thumbnail
name	名称	https://thumb.wikimedia.org/wikipedia/commons/thumb/2/2d/Abdulaziz_%28Name%29.png/250px-Abdulaziz_%28Name%29.png?utm_source=commons.wikimedia.org&utm_campaign=imageinfo&utm_content=thumbnail
names	名称	https://thumb.wikimedia.org/wikipedia/commons/thumb/f/fa/Allah_Names_in_Chinese_Arabic_Script.jpg/120px-Allah_Names_in_Chinese_Arabic_Script.jpg?utm_source=commons.wikimedia.org&utm_campaign=imageinfo&utm_content=thumbnail
naming	命名	https://thumb.wikimedia.org/wikipedia/commons/thumb/4/4c/Adam_Naming_the_Animals_-_Vanderbilt_ACT_-_Kimbell_Adam_naming_animals.jpg/120px-Adam_Naming_the_Animals_-_Vanderbilt_ACT_-_Kimbell_Adam_naming_animals.jpg?utm_source=commons.wikimedia.org&utm_campaign=imageinfo&utm_content=thumbnail
narrative	叙述	https://thumb.wikimedia.org/wikipedia/commons/thumb/d/d0/NarrativeStructures.jpg/250px-NarrativeStructures.jpg?utm_source=commons.wikimedia.org&utm_campaign=imageinfo&utm_content=thumbnail
native	原生	https://thumb.wikimedia.org/wikipedia/commons/thumb/a/ab/Native_Polish_Church_logo.png/250px-Native_Polish_Church_logo.png?utm_source=commons.wikimedia.org&utm_campaign=imageinfo&utm_content=thumbnail
navigation	导航	
nda	保密协议	https://upload.wikimedia.org/wikipedia/commons/b/bc/NDA_Insignia-1956.gif?utm_source=commons.wikimedia.org&utm_campaign=imageinfo&utm_content=thumbnail_unscaled
near	近	https://thumb.wikimedia.org/wikipedia/commons/thumb/9/9c/Near_Eros.jpg/250px-Near_Eros.jpg?utm_source=commons.wikimedia.org&utm_campaign=imageinfo&utm_content=thumbnail
nearby	附近	https://thumb.wikimedia.org/wikipedia/commons/thumb/7/7d/Beacon_Tarn_and_the_nearby_top_of_Beacon_Fell_-_geograph.org.uk_-_540547.jpg/250px-Beacon_Tarn_and_the_nearby_top_of_Beacon_Fell_-_geograph.org.uk_-_540547.jpg?utm_source=commons.wikimedia.org&utm_campaign=imageinfo&utm_content=thumbnail
nearly	几乎	https://thumb.wikimedia.org/wikipedia/commons/thumb/b/bc/Nearly_there%5E_-_geograph.org.uk_-_166968.jpg/250px-Nearly_there%5E_-_geograph.org.uk_-_166968.jpg?utm_source=commons.wikimedia.org&utm_campaign=imageinfo&utm_content=thumbnail
necessary	必要	https://thumb.wikimedia.org/wikipedia/commons/thumb/0/01/Necessary_railings_on_the_high_path_at_Lynmouth_-_geograph.org.uk_-_939728.jpg/250px-Necessary_railings_on_the_high_path_at_Lynmouth_-_geograph.org.uk_-_939728.jpg?utm_source=commons.wikimedia.org&utm_campaign=imageinfo&utm_content=thumbnail
need	需要	https://thumb.wikimedia.org/wikipedia/commons/thumb/f/f9/In_need_of_repair_-_geograph.org.uk_-_970384.jpg/250px-In_need_of_repair_-_geograph.org.uk_-_970384.jpg?utm_source=commons.wikimedia.org&utm_campaign=imageinfo&utm_content=thumbnail
needed	需要	https://thumb.wikimedia.org/wikipedia/commons/thumb/4/43/Paint_Needed_%21_-_geograph.org.uk_-_66368.jpg/250px-Paint_Needed_%21_-_geograph.org.uk_-_66368.jpg?utm_source=commons.wikimedia.org&utm_campaign=imageinfo&utm_content=thumbnail
needs	需要	https://thumb.wikimedia.org/wikipedia/commons/thumb/f/f1/Beach_between_Needs_Ore_Point_and_Needs_Ore_Cottages%2C_Beaulieu_Estate_-_geograph.org.uk_-_388058.jpg/250px-Beach_between_Needs_Ore_Point_and_Needs_Ore_Cottages%2C_Beaulieu_Estate_-_geograph.org.uk_-_388058.jpg?utm_source=commons.wikimedia.org&utm_campaign=imageinfo&utm_content=thumbnail
negotiations	谈判	https://thumb.wikimedia.org/wikipedia/commons/thumb/9/93/Iran_nuclear_negotiations_03.jpg/120px-Iran_nuclear_negotiations_03.jpg?utm_source=commons.wikimedia.org&utm_campaign=imageinfo&utm_content=thumbnail
neighbor	邻居	https://thumb.wikimedia.org/wikipedia/commons/thumb/7/75/Buster_Keaton_%28left%29_and_Joe_Roberts_in_the_movie_Neighbors_%281920%29.jpg/250px-Buster_Keaton_%28left%29_and_Joe_Roberts_in_the_movie_Neighbors_%281920%29.jpg?utm_source=commons.wikimedia.org&utm_campaign=imageinfo&utm_content=thumbnail
nested	嵌套	
network	网络	https://thumb.wikimedia.org/wikipedia/commons/thumb/0/02/Clean_network_infrastructure.jpg/250px-Clean_network_infrastructure.jpg?utm_source=commons.wikimedia.org&utm_campaign=imageinfo&utm_content=thumbnail
networks	网络	https://thumb.wikimedia.org/wikipedia/commons/thumb/b/b0/Backprogation_neural_networks.png/250px-Backprogation_neural_networks.png?utm_source=commons.wikimedia.org&utm_campaign=imageinfo&utm_content=thumbnail
never	从不	https://thumb.wikimedia.org/wikipedia/commons/thumb/c/c4/Nevers_cathedrale_monter_01.jpg/250px-Nevers_cathedrale_monter_01.jpg?utm_source=commons.wikimedia.org&utm_campaign=imageinfo&utm_content=thumbnail
new	新	https://thumb.wikimedia.org/wikipedia/commons/thumb/0/06/Chopard_%28Madison_Ave_-_New_York%29.jpg/250px-Chopard_%28Madison_Ave_-_New_York%29.jpg?utm_source=commons.wikimedia.org&utm_campaign=imageinfo&utm_content=thumbnail
newcomers	新人	https://thumb.wikimedia.org/wikipedia/commons/thumb/c/c4/Newcomer_homepage_mentorship_module_2019-02-22.png/250px-Newcomer_homepage_mentorship_module_2019-02-22.png?utm_source=commons.wikimedia.org&utm_campaign=imageinfo&utm_content=thumbnail
newer	更新	https://upload.wikimedia.org/wikipedia/commons/2/26/Newer-housing.jpg?utm_source=commons.wikimedia.org&utm_campaign=imageinfo&utm_content=thumbnail_unscaled
news	新闻	https://thumb.wikimedia.org/wikipedia/commons/thumb/8/83/NewsOnline_Nigeria.jpg/250px-NewsOnline_Nigeria.jpg?utm_source=commons.wikimedia.org&utm_campaign=imageinfo&utm_content=thumbnail
newsletters	简报	https://thumb.wikimedia.org/wikipedia/commons/thumb/4/43/Algol_AB_movie_imaged_with_the_CHARA_interferometer.gif/250px-Algol_AB_movie_imaged_with_the_CHARA_interferometer.gif?utm_source=commons.wikimedia.org&utm_campaign=imageinfo&utm_content=thumbnail
next	下一步	https://thumb.wikimedia.org/wikipedia/commons/thumb/5/53/Mooring_posts_at_Wells-next-the-Sea_-_geograph.org.uk_-_853614.jpg/250px-Mooring_posts_at_Wells-next-the-Sea_-_geograph.org.uk_-_853614.jpg?utm_source=commons.wikimedia.org&utm_campaign=imageinfo&utm_content=thumbnail
nexus	枢纽	https://thumb.wikimedia.org/wikipedia/commons/thumb/2/22/Nexus_One.png/120px-Nexus_One.png?utm_source=commons.wikimedia.org&utm_campaign=imageinfo&utm_content=thumbnail
night	夜	
no	无	
nobody	无人	https://thumb.wikimedia.org/wikipedia/commons/thumb/f/fb/Nobody_Inn_-_geograph.org.uk_-_451133.jpg/250px-Nobody_Inn_-_geograph.org.uk_-_451133.jpg?utm_source=commons.wikimedia.org&utm_campaign=imageinfo&utm_content=thumbnail
node	节点	https://upload.wikimedia.org/wikipedia/commons/6/67/NodeJS.png?utm_source=commons.wikimedia.org&utm_campaign=imageinfo&utm_content=thumbnail_unscaled
nodes	节点	https://thumb.wikimedia.org/wikipedia/commons/thumb/b/b8/Illu_lymph_node_structure.png/250px-Illu_lymph_node_structure.png?utm_source=commons.wikimedia.org&utm_campaign=imageinfo&utm_content=thumbnail
noise	噪音	https://thumb.wikimedia.org/wikipedia/commons/thumb/d/da/Noise_squeezed_states.jpg/120px-Noise_squeezed_states.jpg?utm_source=commons.wikimedia.org&utm_campaign=imageinfo&utm_content=thumbnail
noisy	吵	https://upload.wikimedia.org/wikipedia/commons/7/76/Noisy-le-Roi_-_Blason001.jpg?utm_source=commons.wikimedia.org&utm_campaign=imageinfo&utm_content=thumbnail_unscaled
non	非	https://thumb.wikimedia.org/wikipedia/commons/thumb/3/34/Non-Binary_Gender_Identity.jpg/120px-Non-Binary_Gender_Identity.jpg?utm_source=commons.wikimedia.org&utm_campaign=imageinfo&utm_content=thumbnail
nonprofit	非营利	https://thumb.wikimedia.org/wikipedia/commons/thumb/8/88/Nonprofit_Quarterly_Logo.png/250px-Nonprofit_Quarterly_Logo.png?utm_source=commons.wikimedia.org&utm_campaign=imageinfo&utm_content=thumbnail
nonstandard	非标准	https://thumb.wikimedia.org/wikipedia/commons/thumb/2/23/Shinjuku-neon_Tokyo.jpg/250px-Shinjuku-neon_Tokyo.jpg?utm_source=commons.wikimedia.org&utm_campaign=imageinfo&utm_content=thumbnail
norms	规范	https://upload.wikimedia.org/wikipedia/commons/a/a5/Norm_Larker.JPG?utm_source=commons.wikimedia.org&utm_campaign=imageinfo&utm_content=thumbnail_unscaled
not	不	https://thumb.wikimedia.org/wikipedia/commons/thumb/1/11/Water_Forget-Me-Not_%28Myosotis_scorpioides%29_-_geograph.org.uk_-_1367595.jpg/120px-Water_Forget-Me-Not_%28Myosotis_scorpioides%29_-_geograph.org.uk_-_1367595.jpg?utm_source=commons.wikimedia.org&utm_campaign=imageinfo&utm_content=thumbnail
notebooks	笔记本	https://upload.wikimedia.org/wikipedia/commons/c/ca/Wittgenstein%2C_Notebooks_1914-1916%2C_illustration_from_1916-11-04.png?utm_source=commons.wikimedia.org&utm_campaign=imageinfo&utm_content=thumbnail_unscaled
notes	笔记	https://thumb.wikimedia.org/wikipedia/commons/thumb/8/8a/Apple_Notes_%28macOS%29.png/250px-Apple_Notes_%28macOS%29.png?utm_source=commons.wikimedia.org&utm_campaign=imageinfo&utm_content=thumbnail
notice	通知	https://thumb.wikimedia.org/wikipedia/commons/thumb/1/16/Public_Notice_-_geograph.org.uk_-_1174369.jpg/250px-Public_Notice_-_geograph.org.uk_-_1174369.jpg?utm_source=commons.wikimedia.org&utm_campaign=imageinfo&utm_content=thumbnail
noticed	注意到	https://thumb.wikimedia.org/wikipedia/commons/thumb/d/d4/Un-noticed_observation_-_Flickr_-_Daveybot.jpg/250px-Un-noticed_observation_-_Flickr_-_Daveybot.jpg?utm_source=commons.wikimedia.org&utm_campaign=imageinfo&utm_content=thumbnail
notices	通知	https://thumb.wikimedia.org/wikipedia/commons/thumb/1/15/Notices_by_the_path_-_geograph.org.uk_-_1503703.jpg/250px-Notices_by_the_path_-_geograph.org.uk_-_1503703.jpg?utm_source=commons.wikimedia.org&utm_campaign=imageinfo&utm_content=thumbnail
notification	通知	https://thumb.wikimedia.org/wikipedia/commons/thumb/e/e4/Lubuntu_Desktop_Notification_01.png/250px-Lubuntu_Desktop_Notification_01.png?utm_source=commons.wikimedia.org&utm_campaign=imageinfo&utm_content=thumbnail
notifications	通知	https://thumb.wikimedia.org/wikipedia/commons/thumb/8/82/Wikipedia_Notifications_error.PNG/250px-Wikipedia_Notifications_error.PNG?utm_source=commons.wikimedia.org&utm_campaign=imageinfo&utm_content=thumbnail
notify	通知	https://thumb.wikimedia.org/wikipedia/commons/thumb/7/73/Wikipedia-notify-screenshot-1.png/250px-Wikipedia-notify-screenshot-1.png?utm_source=commons.wikimedia.org&utm_campaign=imageinfo&utm_content=thumbnail
novel	新颖	https://thumb.wikimedia.org/wikipedia/commons/thumb/f/ff/The_foreman_of_the_JA6%3B_a_novel_7.jpg/250px-The_foreman_of_the_JA6%3B_a_novel_7.jpg?utm_source=commons.wikimedia.org&utm_campaign=imageinfo&utm_content=thumbnail
now	现在	https://upload.wikimedia.org/wikipedia/commons/7/7a/NOWMAGAZINELOGO.gif?utm_source=commons.wikimedia.org&utm_campaign=imageinfo&utm_content=thumbnail_unscaled
nps	NPS	
numbered	编号	https://upload.wikimedia.org/wikipedia/commons/0/00/Number2.png?utm_source=commons.wikimedia.org&utm_campaign=imageinfo&utm_content=thumbnail_unscaled
numbers	号码	https://upload.wikimedia.org/wikipedia/commons/e/ee/Numbers.gif?utm_source=commons.wikimedia.org&utm_campaign=imageinfo&utm_content=thumbnail_unscaled
nutrition	营养	https://thumb.wikimedia.org/wikipedia/commons/thumb/8/8d/Nutrition_facts_label_format_1-1_of_Taiwan.png/250px-Nutrition_facts_label_format_1-1_of_Taiwan.png?utm_source=commons.wikimedia.org&utm_campaign=imageinfo&utm_content=thumbnail
oauth	OAuth	https://thumb.wikimedia.org/wikipedia/commons/thumb/a/af/Wiki_labels_OAuth_screenshot_hu.png/250px-Wiki_labels_OAuth_screenshot_hu.png?utm_source=commons.wikimedia.org&utm_campaign=imageinfo&utm_content=thumbnail
objectives	目标	https://thumb.wikimedia.org/wikipedia/commons/thumb/7/74/1959_Ultrafluar_Objectives_%287039029541%29.jpg/250px-1959_Ultrafluar_Objectives_%287039029541%29.jpg?utm_source=commons.wikimedia.org&utm_campaign=imageinfo&utm_content=thumbnail
objects	对象	https://upload.wikimedia.org/wikipedia/commons/4/4b/The_category_of_objects_over_a.png?utm_source=commons.wikimedia.org&utm_campaign=imageinfo&utm_content=thumbnail_unscaled
obligations	义务	https://thumb.wikimedia.org/wikipedia/commons/thumb/6/62/10_Percent_Legacy_and_Succession_Duty_Impressed_Duty_Stamp.jpg/250px-10_Percent_Legacy_and_Succession_Duty_Impressed_Duty_Stamp.jpg?utm_source=commons.wikimedia.org&utm_campaign=imageinfo&utm_content=thumbnail
observable	可观测	https://thumb.wikimedia.org/wikipedia/commons/thumb/d/d3/KonjugierteObservable.png/250px-KonjugierteObservable.png?utm_source=commons.wikimedia.org&utm_campaign=imageinfo&utm_content=thumbnail
observe	观察	https://upload.wikimedia.org/wikipedia/commons/9/93/International_Observe_the_Moon_Night_logo.png?utm_source=commons.wikimedia.org&utm_campaign=imageinfo&utm_content=thumbnail_unscaled
obvious	明显	https://thumb.wikimedia.org/wikipedia/commons/thumb/d/dd/Obvious_water_pollution.jpeg/250px-Obvious_water_pollution.jpeg?utm_source=commons.wikimedia.org&utm_campaign=imageinfo&utm_content=thumbnail
occupancy	占用	
odds	几率	https://thumb.wikimedia.org/wikipedia/commons/thumb/d/d4/Odds-On%2C_Omagh_-_geograph.org.uk_-_142170.jpg/250px-Odds-On%2C_Omagh_-_geograph.org.uk_-_142170.jpg?utm_source=commons.wikimedia.org&utm_campaign=imageinfo&utm_content=thumbnail
of	的	
off	关	https://thumb.wikimedia.org/wikipedia/commons/thumb/0/0e/Sheer_Off_a_Tale_Q90222342_058a.jpg/250px-Sheer_Off_a_Tale_Q90222342_058a.jpg?utm_source=commons.wikimedia.org&utm_campaign=imageinfo&utm_content=thumbnail
offboarding	离职	
offer	要约	https://thumb.wikimedia.org/wikipedia/commons/thumb/b/b8/Ofra_Offer_2.jpg/250px-Ofra_Offer_2.jpg?utm_source=commons.wikimedia.org&utm_campaign=imageinfo&utm_content=thumbnail
offered	已提供	https://thumb.wikimedia.org/wikipedia/commons/thumb/2/2c/Bagya_Offered_with_Achar.jpg/250px-Bagya_Offered_with_Achar.jpg?utm_source=commons.wikimedia.org&utm_campaign=imageinfo&utm_content=thumbnail
offers	要约	https://thumb.wikimedia.org/wikipedia/commons/thumb/0/01/Olaf_offers_thyri_angelica.jpg/250px-Olaf_offers_thyri_angelica.jpg?utm_source=commons.wikimedia.org&utm_campaign=imageinfo&utm_content=thumbnail
office	办公室	https://thumb.wikimedia.org/wikipedia/commons/thumb/6/63/Post_Office_-_Horsforth_-_Town_Street_-_geograph.org.uk_-_1207887.jpg/250px-Post_Office_-_Horsforth_-_Town_Street_-_geograph.org.uk_-_1207887.jpg?utm_source=commons.wikimedia.org&utm_campaign=imageinfo&utm_content=thumbnail
official	官方	https://thumb.wikimedia.org/wikipedia/commons/thumb/b/b8/Busiri_Suryowinoto.jpg/250px-Busiri_Suryowinoto.jpg?utm_source=commons.wikimedia.org&utm_campaign=imageinfo&utm_content=thumbnail
offline	离线	https://thumb.wikimedia.org/wikipedia/commons/thumb/9/98/Wiki_Gnu_Linux_Offline_Wiki_3.png/250px-Wiki_Gnu_Linux_Offline_Wiki_3.png?utm_source=commons.wikimedia.org&utm_campaign=imageinfo&utm_content=thumbnail
often	经常	https://thumb.wikimedia.org/wikipedia/commons/thumb/a/a3/How_often_is_this_read%5E_-_geograph.org.uk_-_976943.jpg/250px-How_often_is_this_read%5E_-_geograph.org.uk_-_976943.jpg?utm_source=commons.wikimedia.org&utm_campaign=imageinfo&utm_content=thumbnail
okr	OKR	
okrs	OKR	https://thumb.wikimedia.org/wikipedia/commons/thumb/7/74/Okr_bn.PNG/250px-Okr_bn.PNG?utm_source=commons.wikimedia.org&utm_campaign=imageinfo&utm_content=thumbnail
old	旧	https://thumb.wikimedia.org/wikipedia/commons/thumb/4/4f/Country_Lane_near_Old_-_geograph.org.uk_-_60787.jpg/250px-Country_Lane_near_Old_-_geograph.org.uk_-_60787.jpg?utm_source=commons.wikimedia.org&utm_campaign=imageinfo&utm_content=thumbnail
older	更旧	https://upload.wikimedia.org/wikipedia/commons/f/f8/Da_Vinci_Vitruve_Luc_Viatour_Cerchiato.png?utm_source=commons.wikimedia.org&utm_campaign=imageinfo&utm_content=thumbnail_unscaled
on	在	
onboarding	入职	https://upload.wikimedia.org/wikipedia/commons/a/ad/Induction_mutuelle.jpg?utm_source=commons.wikimedia.org&utm_campaign=imageinfo&utm_content=thumbnail_unscaled
once	一次	https://thumb.wikimedia.org/wikipedia/commons/thumb/3/3e/Escudo_once_caldas.jpg/250px-Escudo_once_caldas.jpg?utm_source=commons.wikimedia.org&utm_campaign=imageinfo&utm_content=thumbnail
one	一	https://upload.wikimedia.org/wikipedia/commons/a/a2/The_one_ring_animated.gif?utm_source=commons.wikimedia.org&utm_campaign=imageinfo&utm_content=thumbnail_unscaled
ones	那些	https://thumb.wikimedia.org/wikipedia/commons/thumb/b/bf/Tony_Curtis-Sidney_Poitier_in_The_Defiant_Ones_trailer.jpg/250px-Tony_Curtis-Sidney_Poitier_in_The_Defiant_Ones_trailer.jpg?utm_source=commons.wikimedia.org&utm_campaign=imageinfo&utm_content=thumbnail
online	在线	https://upload.wikimedia.org/wikipedia/commons/a/a1/Prius_Online_Logo.png?utm_source=commons.wikimedia.org&utm_campaign=imageinfo&utm_content=thumbnail_unscaled
only	只	https://thumb.wikimedia.org/wikipedia/commons/thumb/2/2b/Members_only_boat_-_geograph.org.uk_-_897207.jpg/250px-Members_only_boat_-_geograph.org.uk_-_897207.jpg?utm_source=commons.wikimedia.org&utm_campaign=imageinfo&utm_content=thumbnail
onto	到	https://thumb.wikimedia.org/wikipedia/commons/thumb/3/34/Ontos.jpg/250px-Ontos.jpg?utm_source=commons.wikimedia.org&utm_campaign=imageinfo&utm_content=thumbnail
open	打开	
opening	开头	https://upload.wikimedia.org/wikipedia/commons/b/b3/Chess_opening.png?utm_source=commons.wikimedia.org&utm_campaign=imageinfo&utm_content=thumbnail_unscaled
operate	运行	https://thumb.wikimedia.org/wikipedia/commons/thumb/8/8c/Distributed_Operating_System_as_Venn_Diagram.png/250px-Distributed_Operating_System_as_Venn_Diagram.png?utm_source=commons.wikimedia.org&utm_campaign=imageinfo&utm_content=thumbnail
operations	运营	https://thumb.wikimedia.org/wikipedia/commons/thumb/5/58/RUS_Participant_in_Military_Operations_in_Syria_Medal_%282017%29.jpg/120px-RUS_Participant_in_Military_Operations_in_Syria_Medal_%282017%29.jpg?utm_source=commons.wikimedia.org&utm_campaign=imageinfo&utm_content=thumbnail
operators	操作员	https://thumb.wikimedia.org/wikipedia/commons/thumb/3/32/Radio_operators_at_Mareeba_July_1944_AWM_067954.jpg/250px-Radio_operators_at_Mareeba_July_1944_AWM_067954.jpg?utm_source=commons.wikimedia.org&utm_campaign=imageinfo&utm_content=thumbnail
ops	运维	https://thumb.wikimedia.org/wikipedia/commons/thumb/6/6d/OPS-20_on_board_DD-109.jpg/250px-OPS-20_on_board_DD-109.jpg?utm_source=commons.wikimedia.org&utm_campaign=imageinfo&utm_content=thumbnail
opt	选择	https://upload.wikimedia.org/wikipedia/commons/4/4d/Opt-in_jaskme.jpg?utm_source=commons.wikimedia.org&utm_campaign=imageinfo&utm_content=thumbnail_unscaled
opted	已选择	https://thumb.wikimedia.org/wikipedia/commons/thumb/d/dc/The_choice_was_whether_to_have_one_of_their_small_ones_or_one_of_their_large_ones.I_have_got_a_feeling_I_opted_for_the_large_one_-_geograph.org.uk_-_2912407.jpg/250px-The_choice_was_whether_to_have_one_of_their_small_ones_or_one_of_their_large_ones.I_have_got_a_feeling_I_opted_for_the_large_one_-_geograph.org.uk_-_2912407.jpg?utm_source=commons.wikimedia.org&utm_campaign=imageinfo&utm_content=thumbnail
optimization	优化	https://upload.wikimedia.org/wikipedia/commons/7/77/Web_Optimization.png?utm_source=commons.wikimedia.org&utm_campaign=imageinfo&utm_content=thumbnail_unscaled
optimize	优化	https://upload.wikimedia.org/wikipedia/commons/e/e9/Optimize_Surface.jpg?utm_source=commons.wikimedia.org&utm_campaign=imageinfo&utm_content=thumbnail_unscaled
option	选项	https://upload.wikimedia.org/wikipedia/commons/a/a9/WPCleaner_-_Options_Menu.png?utm_source=commons.wikimedia.org&utm_campaign=imageinfo&utm_content=thumbnail_unscaled
optional	可选	https://thumb.wikimedia.org/wikipedia/commons/thumb/0/06/Fiat_2300_S_Coup%C3%A9_1963_with_optional_alloy_wheels.png/250px-Fiat_2300_S_Coup%C3%A9_1963_with_optional_alloy_wheels.png?utm_source=commons.wikimedia.org&utm_campaign=imageinfo&utm_content=thumbnail
options	选项	https://upload.wikimedia.org/wikipedia/commons/a/a9/WPCleaner_-_Options_Menu.png?utm_source=commons.wikimedia.org&utm_campaign=imageinfo&utm_content=thumbnail_unscaled
or	或	
order	顺序	https://thumb.wikimedia.org/wikipedia/commons/thumb/a/ae/Order_of_Parasat.jpg/120px-Order_of_Parasat.jpg?utm_source=commons.wikimedia.org&utm_campaign=imageinfo&utm_content=thumbnail
orderly	有序	https://thumb.wikimedia.org/wikipedia/commons/thumb/8/85/Street_Orderly_Boy_%28statue%29%2C_London.jpg/250px-Street_Orderly_Boy_%28statue%29%2C_London.jpg?utm_source=commons.wikimedia.org&utm_campaign=imageinfo&utm_content=thumbnail
orders	订单	https://upload.wikimedia.org/wikipedia/commons/4/40/PRT_Two_Orders_BAR.png?utm_source=commons.wikimedia.org&utm_campaign=imageinfo&utm_content=thumbnail_unscaled
org	组织	https://thumb.wikimedia.org/wikipedia/commons/thumb/0/0e/Openoffice_org_conference_pictures_008.jpg/250px-Openoffice_org_conference_pictures_008.jpg?utm_source=commons.wikimedia.org&utm_campaign=imageinfo&utm_content=thumbnail
organization	组织	https://thumb.wikimedia.org/wikipedia/commons/thumb/d/dc/Logo_Baru_MASTEL.png/250px-Logo_Baru_MASTEL.png?utm_source=commons.wikimedia.org&utm_campaign=imageinfo&utm_content=thumbnail
organize	组织	https://thumb.wikimedia.org/wikipedia/commons/thumb/4/4b/Organize_your_mind_Organize_your_life.gif/250px-Organize_your_mind_Organize_your_life.gif?utm_source=commons.wikimedia.org&utm_campaign=imageinfo&utm_content=thumbnail
organized	已组织	https://upload.wikimedia.org/wikipedia/commons/0/00/Organized_crime_brochure.jpg?utm_source=commons.wikimedia.org&utm_campaign=imageinfo&utm_content=thumbnail_unscaled
organizers	组织者	https://upload.wikimedia.org/wikipedia/commons/8/8c/Professional_Organizers_Of_Canada.jpg?utm_source=commons.wikimedia.org&utm_campaign=imageinfo&utm_content=thumbnail_unscaled
original	原始	
origins	来源	https://thumb.wikimedia.org/wikipedia/commons/thumb/f/fa/Origins_300BC.png/250px-Origins_300BC.png?utm_source=commons.wikimedia.org&utm_campaign=imageinfo&utm_content=thumbnail
orms	ORM	https://thumb.wikimedia.org/wikipedia/commons/thumb/7/7d/Orms.jpg/250px-Orms.jpg?utm_source=commons.wikimedia.org&utm_campaign=imageinfo&utm_content=thumbnail
orphaned	孤立	https://thumb.wikimedia.org/wikipedia/commons/thumb/9/94/Annie_Chikhwaza_with_orphaned_twins.jpg/250px-Annie_Chikhwaza_with_orphaned_twins.jpg?utm_source=commons.wikimedia.org&utm_campaign=imageinfo&utm_content=thumbnail
ota	OTA	https://thumb.wikimedia.org/wikipedia/commons/thumb/2/20/Ota_Benga_1904.jpg/250px-Ota_Benga_1904.jpg?utm_source=commons.wikimedia.org&utm_campaign=imageinfo&utm_content=thumbnail
other	其他	https://thumb.wikimedia.org/wikipedia/commons/thumb/f/f0/Other_Men%27s_Shoes_%281920%29_-_Boyle.jpg/120px-Other_Men%27s_Shoes_%281920%29_-_Boyle.jpg?utm_source=commons.wikimedia.org&utm_campaign=imageinfo&utm_content=thumbnail
others	其他	https://thumb.wikimedia.org/wikipedia/commons/thumb/5/5b/%22A_Tower_in_the_Minds_of_Others%22_-_geograph.org.uk_-_981203.jpg/250px-%22A_Tower_in_the_Minds_of_Others%22_-_geograph.org.uk_-_981203.jpg?utm_source=commons.wikimedia.org&utm_campaign=imageinfo&utm_content=thumbnail
out	出	https://thumb.wikimedia.org/wikipedia/commons/thumb/8/8d/Get-out-354x450.jpg/250px-Get-out-354x450.jpg?utm_source=commons.wikimedia.org&utm_campaign=imageinfo&utm_content=thumbnail
outage	中断	https://thumb.wikimedia.org/wikipedia/commons/thumb/5/5e/US_nuclear_refueling_outage_duration.png/250px-US_nuclear_refueling_outage_duration.png?utm_source=commons.wikimedia.org&utm_campaign=imageinfo&utm_content=thumbnail
outages	中断	https://thumb.wikimedia.org/wikipedia/commons/thumb/8/86/KFC_AU_App_Outage_due_to_July_2024_global_cyber_outages.jpg/250px-KFC_AU_App_Outage_due_to_July_2024_global_cyber_outages.jpg?utm_source=commons.wikimedia.org&utm_campaign=imageinfo&utm_content=thumbnail
outcome	结果	https://thumb.wikimedia.org/wikipedia/commons/thumb/3/39/Learning_outcome.png/250px-Learning_outcome.png?utm_source=commons.wikimedia.org&utm_campaign=imageinfo&utm_content=thumbnail
outcomes	结果	
outflows	流出	https://thumb.wikimedia.org/wikipedia/commons/thumb/d/dc/Galaxy-wide_Outflows%2C_Powered_by_Supermassive_Black_Holes%2C_Common_Among_Quasars_%28geminiann14005c%29.tiff/lossy-page1-250px-Galaxy-wide_Outflows%2C_Powered_by_Supermassive_Black_Holes%2C_Common_Among_Quasars_%28geminiann14005c%29.tiff.jpg?utm_source=commons.wikimedia.org&utm_campaign=imageinfo&utm_content=thumbnail
outliers	离群	https://thumb.wikimedia.org/wikipedia/commons/thumb/b/b8/Outliers_car_data.jpg/250px-Outliers_car_data.jpg?utm_source=commons.wikimedia.org&utm_campaign=imageinfo&utm_content=thumbnail
output	输出	https://thumb.wikimedia.org/wikipedia/commons/thumb/c/c1/Context-input-process-output_model.png/250px-Context-input-process-output_model.png?utm_source=commons.wikimedia.org&utm_campaign=imageinfo&utm_content=thumbnail
outside	外面	https://thumb.wikimedia.org/wikipedia/commons/thumb/8/83/E._Alyn_Warren_in_Outside_the_Law.jpg/250px-E._Alyn_Warren_in_Outside_the_Law.jpg?utm_source=commons.wikimedia.org&utm_campaign=imageinfo&utm_content=thumbnail
over	超过	https://thumb.wikimedia.org/wikipedia/commons/thumb/f/f1/Cemetery_gate%2C_Over_-_geograph.org.uk_-_571328.jpg/250px-Cemetery_gate%2C_Over_-_geograph.org.uk_-_571328.jpg?utm_source=commons.wikimedia.org&utm_campaign=imageinfo&utm_content=thumbnail
overdue	逾期	https://thumb.wikimedia.org/wikipedia/commons/thumb/5/5e/HarvardCollegeLibrary_OverdueNotice1884.jpg/250px-HarvardCollegeLibrary_OverdueNotice1884.jpg?utm_source=commons.wikimedia.org&utm_campaign=imageinfo&utm_content=thumbnail
overlapping	重叠	https://upload.wikimedia.org/wikipedia/commons/d/dc/Overlapping_squares.jpg?utm_source=commons.wikimedia.org&utm_campaign=imageinfo&utm_content=thumbnail_unscaled
overload	过载	https://thumb.wikimedia.org/wikipedia/commons/thumb/c/c8/Overload_relay.jpg/250px-Overload_relay.jpg?utm_source=commons.wikimedia.org&utm_campaign=imageinfo&utm_content=thumbnail
overrides	覆盖	https://thumb.wikimedia.org/wikipedia/commons/thumb/b/bf/Highly_ortho_and_para_directing_m-OMe_overrides_the_meta-selectivity.jpg/250px-Highly_ortho_and_para_directing_m-OMe_overrides_the_meta-selectivity.jpg?utm_source=commons.wikimedia.org&utm_campaign=imageinfo&utm_content=thumbnail
owe	欠	https://thumb.wikimedia.org/wikipedia/commons/thumb/3/33/National_Grid_pylons_at_Ower_-_geograph.org.uk_-_184206.jpg/250px-National_Grid_pylons_at_Ower_-_geograph.org.uk_-_184206.jpg?utm_source=commons.wikimedia.org&utm_campaign=imageinfo&utm_content=thumbnail
own	自己的	
owner	所有者	https://thumb.wikimedia.org/wikipedia/commons/thumb/4/4d/New_owner_......._-_geograph.org.uk_-_1255480.jpg/250px-New_owner_......._-_geograph.org.uk_-_1255480.jpg?utm_source=commons.wikimedia.org&utm_campaign=imageinfo&utm_content=thumbnail
owners	所有者	https://thumb.wikimedia.org/wikipedia/commons/thumb/3/30/Fish_farm_owners_1998_-_geograph.org.uk_-_266713.jpg/250px-Fish_farm_owners_1998_-_geograph.org.uk_-_266713.jpg?utm_source=commons.wikimedia.org&utm_campaign=imageinfo&utm_content=thumbnail
ownership	所有权	https://thumb.wikimedia.org/wikipedia/commons/thumb/d/da/Ownership_of_Railway_Line_between_Croydon_and_Redhill.png/250px-Ownership_of_Railway_Line_between_Croydon_and_Redhill.png?utm_source=commons.wikimedia.org&utm_campaign=imageinfo&utm_content=thumbnail
owning	拥有	https://thumb.wikimedia.org/wikipedia/commons/thumb/5/50/Martyr%27s_Stake%2C_Wigtown_-_geograph.org.uk_-_70018.jpg/250px-Martyr%27s_Stake%2C_Wigtown_-_geograph.org.uk_-_70018.jpg?utm_source=commons.wikimedia.org&utm_campaign=imageinfo&utm_content=thumbnail
owns	拥有	https://thumb.wikimedia.org/wikipedia/commons/thumb/c/ce/Zach_owns_%28Medium%29.JPG/250px-Zach_owns_%28Medium%29.JPG?utm_source=commons.wikimedia.org&utm_campaign=imageinfo&utm_content=thumbnail
package	包	https://upload.wikimedia.org/wikipedia/commons/4/41/Package_delete.png?utm_source=commons.wikimedia.org&utm_campaign=imageinfo&utm_content=thumbnail_unscaled
packages	包	https://thumb.wikimedia.org/wikipedia/commons/thumb/9/9c/Golgi.JPG/250px-Golgi.JPG?utm_source=commons.wikimedia.org&utm_campaign=imageinfo&utm_content=thumbnail
packets	数据包	https://upload.wikimedia.org/wikipedia/commons/b/b0/Wave_packet_%28dispersion%29.gif?utm_source=commons.wikimedia.org&utm_campaign=imageinfo&utm_content=thumbnail_unscaled
packs	包	https://thumb.wikimedia.org/wikipedia/commons/thumb/2/2b/During_the_rest_of_the_year_winter_sled_dogs_carried_packs_-a_N-2002-005-0194.jpg/120px-During_the_rest_of_the_year_winter_sled_dogs_carried_packs_-a_N-2002-005-0194.jpg?utm_source=commons.wikimedia.org&utm_campaign=imageinfo&utm_content=thumbnail
page	页面	https://upload.wikimedia.org/wikipedia/commons/b/bf/SDS-PAGE.jpg?utm_source=commons.wikimedia.org&utm_campaign=imageinfo&utm_content=thumbnail_unscaled
pages	页面	https://upload.wikimedia.org/wikipedia/commons/4/49/Pages_icon.png?utm_source=commons.wikimedia.org&utm_campaign=imageinfo&utm_content=thumbnail_unscaled
pagination	分页	https://upload.wikimedia.org/wikipedia/commons/b/b9/FBD-Assets-Pagination-Next-Active.png?utm_source=commons.wikimedia.org&utm_campaign=imageinfo&utm_content=thumbnail_unscaled
paid	已付	https://thumb.wikimedia.org/wikipedia/commons/thumb/3/30/Paid_to.JPG/250px-Paid_to.JPG?utm_source=commons.wikimedia.org&utm_campaign=imageinfo&utm_content=thumbnail
pain	痛苦	https://thumb.wikimedia.org/wikipedia/commons/thumb/6/6c/Pain_Court_historic_plaque.jpg/250px-Pain_Court_historic_plaque.jpg?utm_source=commons.wikimedia.org&utm_campaign=imageinfo&utm_content=thumbnail
pair	一对	https://thumb.wikimedia.org/wikipedia/commons/thumb/d/d3/Unmounted_Pair_White_Background.JPG/250px-Unmounted_Pair_White_Background.JPG?utm_source=commons.wikimedia.org&utm_campaign=imageinfo&utm_content=thumbnail
pairs	一对	https://thumb.wikimedia.org/wikipedia/commons/thumb/d/db/2009_Skate_America_Pairs_-_the_Pairs_Podium_-_0027a.jpg/250px-2009_Skate_America_Pairs_-_the_Pairs_Podium_-_0027a.jpg?utm_source=commons.wikimedia.org&utm_campaign=imageinfo&utm_content=thumbnail
panels	面板	https://thumb.wikimedia.org/wikipedia/commons/thumb/d/d6/Solar_panels_on_yacht_at_sea.jpg/250px-Solar_panels_on_yacht_at_sea.jpg?utm_source=commons.wikimedia.org&utm_campaign=imageinfo&utm_content=thumbnail
panic	恐慌	https://upload.wikimedia.org/wikipedia/commons/8/88/Panic_snaps.jpg?utm_source=commons.wikimedia.org&utm_campaign=imageinfo&utm_content=thumbnail_unscaled
papers	论文	https://thumb.wikimedia.org/wikipedia/commons/thumb/0/00/Bose_-_Collected_Physical_Papers_fig1.png/250px-Bose_-_Collected_Physical_Papers_fig1.png?utm_source=commons.wikimedia.org&utm_campaign=imageinfo&utm_content=thumbnail
paperwork	文书	https://thumb.wikimedia.org/wikipedia/commons/thumb/d/db/Dachau1944JZ-Lagerbuch.jpg/250px-Dachau1944JZ-Lagerbuch.jpg?utm_source=commons.wikimedia.org&utm_campaign=imageinfo&utm_content=thumbnail
paragraphs	段落	
parallel	并行	https://thumb.wikimedia.org/wikipedia/commons/thumb/0/0b/Two_parallel_lines.gif/250px-Two_parallel_lines.gif?utm_source=commons.wikimedia.org&utm_campaign=imageinfo&utm_content=thumbnail
parent	家长	https://thumb.wikimedia.org/wikipedia/commons/thumb/9/93/PARENT_Joseph-Henri.jpg/250px-PARENT_Joseph-Henri.jpg?utm_source=commons.wikimedia.org&utm_campaign=imageinfo&utm_content=thumbnail
parental	家长	https://thumb.wikimedia.org/wikipedia/commons/thumb/e/e3/Order_of_Parental_Honour.jpg/250px-Order_of_Parental_Honour.jpg?utm_source=commons.wikimedia.org&utm_campaign=imageinfo&utm_content=thumbnail
parents	父母	https://thumb.wikimedia.org/wikipedia/commons/thumb/6/6e/Are_Parents_People_%281925%29_-_1.jpg/120px-Are_Parents_People_%281925%29_-_1.jpg?utm_source=commons.wikimedia.org&utm_campaign=imageinfo&utm_content=thumbnail
parking	停车	https://thumb.wikimedia.org/wikipedia/commons/thumb/e/e9/Parking%2C_Ikea_-_geograph.org.uk_-_715826.jpg/250px-Parking%2C_Ikea_-_geograph.org.uk_-_715826.jpg?utm_source=commons.wikimedia.org&utm_campaign=imageinfo&utm_content=thumbnail
part	部分	https://thumb.wikimedia.org/wikipedia/commons/thumb/9/98/1337_Part_3.png/120px-1337_Part_3.png?utm_source=commons.wikimedia.org&utm_campaign=imageinfo&utm_content=thumbnail
participants	参与者	https://upload.wikimedia.org/wikipedia/commons/7/7e/Tostan_participants_of_FGC.jpg?utm_source=commons.wikimedia.org&utm_campaign=imageinfo&utm_content=thumbnail_unscaled
parties	各方	https://thumb.wikimedia.org/wikipedia/commons/thumb/5/56/Green_Party_Northern_Ireland_logo_2019.png/250px-Green_Party_Northern_Ireland_logo_2019.png?utm_source=commons.wikimedia.org&utm_campaign=imageinfo&utm_content=thumbnail
partner	伙伴	https://upload.wikimedia.org/wikipedia/commons/1/18/Storch_ehlers_partner_logo.png?utm_source=commons.wikimedia.org&utm_campaign=imageinfo&utm_content=thumbnail_unscaled
partners	伙伴	https://thumb.wikimedia.org/wikipedia/commons/thumb/c/c9/Logo_Blocher_Blocher_Partners.jpg/250px-Logo_Blocher_Blocher_Partners.jpg?utm_source=commons.wikimedia.org&utm_campaign=imageinfo&utm_content=thumbnail
parts	部分	
party	方	https://upload.wikimedia.org/wikipedia/commons/9/94/Logo_of_the_Democratic_Party_of_Guam.png?utm_source=commons.wikimedia.org&utm_campaign=imageinfo&utm_content=thumbnail_unscaled
password	密码	https://thumb.wikimedia.org/wikipedia/commons/thumb/a/a5/Werner_Klemperer_on_Password_1971.jpg/250px-Werner_Klemperer_on_Password_1971.jpg?utm_source=commons.wikimedia.org&utm_campaign=imageinfo&utm_content=thumbnail
passwords	密码	https://thumb.wikimedia.org/wikipedia/commons/thumb/9/97/Avast_Passwords_logo.png/250px-Avast_Passwords_logo.png?utm_source=commons.wikimedia.org&utm_campaign=imageinfo&utm_content=thumbnail
patch	补丁	https://thumb.wikimedia.org/wikipedia/commons/thumb/9/9a/EthanHurd_%26_Patch_Adams.jpg/250px-EthanHurd_%26_Patch_Adams.jpg?utm_source=commons.wikimedia.org&utm_campaign=imageinfo&utm_content=thumbnail
patches	补丁	https://upload.wikimedia.org/wikipedia/commons/b/b8/Colour_Patches_-_36BN_%281AIF%29.png?utm_source=commons.wikimedia.org&utm_campaign=imageinfo&utm_content=thumbnail_unscaled
patching	打补丁	https://thumb.wikimedia.org/wikipedia/commons/thumb/1/1c/Hollow%2C_Patching_Rough_-_geograph.org.uk_-_1329287.jpg/250px-Hollow%2C_Patching_Rough_-_geograph.org.uk_-_1329287.jpg?utm_source=commons.wikimedia.org&utm_campaign=imageinfo&utm_content=thumbnail
patent	专利	https://thumb.wikimedia.org/wikipedia/commons/thumb/2/23/Barth%C3%A9lemy_Thimonnier_%26_Auguste_Ferrand_Sewing_Machine_Patent.jpg/250px-Barth%C3%A9lemy_Thimonnier_%26_Auguste_Ferrand_Sewing_Machine_Patent.jpg?utm_source=commons.wikimedia.org&utm_campaign=imageinfo&utm_content=thumbnail
path	路径	https://thumb.wikimedia.org/wikipedia/commons/thumb/1/1e/Cassini_interplanet_trajectory.png/250px-Cassini_interplanet_trajectory.png?utm_source=commons.wikimedia.org&utm_campaign=imageinfo&utm_content=thumbnail
paths	路径	https://thumb.wikimedia.org/wikipedia/commons/thumb/5/5c/Paths_and_Tracks_-_geograph.org.uk_-_55790.jpg/250px-Paths_and_Tracks_-_geograph.org.uk_-_55790.jpg?utm_source=commons.wikimedia.org&utm_campaign=imageinfo&utm_content=thumbnail
patients	患者	https://thumb.wikimedia.org/wikipedia/commons/thumb/9/98/Patients_coming_to_Satbarwa_Hospital%2C_Bihar%2C_India%2C_1964_%2816306344523%29.jpg/250px-Patients_coming_to_Satbarwa_Hospital%2C_Bihar%2C_India%2C_1964_%2816306344523%29.jpg?utm_source=commons.wikimedia.org&utm_campaign=imageinfo&utm_content=thumbnail
patterns	模式	
pause	暂停	https://thumb.wikimedia.org/wikipedia/commons/thumb/b/b8/Logan-pause.jpg/250px-Logan-pause.jpg?utm_source=commons.wikimedia.org&utm_campaign=imageinfo&utm_content=thumbnail
pauses	暂停	https://thumb.wikimedia.org/wikipedia/commons/thumb/b/bb/Florian_Kellner_pauses_at_a_hiking_tour.jpg/250px-Florian_Kellner_pauses_at_a_hiking_tour.jpg?utm_source=commons.wikimedia.org&utm_campaign=imageinfo&utm_content=thumbnail
paved	铺好	https://thumb.wikimedia.org/wikipedia/commons/thumb/0/01/Block_paved_footway_on_Sibson_Road_-_geograph.org.uk_-_581955.jpg/250px-Block_paved_footway_on_Sibson_Road_-_geograph.org.uk_-_581955.jpg?utm_source=commons.wikimedia.org&utm_campaign=imageinfo&utm_content=thumbnail
pay	支付	https://thumb.wikimedia.org/wikipedia/commons/thumb/1/17/7th_pay_commission_2.jpg/250px-7th_pay_commission_2.jpg?utm_source=commons.wikimedia.org&utm_campaign=imageinfo&utm_content=thumbnail
payable	应付	https://thumb.wikimedia.org/wikipedia/commons/thumb/d/dd/AP-66_map.jpg/250px-AP-66_map.jpg?utm_source=commons.wikimedia.org&utm_campaign=imageinfo&utm_content=thumbnail
payloads	载荷	https://thumb.wikimedia.org/wikipedia/commons/thumb/5/52/Chandrayaan-2_payloads_APXS.png/250px-Chandrayaan-2_payloads_APXS.png?utm_source=commons.wikimedia.org&utm_campaign=imageinfo&utm_content=thumbnail
payment	付款	https://thumb.wikimedia.org/wikipedia/commons/thumb/2/2d/Payment_methods.jpg/250px-Payment_methods.jpg?utm_source=commons.wikimedia.org&utm_campaign=imageinfo&utm_content=thumbnail
payments	付款	https://upload.wikimedia.org/wikipedia/commons/0/01/Johann_de_Pay_Beweinung_Christi.jpg?utm_source=commons.wikimedia.org&utm_campaign=imageinfo&utm_content=thumbnail_unscaled
pdfs	PDF	https://thumb.wikimedia.org/wikipedia/commons/thumb/3/31/2016-08-19_10_22_44-1606-ci-resinter-fi-arabie-saoudite-v1.pdf_-_adobe_reader.png/250px-2016-08-19_10_22_44-1606-ci-resinter-fi-arabie-saoudite-v1.pdf_-_adobe_reader.png?utm_source=commons.wikimedia.org&utm_campaign=imageinfo&utm_content=thumbnail
peak	高峰	https://thumb.wikimedia.org/wikipedia/commons/thumb/5/5f/Y_Lliwedd_%28East_Peak%29_-_geograph.org.uk_-_590990.jpg/250px-Y_Lliwedd_%28East_Peak%29_-_geograph.org.uk_-_590990.jpg?utm_source=commons.wikimedia.org&utm_campaign=imageinfo&utm_content=thumbnail
peer	同伴	
pending	待定	https://upload.wikimedia.org/wikipedia/commons/d/d7/PENDING_Stamp.png?utm_source=commons.wikimedia.org&utm_campaign=imageinfo&utm_content=thumbnail_unscaled
penetration	渗透	https://upload.wikimedia.org/wikipedia/commons/1/12/Perforation_diagram_of_a_triangle.jpg?utm_source=commons.wikimedia.org&utm_campaign=imageinfo&utm_content=thumbnail_unscaled
people	人们	https://thumb.wikimedia.org/wikipedia/commons/thumb/5/55/Stamp_of_Indonesia_-_2002_-_Colnect_265887_-_Folk_Tales_-_Pulau_Kembaro.jpeg/250px-Stamp_of_Indonesia_-_2002_-_Colnect_265887_-_Folk_Tales_-_Pulau_Kembaro.jpeg?utm_source=commons.wikimedia.org&utm_campaign=imageinfo&utm_content=thumbnail
per	每	https://thumb.wikimedia.org/wikipedia/commons/thumb/a/aa/Perseus_%281%29.jpg/250px-Perseus_%281%29.jpg?utm_source=commons.wikimedia.org&utm_campaign=imageinfo&utm_content=thumbnail
percentiles	百分位	https://thumb.wikimedia.org/wikipedia/commons/thumb/c/c8/Effective_Payroll_Tax_rate_for_Different_Income_Percentiles_%282010%29.gif/250px-Effective_Payroll_Tax_rate_for_Different_Income_Percentiles_%282010%29.gif?utm_source=commons.wikimedia.org&utm_campaign=imageinfo&utm_content=thumbnail
perfectly	完美地	https://thumb.wikimedia.org/wikipedia/commons/thumb/2/2f/Feeding_Chickens_While_Naked_-_Perfectly_Natural_Hobby.jpg/250px-Feeding_Chickens_While_Naked_-_Perfectly_Natural_Hobby.jpg?utm_source=commons.wikimedia.org&utm_campaign=imageinfo&utm_content=thumbnail
performance	性能	https://thumb.wikimedia.org/wikipedia/commons/thumb/d/d3/Goa_performance_sajan.jpg/250px-Goa_performance_sajan.jpg?utm_source=commons.wikimedia.org&utm_campaign=imageinfo&utm_content=thumbnail
performant	高性能	https://thumb.wikimedia.org/wikipedia/commons/thumb/b/b6/Percuteur_Premier_Mod%C3%A8le_N%C2%B05.jpg/120px-Percuteur_Premier_Mod%C3%A8le_N%C2%B05.jpg?utm_source=commons.wikimedia.org&utm_campaign=imageinfo&utm_content=thumbnail
period	期间	https://thumb.wikimedia.org/wikipedia/commons/thumb/0/07/Period_by_Matthew_Bisanz.png/250px-Period_by_Matthew_Bisanz.png?utm_source=commons.wikimedia.org&utm_campaign=imageinfo&utm_content=thumbnail
periods	期间	https://thumb.wikimedia.org/wikipedia/commons/thumb/f/f3/Modulation_Periods_of_Saturn_Kilometertic_Radiation.jpg/250px-Modulation_Periods_of_Saturn_Kilometertic_Radiation.jpg?utm_source=commons.wikimedia.org&utm_campaign=imageinfo&utm_content=thumbnail
permissions	权限	
persistent	持久	https://thumb.wikimedia.org/wikipedia/commons/thumb/9/9a/Persistent_cloaca.jpg/250px-Persistent_cloaca.jpg?utm_source=commons.wikimedia.org&utm_campaign=imageinfo&utm_content=thumbnail
person	人	https://thumb.wikimedia.org/wikipedia/commons/thumb/0/0c/Marina_person_tvbrasil.jpg/250px-Marina_person_tvbrasil.jpg?utm_source=commons.wikimedia.org&utm_campaign=imageinfo&utm_content=thumbnail
personal	个人	https://thumb.wikimedia.org/wikipedia/commons/thumb/5/52/Personal_Computer_Pentium_I_586.JPG/250px-Personal_Computer_Pentium_I_586.JPG?utm_source=commons.wikimedia.org&utm_campaign=imageinfo&utm_content=thumbnail
personality	个性	https://thumb.wikimedia.org/wikipedia/commons/thumb/7/78/Dissociation_link_to_Maladaptive_Personality_Functioning.jpg/250px-Dissociation_link_to_Maladaptive_Personality_Functioning.jpg?utm_source=commons.wikimedia.org&utm_campaign=imageinfo&utm_content=thumbnail
personalization	个性化	https://upload.wikimedia.org/wikipedia/commons/5/5e/Ubuntu_Customization_Kit_logo.png?utm_source=commons.wikimedia.org&utm_campaign=imageinfo&utm_content=thumbnail_unscaled
personalize	个性化	https://thumb.wikimedia.org/wikipedia/commons/thumb/e/e5/Bellabeat_Coach_Subscription_Personalized_Plan.png/120px-Bellabeat_Coach_Subscription_Personalized_Plan.png?utm_source=commons.wikimedia.org&utm_campaign=imageinfo&utm_content=thumbnail
personally	亲自	https://thumb.wikimedia.org/wikipedia/commons/thumb/7/78/Fig._32_-_On_the_average_day_about_how_many_hours_do_you_personally_watch_TV.JPG/250px-Fig._32_-_On_the_average_day_about_how_many_hours_do_you_personally_watch_TV.JPG?utm_source=commons.wikimedia.org&utm_campaign=imageinfo&utm_content=thumbnail
personas	画像	https://upload.wikimedia.org/wikipedia/commons/a/a6/Renaper_-_Registro_Nacional_de_las_Personas_%28logotipo%29.png?utm_source=commons.wikimedia.org&utm_campaign=imageinfo&utm_content=thumbnail_unscaled
petitions	请愿	https://thumb.wikimedia.org/wikipedia/commons/thumb/1/16/P%C3%A9tition.jpeg/250px-P%C3%A9tition.jpeg?utm_source=commons.wikimedia.org&utm_campaign=imageinfo&utm_content=thumbnail
pharmacy	药房	https://thumb.wikimedia.org/wikipedia/commons/thumb/e/e3/Pharmacy.jpg/250px-Pharmacy.jpg?utm_source=commons.wikimedia.org&utm_campaign=imageinfo&utm_content=thumbnail
phone	电话	
phones	手机	https://thumb.wikimedia.org/wikipedia/commons/thumb/f/fa/Projection-mobile-phones-21.jpg/250px-Projection-mobile-phones-21.jpg?utm_source=commons.wikimedia.org&utm_campaign=imageinfo&utm_content=thumbnail
photo	照片	https://upload.wikimedia.org/wikipedia/commons/e/ef/Fernande_nude_photo_1.jpg?utm_source=commons.wikimedia.org&utm_campaign=imageinfo&utm_content=thumbnail_unscaled
photography	摄影	https://thumb.wikimedia.org/wikipedia/commons/thumb/4/49/EB1911_-_Photography_-_Fig._4.png/250px-EB1911_-_Photography_-_Fig._4.png?utm_source=commons.wikimedia.org&utm_campaign=imageinfo&utm_content=thumbnail
photos	照片	https://upload.wikimedia.org/wikipedia/commons/7/7b/Yogendra_Chavda_Photo.jpg?utm_source=commons.wikimedia.org&utm_campaign=imageinfo&utm_content=thumbnail_unscaled
phrases	短语	https://thumb.wikimedia.org/wikipedia/commons/thumb/6/6a/Tai_Noy_Phrases_I.png/250px-Tai_Noy_Phrases_I.png?utm_source=commons.wikimedia.org&utm_campaign=imageinfo&utm_content=thumbnail
physical	物理	https://thumb.wikimedia.org/wikipedia/commons/thumb/6/60/Physical_culture.png/250px-Physical_culture.png?utm_source=commons.wikimedia.org&utm_campaign=imageinfo&utm_content=thumbnail
pick	选择	https://thumb.wikimedia.org/wikipedia/commons/thumb/5/52/Pick_por.jpg/250px-Pick_por.jpg?utm_source=commons.wikimedia.org&utm_campaign=imageinfo&utm_content=thumbnail
picks	选择	https://thumb.wikimedia.org/wikipedia/commons/thumb/6/61/Guitar_picks_on_shop.jpg/250px-Guitar_picks_on_shop.jpg?utm_source=commons.wikimedia.org&utm_campaign=imageinfo&utm_content=thumbnail
pickup	取件	https://thumb.wikimedia.org/wikipedia/commons/thumb/9/9a/Massif_Pickup_klein.JPG/250px-Massif_Pickup_klein.JPG?utm_source=commons.wikimedia.org&utm_campaign=imageinfo&utm_content=thumbnail
pieces	片段	https://thumb.wikimedia.org/wikipedia/commons/thumb/3/30/Autumnal_Colours%2C_Christ%27s_Pieces_-_geograph.org.uk_-_4926353.jpg/250px-Autumnal_Colours%2C_Christ%27s_Pieces_-_geograph.org.uk_-_4926353.jpg?utm_source=commons.wikimedia.org&utm_campaign=imageinfo&utm_content=thumbnail
pii	个人信息	https://thumb.wikimedia.org/wikipedia/commons/thumb/e/e5/De_Pii_Praetorius.jpg/250px-De_Pii_Praetorius.jpg?utm_source=commons.wikimedia.org&utm_campaign=imageinfo&utm_content=thumbnail
pin	固定	https://thumb.wikimedia.org/wikipedia/commons/thumb/4/48/Brooch_2.png/250px-Brooch_2.png?utm_source=commons.wikimedia.org&utm_campaign=imageinfo&utm_content=thumbnail
pip	点	https://thumb.wikimedia.org/wikipedia/commons/thumb/a/a2/Pip_Flag.png/250px-Pip_Flag.png?utm_source=commons.wikimedia.org&utm_campaign=imageinfo&utm_content=thumbnail
pipeline	流水线	https://thumb.wikimedia.org/wikipedia/commons/thumb/5/5d/Btc_pipeline_route.png/250px-Btc_pipeline_route.png?utm_source=commons.wikimedia.org&utm_campaign=imageinfo&utm_content=thumbnail
pipelines	流水线	https://upload.wikimedia.org/wikipedia/commons/e/ea/Natural_gas_pipelines_from_Russia_to_Black_Sea_and_Caspian_Sea.gif?utm_source=commons.wikimedia.org&utm_campaign=imageinfo&utm_content=thumbnail_unscaled
pitch	推销	https://upload.wikimedia.org/wikipedia/commons/4/47/Relative_pitch_staff.png?utm_source=commons.wikimedia.org&utm_campaign=imageinfo&utm_content=thumbnail_unscaled
pixels	像素	https://thumb.wikimedia.org/wikipedia/commons/thumb/a/a3/Pixels_1.jpg/250px-Pixels_1.jpg?utm_source=commons.wikimedia.org&utm_campaign=imageinfo&utm_content=thumbnail
place	放置	https://thumb.wikimedia.org/wikipedia/commons/thumb/3/33/Junction_of_Seymour_Place_and_Wythburn_Place_-_geograph.org.uk_-_1039142.jpg/250px-Junction_of_Seymour_Place_and_Wythburn_Place_-_geograph.org.uk_-_1039142.jpg?utm_source=commons.wikimedia.org&utm_campaign=imageinfo&utm_content=thumbnail
placeholder	占位符	https://upload.wikimedia.org/wikipedia/commons/9/9c/Male_portrait_placeholder_cropped.jpg?utm_source=commons.wikimedia.org&utm_campaign=imageinfo&utm_content=thumbnail_unscaled
plain	简明	https://thumb.wikimedia.org/wikipedia/commons/thumb/d/d9/Plain_text.png/250px-Plain_text.png?utm_source=commons.wikimedia.org&utm_campaign=imageinfo&utm_content=thumbnail
plan	计划	
planned	已计划	https://thumb.wikimedia.org/wikipedia/commons/thumb/c/cd/PA_Planned_Parenthood_License_Plate.jpg/250px-PA_Planned_Parenthood_License_Plate.jpg?utm_source=commons.wikimedia.org&utm_campaign=imageinfo&utm_content=thumbnail
planning	规划	https://thumb.wikimedia.org/wikipedia/commons/thumb/1/1b/Stamp_of_Indonesia_-_1972_-_Colnect_257437_-_Family_Planning_Campaign.jpeg/250px-Stamp_of_Indonesia_-_1972_-_Colnect_257437_-_Family_Planning_Campaign.jpeg?utm_source=commons.wikimedia.org&utm_campaign=imageinfo&utm_content=thumbnail
plans	计划	https://thumb.wikimedia.org/wikipedia/commons/thumb/1/1f/Plans_of_the_House_of_Cn_Caetroni_Eutychi_Pompeii_%28Overbeck-Mau%29_abstracted_from_combined_plans_with_the_adjoining_House_of_the_Dioscuri.png/120px-Plans_of_the_House_of_Cn_Caetroni_Eutychi_Pompeii_%28Overbeck-Mau%29_abstracted_from_combined_plans_with_the_adjoining_House_of_the_Dioscuri.png?utm_source=commons.wikimedia.org&utm_campaign=imageinfo&utm_content=thumbnail
platform	平台	https://thumb.wikimedia.org/wikipedia/commons/thumb/3/35/Oil_Platform_in_mist%2C_Cromarty_Firth_near_Rosskeen_-_geograph.org.uk_-_851812.jpg/250px-Oil_Platform_in_mist%2C_Cromarty_Firth_near_Rosskeen_-_geograph.org.uk_-_851812.jpg?utm_source=commons.wikimedia.org&utm_campaign=imageinfo&utm_content=thumbnail
platforms	平台	https://thumb.wikimedia.org/wikipedia/commons/thumb/b/bc/Fishing_platforms_on_the_northern_bank_of_Barden_Lake._-_geograph.org.uk_-_1051655.jpg/250px-Fishing_platforms_on_the_northern_bank_of_Barden_Lake._-_geograph.org.uk_-_1051655.jpg?utm_source=commons.wikimedia.org&utm_campaign=imageinfo&utm_content=thumbnail
plausible	合理	https://thumb.wikimedia.org/wikipedia/commons/thumb/0/08/Phonetically_plausible_shop_in_Chapel_Street_-_geograph.org.uk_-_3406082.jpg/250px-Phonetically_plausible_shop_in_Chapel_Street_-_geograph.org.uk_-_3406082.jpg?utm_source=commons.wikimedia.org&utm_campaign=imageinfo&utm_content=thumbnail
playbooks	手册	https://thumb.wikimedia.org/wikipedia/commons/thumb/a/a8/Jennifer_Lawrence_TIFF_2012.jpg/250px-Jennifer_Lawrence_TIFF_2012.jpg?utm_source=commons.wikimedia.org&utm_campaign=imageinfo&utm_content=thumbnail
pleasant	愉快	https://thumb.wikimedia.org/wikipedia/commons/thumb/d/d1/IAMap-doton-MountPleasant.PNG/250px-IAMap-doton-MountPleasant.PNG?utm_source=commons.wikimedia.org&utm_campaign=imageinfo&utm_content=thumbnail
podcasts	播客	https://thumb.wikimedia.org/wikipedia/commons/thumb/f/f7/Podcasts_%28macOS%29.png/250px-Podcasts_%28macOS%29.png?utm_source=commons.wikimedia.org&utm_campaign=imageinfo&utm_content=thumbnail
point	点	https://upload.wikimedia.org/wikipedia/commons/0/0f/Point_graphe.jpg?utm_source=commons.wikimedia.org&utm_campaign=imageinfo&utm_content=thumbnail_unscaled
points	点	
poison	投毒	https://thumb.wikimedia.org/wikipedia/commons/thumb/7/71/NSRW_Poison-Ivy.png/120px-NSRW_Poison-Ivy.png?utm_source=commons.wikimedia.org&utm_campaign=imageinfo&utm_content=thumbnail
policies	政策	https://thumb.wikimedia.org/wikipedia/commons/thumb/9/9f/Mike_Lindell_at_America_First_Policies_%28cropped%29.jpg/250px-Mike_Lindell_at_America_First_Policies_%28cropped%29.jpg?utm_source=commons.wikimedia.org&utm_campaign=imageinfo&utm_content=thumbnail
policy	政策	https://upload.wikimedia.org/wikipedia/commons/1/1d/Institute_for_Policy_Research.jpg?utm_source=commons.wikimedia.org&utm_campaign=imageinfo&utm_content=thumbnail_unscaled
polish	打磨	https://thumb.wikimedia.org/wikipedia/commons/thumb/c/c3/Polish-alphabet.png/250px-Polish-alphabet.png?utm_source=commons.wikimedia.org&utm_campaign=imageinfo&utm_content=thumbnail
polishing	打磨	https://thumb.wikimedia.org/wikipedia/commons/thumb/9/99/FMIB_38283_Churn_used_in_polishing_buttons.jpeg/250px-FMIB_38283_Churn_used_in_polishing_buttons.jpeg?utm_source=commons.wikimedia.org&utm_campaign=imageinfo&utm_content=thumbnail
politely	礼貌地	https://thumb.wikimedia.org/wikipedia/commons/thumb/9/9e/A_polite_request_-_geograph.org.uk_-_547882.jpg/250px-A_polite_request_-_geograph.org.uk_-_547882.jpg?utm_source=commons.wikimedia.org&utm_campaign=imageinfo&utm_content=thumbnail
pool	池	https://thumb.wikimedia.org/wikipedia/commons/thumb/e/e6/Pool_room_wall_rack.jpg/250px-Pool_room_wall_rack.jpg?utm_source=commons.wikimedia.org&utm_campaign=imageinfo&utm_content=thumbnail
pools	池	https://thumb.wikimedia.org/wikipedia/commons/thumb/b/bb/Fairy_Pools_-_geograph.org.uk_-_248137.jpg/250px-Fairy_Pools_-_geograph.org.uk_-_248137.jpg?utm_source=commons.wikimedia.org&utm_campaign=imageinfo&utm_content=thumbnail
poorly	糟糕地	https://thumb.wikimedia.org/wikipedia/commons/thumb/b/b7/Well_sorted_vs_poorly_sorted_porosity.png/250px-Well_sorted_vs_poorly_sorted_porosity.png?utm_source=commons.wikimedia.org&utm_campaign=imageinfo&utm_content=thumbnail
popular	流行	https://thumb.wikimedia.org/wikipedia/commons/thumb/1/1f/Popular_Will_Logo.gif/250px-Popular_Will_Logo.gif?utm_source=commons.wikimedia.org&utm_campaign=imageinfo&utm_content=thumbnail
portals	门户	
position	位置	https://thumb.wikimedia.org/wikipedia/commons/thumb/7/7e/Position_Edebohl%27s_Dorsal.jpg/250px-Position_Edebohl%27s_Dorsal.jpg?utm_source=commons.wikimedia.org&utm_campaign=imageinfo&utm_content=thumbnail
positions	职位	https://thumb.wikimedia.org/wikipedia/commons/thumb/b/b7/Rugby_League_Positions_-_Defensive.png/250px-Rugby_League_Positions_-_Defensive.png?utm_source=commons.wikimedia.org&utm_campaign=imageinfo&utm_content=thumbnail
positives	正面	https://thumb.wikimedia.org/wikipedia/commons/thumb/6/64/Ruud_Pos%2C_by_Ruud_Pos.jpg/250px-Ruud_Pos%2C_by_Ruud_Pos.jpg?utm_source=commons.wikimedia.org&utm_campaign=imageinfo&utm_content=thumbnail
possible	可能	https://thumb.wikimedia.org/wikipedia/commons/thumb/3/31/Possible_circuit_diagram.PNG/250px-Possible_circuit_diagram.PNG?utm_source=commons.wikimedia.org&utm_campaign=imageinfo&utm_content=thumbnail
post	发布	https://upload.wikimedia.org/wikipedia/commons/e/ed/Egypt_post_01.jpg?utm_source=commons.wikimedia.org&utm_campaign=imageinfo&utm_content=thumbnail_unscaled
posted	已发布	https://thumb.wikimedia.org/wikipedia/commons/thumb/c/c6/Seattle-posted-logo.png/250px-Seattle-posted-logo.png?utm_source=commons.wikimedia.org&utm_campaign=imageinfo&utm_content=thumbnail
posters	海报	https://thumb.wikimedia.org/wikipedia/commons/thumb/2/2f/YWCA_In_Service_for_the_Girls_of_the_World_-_Poster%2C_1919_s58d.5_-_2.jpg/250px-YWCA_In_Service_for_the_Girls_of_the_World_-_Poster%2C_1919_s58d.5_-_2.jpg?utm_source=commons.wikimedia.org&utm_campaign=imageinfo&utm_content=thumbnail
postmortems	复盘	https://thumb.wikimedia.org/wikipedia/commons/thumb/c/ca/Manual_of_pathology_-_including_bacteriology%2C_the_technic_of_postmortems%2C_and_methods_of_pathologic_research_%281905%29_%2814802917773%29.jpg/120px-Manual_of_pathology_-_including_bacteriology%2C_the_technic_of_postmortems%2C_and_methods_of_pathologic_research_%281905%29_%2814802917773%29.jpg?utm_source=commons.wikimedia.org&utm_campaign=imageinfo&utm_content=thumbnail
postpone	推迟	https://thumb.wikimedia.org/wikipedia/commons/thumb/e/e3/Postponement_Koyasan_Station_renewal_open.jpg/250px-Postponement_Koyasan_Station_renewal_open.jpg?utm_source=commons.wikimedia.org&utm_campaign=imageinfo&utm_content=thumbnail
posts	帖子	https://thumb.wikimedia.org/wikipedia/commons/thumb/3/36/Lamp-posts_along_the_B9077_-_geograph.org.uk_-_833415.jpg/250px-Lamp-posts_along_the_B9077_-_geograph.org.uk_-_833415.jpg?utm_source=commons.wikimedia.org&utm_campaign=imageinfo&utm_content=thumbnail
posture	态势	https://thumb.wikimedia.org/wikipedia/commons/thumb/3/3e/Posture_02_-_Woodblock_cut_copy_-_after_Marcantonio_Raimondi_-_around_1550.jpg/250px-Posture_02_-_Woodblock_cut_copy_-_after_Marcantonio_Raimondi_-_around_1550.jpg?utm_source=commons.wikimedia.org&utm_campaign=imageinfo&utm_content=thumbnail
power	权力	https://thumb.wikimedia.org/wikipedia/commons/thumb/1/14/Lynemouth_power_station.jpg/250px-Lynemouth_power_station.jpg?utm_source=commons.wikimedia.org&utm_campaign=imageinfo&utm_content=thumbnail
practical	实用	https://thumb.wikimedia.org/wikipedia/commons/thumb/b/b3/Practical_Designer_-_The_Stout_Form.jpg/120px-Practical_Designer_-_The_Stout_Form.jpg?utm_source=commons.wikimedia.org&utm_campaign=imageinfo&utm_content=thumbnail
practice	练习	https://thumb.wikimedia.org/wikipedia/commons/thumb/4/47/Briggate_Dental_Practice_-_Briggate_-_geograph.org.uk_-_1965232.jpg/250px-Briggate_Dental_Practice_-_Briggate_-_geograph.org.uk_-_1965232.jpg?utm_source=commons.wikimedia.org&utm_campaign=imageinfo&utm_content=thumbnail
practices	实践	https://thumb.wikimedia.org/wikipedia/commons/thumb/7/79/People_-_Doctor_--_Smart-Servier.png/120px-People_-_Doctor_--_Smart-Servier.png?utm_source=commons.wikimedia.org&utm_campaign=imageinfo&utm_content=thumbnail
precise	精确	https://thumb.wikimedia.org/wikipedia/commons/thumb/7/78/Inverie%2C_precise_measurements_-_geograph.org.uk_-_3288656.jpg/250px-Inverie%2C_precise_measurements_-_geograph.org.uk_-_3288656.jpg?utm_source=commons.wikimedia.org&utm_campaign=imageinfo&utm_content=thumbnail
precision	精确	https://thumb.wikimedia.org/wikipedia/commons/thumb/6/62/Precision_Bass_pickup.jpg/250px-Precision_Bass_pickup.jpg?utm_source=commons.wikimedia.org&utm_campaign=imageinfo&utm_content=thumbnail
predict	预测	https://thumb.wikimedia.org/wikipedia/commons/thumb/3/39/ChrisHorner_PredictorLotto_2007.jpg/250px-ChrisHorner_PredictorLotto_2007.jpg?utm_source=commons.wikimedia.org&utm_campaign=imageinfo&utm_content=thumbnail
predictable	可预测	https://thumb.wikimedia.org/wikipedia/commons/thumb/1/13/TrajGraph2.gif/250px-TrajGraph2.gif?utm_source=commons.wikimedia.org&utm_campaign=imageinfo&utm_content=thumbnail
prefer	优先	https://thumb.wikimedia.org/wikipedia/commons/thumb/7/7e/Ralph_Barton_1925_Gentlemen_Prefer_Blondes_Illustration_Paris.jpg/120px-Ralph_Barton_1925_Gentlemen_Prefer_Blondes_Illustration_Paris.jpg?utm_source=commons.wikimedia.org&utm_campaign=imageinfo&utm_content=thumbnail
preference	偏好	
preferences	偏好	https://thumb.wikimedia.org/wikipedia/commons/thumb/9/99/Audacity_Preferences_Screenshot2.png/120px-Audacity_Preferences_Screenshot2.png?utm_source=commons.wikimedia.org&utm_campaign=imageinfo&utm_content=thumbnail
prefers	优先	https://thumb.wikimedia.org/wikipedia/commons/thumb/a/a6/Dipole_xmting_antenna_animation_4_408x318x150ms.gif/250px-Dipole_xmting_antenna_animation_4_408x318x150ms.gif?utm_source=commons.wikimedia.org&utm_campaign=imageinfo&utm_content=thumbnail
prem	本地	https://thumb.wikimedia.org/wikipedia/commons/thumb/f/f1/Prem_Tinsulanoda_cropped.JPG/250px-Prem_Tinsulanoda_cropped.JPG?utm_source=commons.wikimedia.org&utm_campaign=imageinfo&utm_content=thumbnail
prep	准备	https://thumb.wikimedia.org/wikipedia/commons/thumb/3/3e/The_Drive_Prep_School_-_geograph.org.uk_-_281151.jpg/250px-The_Drive_Prep_School_-_geograph.org.uk_-_281151.jpg?utm_source=commons.wikimedia.org&utm_campaign=imageinfo&utm_content=thumbnail
prepare	准备	https://thumb.wikimedia.org/wikipedia/commons/thumb/b/b7/Prepare_to_meet_thy_doom%5E_-_geograph.org.uk_-_182449.jpg/250px-Prepare_to_meet_thy_doom%5E_-_geograph.org.uk_-_182449.jpg?utm_source=commons.wikimedia.org&utm_campaign=imageinfo&utm_content=thumbnail
prerequisites	前提	https://thumb.wikimedia.org/wikipedia/commons/thumb/7/79/Recurrent_ann_dependency_graph.png/250px-Recurrent_ann_dependency_graph.png?utm_source=commons.wikimedia.org&utm_campaign=imageinfo&utm_content=thumbnail
preserve	保留	https://thumb.wikimedia.org/wikipedia/commons/thumb/8/88/Bidston_Moss_Nature_Reserve-by-David-Quinn.jpg/250px-Bidston_Moss_Nature_Reserve-by-David-Quinn.jpg?utm_source=commons.wikimedia.org&utm_campaign=imageinfo&utm_content=thumbnail
preserves	保留	https://thumb.wikimedia.org/wikipedia/commons/thumb/8/88/Bidston_Moss_Nature_Reserve-by-David-Quinn.jpg/250px-Bidston_Moss_Nature_Reserve-by-David-Quinn.jpg?utm_source=commons.wikimedia.org&utm_campaign=imageinfo&utm_content=thumbnail
press	按	https://thumb.wikimedia.org/wikipedia/commons/thumb/0/01/Power_press_animation.gif/250px-Power_press_animation.gif?utm_source=commons.wikimedia.org&utm_campaign=imageinfo&utm_content=thumbnail
pressure	压力	https://thumb.wikimedia.org/wikipedia/commons/thumb/8/80/Tire_pressure_gauge.jpg/250px-Tire_pressure_gauge.jpg?utm_source=commons.wikimedia.org&utm_campaign=imageinfo&utm_content=thumbnail
prevent	防止	
prevented	已防止	https://thumb.wikimedia.org/wikipedia/commons/thumb/3/3c/One_destroyer_might_have_prevented_this_-_DPLA_-_f3b229371144f24f2929c06ed2ea9349.jpg/250px-One_destroyer_might_have_prevented_this_-_DPLA_-_f3b229371144f24f2929c06ed2ea9349.jpg?utm_source=commons.wikimedia.org&utm_campaign=imageinfo&utm_content=thumbnail
preview	预览	https://upload.wikimedia.org/wikipedia/commons/d/d9/Porky%27s_Preview_WB.jpg?utm_source=commons.wikimedia.org&utm_campaign=imageinfo&utm_content=thumbnail_unscaled
previews	预览	https://thumb.wikimedia.org/wikipedia/commons/thumb/c/c9/Arabic_numerals_Page_Previews_%28after_fix%29.png/250px-Arabic_numerals_Page_Previews_%28after_fix%29.png?utm_source=commons.wikimedia.org&utm_campaign=imageinfo&utm_content=thumbnail
price	价格	https://thumb.wikimedia.org/wikipedia/commons/thumb/1/1d/Vincent_Price_in_Laura_trailer-crop.jpg/250px-Vincent_Price_in_Laura_trailer-crop.jpg?utm_source=commons.wikimedia.org&utm_campaign=imageinfo&utm_content=thumbnail
prices	价格	https://thumb.wikimedia.org/wikipedia/commons/thumb/f/fe/Prices%2C_Old_Toll_House%2C_Barcombe_Mills_-_geograph.org.uk_-_151195.jpg/250px-Prices%2C_Old_Toll_House%2C_Barcombe_Mills_-_geograph.org.uk_-_151195.jpg?utm_source=commons.wikimedia.org&utm_campaign=imageinfo&utm_content=thumbnail
pricing	定价	https://thumb.wikimedia.org/wikipedia/commons/thumb/e/eb/TE-Pricing-WelfareAnalysis.png/250px-TE-Pricing-WelfareAnalysis.png?utm_source=commons.wikimedia.org&utm_campaign=imageinfo&utm_content=thumbnail
primary	主要	https://upload.wikimedia.org/wikipedia/commons/f/f1/Results_of_the_Alabama_Republican_primary%2C_2008.png?utm_source=commons.wikimedia.org&utm_campaign=imageinfo&utm_content=thumbnail_unscaled
print	打印	https://thumb.wikimedia.org/wikipedia/commons/thumb/c/c6/Christmas_Evans_%28print%29_NLW3361970.jpg/250px-Christmas_Evans_%28print%29_NLW3361970.jpg?utm_source=commons.wikimedia.org&utm_campaign=imageinfo&utm_content=thumbnail
priorities	优先事项	https://thumb.wikimedia.org/wikipedia/commons/thumb/3/34/Signpost_poll_4_%28GSoC_priorities%29.png/250px-Signpost_poll_4_%28GSoC_priorities%29.png?utm_source=commons.wikimedia.org&utm_campaign=imageinfo&utm_content=thumbnail
prioritize	优先	https://thumb.wikimedia.org/wikipedia/commons/thumb/b/b3/CLiKAPAD_Prioritizer_Audience_Response_Keypad.jpg/250px-CLiKAPAD_Prioritizer_Audience_Response_Keypad.jpg?utm_source=commons.wikimedia.org&utm_campaign=imageinfo&utm_content=thumbnail
prioritizes	优先	
priority	优先	https://thumb.wikimedia.org/wikipedia/commons/thumb/0/08/Priority_Seat_of_JR_215.JPG/250px-Priority_Seat_of_JR_215.JPG?utm_source=commons.wikimedia.org&utm_campaign=imageinfo&utm_content=thumbnail
privacy	隐私	https://upload.wikimedia.org/wikipedia/commons/8/8d/Privacy_threat_level2.jpg?utm_source=commons.wikimedia.org&utm_campaign=imageinfo&utm_content=thumbnail_unscaled
private	私有	https://thumb.wikimedia.org/wikipedia/commons/thumb/5/57/E2_route_map.png/250px-E2_route_map.png?utm_source=commons.wikimedia.org&utm_campaign=imageinfo&utm_content=thumbnail
privilege	特权	https://thumb.wikimedia.org/wikipedia/commons/thumb/b/b7/Privilege_-_geograph.org.uk_-_121718.jpg/250px-Privilege_-_geograph.org.uk_-_121718.jpg?utm_source=commons.wikimedia.org&utm_campaign=imageinfo&utm_content=thumbnail
privileged	特权	https://thumb.wikimedia.org/wikipedia/commons/thumb/0/02/General_Norton_Schwartz%2C_is_shown_a_garden_cultivated_by_privileged_compliant_captives_in_Camp_four.jpg/250px-General_Norton_Schwartz%2C_is_shown_a_garden_cultivated_by_privileged_compliant_captives_in_Camp_four.jpg?utm_source=commons.wikimedia.org&utm_campaign=imageinfo&utm_content=thumbnail
privileges	特权	https://thumb.wikimedia.org/wikipedia/commons/thumb/a/a8/Judi_Chamberlin_2000_From_Privileges_to_Rights.jpg/250px-Judi_Chamberlin_2000_From_Privileges_to_Rights.jpg?utm_source=commons.wikimedia.org&utm_campaign=imageinfo&utm_content=thumbnail
probes	探测	https://upload.wikimedia.org/wikipedia/commons/a/ab/TOAD_Probes_Figure_2.jpg?utm_source=commons.wikimedia.org&utm_campaign=imageinfo&utm_content=thumbnail_unscaled
problem	问题	https://thumb.wikimedia.org/wikipedia/commons/thumb/e/e9/Year_2038_problem.gif/250px-Year_2038_problem.gif?utm_source=commons.wikimedia.org&utm_campaign=imageinfo&utm_content=thumbnail
problems	问题	https://thumb.wikimedia.org/wikipedia/commons/thumb/0/02/Bettie_Lowenberg_%28Problems_Women_Solved%2C_1915%29.png/250px-Bettie_Lowenberg_%28Problems_Women_Solved%2C_1915%29.png?utm_source=commons.wikimedia.org&utm_campaign=imageinfo&utm_content=thumbnail
process	处理	https://thumb.wikimedia.org/wikipedia/commons/thumb/2/2a/Wiener_process_animated.gif/250px-Wiener_process_animated.gif?utm_source=commons.wikimedia.org&utm_campaign=imageinfo&utm_content=thumbnail
processes	流程	
processing	处理	https://upload.wikimedia.org/wikipedia/commons/5/5b/Processing-logo.png?utm_source=commons.wikimedia.org&utm_campaign=imageinfo&utm_content=thumbnail_unscaled
procurement	采购	https://thumb.wikimedia.org/wikipedia/commons/thumb/3/35/Procurement_Intelligence_Unit_%28PIU%29_logo.jpg/250px-Procurement_Intelligence_Unit_%28PIU%29_logo.jpg?utm_source=commons.wikimedia.org&utm_campaign=imageinfo&utm_content=thumbnail
producers	生产者	https://upload.wikimedia.org/wikipedia/commons/e/ee/Norman_Lear_%26_Terrie_Frankel_at_Producers_Guild_of_America_Awards_1998.jpg?utm_source=commons.wikimedia.org&utm_campaign=imageinfo&utm_content=thumbnail_unscaled
product	产品	https://thumb.wikimedia.org/wikipedia/commons/thumb/a/aa/Cross_product_animation.gif/250px-Cross_product_animation.gif?utm_source=commons.wikimedia.org&utm_campaign=imageinfo&utm_content=thumbnail
production	生产	https://thumb.wikimedia.org/wikipedia/commons/thumb/9/93/Resolution_Productions_-_Doha_-_Qatar_Production_Post_Production_Editing_Agency.jpg/250px-Resolution_Productions_-_Doha_-_Qatar_Production_Post_Production_Editing_Agency.jpg?utm_source=commons.wikimedia.org&utm_campaign=imageinfo&utm_content=thumbnail
productive	高效	https://thumb.wikimedia.org/wikipedia/commons/thumb/7/79/Economics_productive_and_allocative_efficiency.jpg/250px-Economics_productive_and_allocative_efficiency.jpg?utm_source=commons.wikimedia.org&utm_campaign=imageinfo&utm_content=thumbnail
productivity	生产力	https://thumb.wikimedia.org/wikipedia/commons/thumb/9/9e/Labor_productivity_growth_vs._real_wage_growth.png/250px-Labor_productivity_growth_vs._real_wage_growth.png?utm_source=commons.wikimedia.org&utm_campaign=imageinfo&utm_content=thumbnail
productize	产品化	https://thumb.wikimedia.org/wikipedia/commons/thumb/d/dc/Product-set.png/250px-Product-set.png?utm_source=commons.wikimedia.org&utm_campaign=imageinfo&utm_content=thumbnail
products	产品	https://thumb.wikimedia.org/wikipedia/commons/thumb/9/93/Sunbeam_Products_logo.png/250px-Sunbeam_Products_logo.png?utm_source=commons.wikimedia.org&utm_campaign=imageinfo&utm_content=thumbnail
professional	专业	https://thumb.wikimedia.org/wikipedia/commons/thumb/8/8e/Wilbur_Snyder_-_Chicago_Professional_Wrestling_-_26_April_1969_-_Chicago_Professional_Wrestling_-_26_April_1969_%28cropped%29.jpg/250px-Wilbur_Snyder_-_Chicago_Professional_Wrestling_-_26_April_1969_-_Chicago_Professional_Wrestling_-_26_April_1969_%28cropped%29.jpg?utm_source=commons.wikimedia.org&utm_campaign=imageinfo&utm_content=thumbnail
professionally	专业地	https://thumb.wikimedia.org/wikipedia/commons/thumb/d/dd/The_tailor%2C_Bryn-du_NLW3362636.jpg/250px-The_tailor%2C_Bryn-du_NLW3362636.jpg?utm_source=commons.wikimedia.org&utm_campaign=imageinfo&utm_content=thumbnail
profile	资料	https://thumb.wikimedia.org/wikipedia/commons/thumb/8/81/Fundraising_2009-profile-portrait-cs.png/250px-Fundraising_2009-profile-portrait-cs.png?utm_source=commons.wikimedia.org&utm_campaign=imageinfo&utm_content=thumbnail
program	程序	https://upload.wikimedia.org/wikipedia/commons/4/48/Piet_Program_Hello_World.gif?utm_source=commons.wikimedia.org&utm_campaign=imageinfo&utm_content=thumbnail_unscaled
programming	编程	https://thumb.wikimedia.org/wikipedia/commons/thumb/b/b7/Dragon_Curve_16_Iterations_R_programming_language.png/250px-Dragon_Curve_16_Iterations_R_programming_language.png?utm_source=commons.wikimedia.org&utm_campaign=imageinfo&utm_content=thumbnail
programs	项目	https://upload.wikimedia.org/wikipedia/commons/a/a0/SSP_Strategic_Systems_Programs_logo.png?utm_source=commons.wikimedia.org&utm_campaign=imageinfo&utm_content=thumbnail_unscaled
progress	进度	https://upload.wikimedia.org/wikipedia/commons/3/32/Progress_bar.png?utm_source=commons.wikimedia.org&utm_campaign=imageinfo&utm_content=thumbnail_unscaled
progressive	渐进	https://upload.wikimedia.org/wikipedia/commons/8/88/New_Progressive_Party_logo_20080317.jpg?utm_source=commons.wikimedia.org&utm_campaign=imageinfo&utm_content=thumbnail_unscaled
prohibited	禁止	https://thumb.wikimedia.org/wikipedia/commons/thumb/f/f9/Prohibited_activities_sign.jpg/250px-Prohibited_activities_sign.jpg?utm_source=commons.wikimedia.org&utm_campaign=imageinfo&utm_content=thumbnail
project	项目	https://thumb.wikimedia.org/wikipedia/commons/thumb/4/44/Project_2019.png/250px-Project_2019.png?utm_source=commons.wikimedia.org&utm_campaign=imageinfo&utm_content=thumbnail
projects	项目	https://thumb.wikimedia.org/wikipedia/commons/thumb/e/e7/Stefanie_Tompkins%2C_Director_of_US_Defense_Advanced_Research_Projects_Agency_%28DARPA%29.png/250px-Stefanie_Tompkins%2C_Director_of_US_Defense_Advanced_Research_Projects_Agency_%28DARPA%29.png?utm_source=commons.wikimedia.org&utm_campaign=imageinfo&utm_content=thumbnail
promised	已承诺	
promises	承诺	https://upload.wikimedia.org/wikipedia/commons/7/72/Promises%C2%AE.jpg?utm_source=commons.wikimedia.org&utm_campaign=imageinfo&utm_content=thumbnail_unscaled
promote	推广	https://thumb.wikimedia.org/wikipedia/commons/thumb/c/c0/Lunar_libration_with_phase2.gif/250px-Lunar_libration_with_phase2.gif?utm_source=commons.wikimedia.org&utm_campaign=imageinfo&utm_content=thumbnail
promotion	晋升	https://thumb.wikimedia.org/wikipedia/commons/thumb/e/e7/Standard_Chinese_promotion_school.jpg/250px-Standard_Chinese_promotion_school.jpg?utm_source=commons.wikimedia.org&utm_campaign=imageinfo&utm_content=thumbnail
prompt	提示	https://upload.wikimedia.org/wikipedia/commons/b/b8/Prompt.jpg?utm_source=commons.wikimedia.org&utm_campaign=imageinfo&utm_content=thumbnail_unscaled
promptly	及时地	https://upload.wikimedia.org/wikipedia/commons/b/b8/Prompt.jpg?utm_source=commons.wikimedia.org&utm_campaign=imageinfo&utm_content=thumbnail_unscaled
