word	zh	image
prompts	提示	https://upload.wikimedia.org/wikipedia/commons/b/b8/Prompt.jpg?utm_source=commons.wikimedia.org&utm_campaign=imageinfo&utm_content=thumbnail_unscaled
proof	证明	https://thumb.wikimedia.org/wikipedia/commons/thumb/6/60/Newtons_proof_of_Keplers_second_law.gif/250px-Newtons_proof_of_Keplers_second_law.gif?utm_source=commons.wikimedia.org&utm_campaign=imageinfo&utm_content=thumbnail
propagate	传播	https://thumb.wikimedia.org/wikipedia/commons/thumb/9/9d/OsiriX_Propagate.jpg/250px-OsiriX_Propagate.jpg?utm_source=commons.wikimedia.org&utm_campaign=imageinfo&utm_content=thumbnail
propagation	传播	https://thumb.wikimedia.org/wikipedia/commons/thumb/6/6f/VOACAP_HF_propagation_prediction.jpeg/250px-VOACAP_HF_propagation_prediction.jpeg?utm_source=commons.wikimedia.org&utm_campaign=imageinfo&utm_content=thumbnail
proper	适当	https://thumb.wikimedia.org/wikipedia/commons/thumb/7/77/Emblem_of_the_historical_province_of_Finland_Proper..png/250px-Emblem_of_the_historical_province_of_Finland_Proper..png?utm_source=commons.wikimedia.org&utm_campaign=imageinfo&utm_content=thumbnail
proposals	提案	
proposes	提出	https://thumb.wikimedia.org/wikipedia/commons/thumb/e/e2/Mack_Bernard_proposes_a_question_regarding_a_proposed_measure_introduced_on_the_House.png/250px-Mack_Bernard_proposes_a_question_regarding_a_proposed_measure_introduced_on_the_House.png?utm_source=commons.wikimedia.org&utm_campaign=imageinfo&utm_content=thumbnail
protect	保护	https://thumb.wikimedia.org/wikipedia/commons/thumb/1/19/Chinese_stone_lion_at_the_entrance_to_the_Potala_Pallace.jpg/250px-Chinese_stone_lion_at_the_entrance_to_the_Potala_Pallace.jpg?utm_source=commons.wikimedia.org&utm_campaign=imageinfo&utm_content=thumbnail
protection	保护	https://thumb.wikimedia.org/wikipedia/commons/thumb/2/29/KSMap-doton-Protection.png/250px-KSMap-doton-Protection.png?utm_source=commons.wikimedia.org&utm_campaign=imageinfo&utm_content=thumbnail
protects	保护	https://thumb.wikimedia.org/wikipedia/commons/thumb/1/19/Chinese_stone_lion_at_the_entrance_to_the_Potala_Pallace.jpg/250px-Chinese_stone_lion_at_the_entrance_to_the_Potala_Pallace.jpg?utm_source=commons.wikimedia.org&utm_campaign=imageinfo&utm_content=thumbnail
protocols	协议	https://thumb.wikimedia.org/wikipedia/commons/thumb/b/b3/Protocols_KL08.jpg/250px-Protocols_KL08.jpg?utm_source=commons.wikimedia.org&utm_campaign=imageinfo&utm_content=thumbnail
prototype	原型	https://thumb.wikimedia.org/wikipedia/commons/thumb/4/4c/A_prototype_wet_chemistry_beaker.jpg/250px-A_prototype_wet_chemistry_beaker.jpg?utm_source=commons.wikimedia.org&utm_campaign=imageinfo&utm_content=thumbnail
prototypes	原型	https://thumb.wikimedia.org/wikipedia/commons/thumb/e/ef/Smart_Prototypes_2016.jpg/250px-Smart_Prototypes_2016.jpg?utm_source=commons.wikimedia.org&utm_campaign=imageinfo&utm_content=thumbnail
prove	证明	https://upload.wikimedia.org/wikipedia/commons/a/a2/ProveIt.png?utm_source=commons.wikimedia.org&utm_campaign=imageinfo&utm_content=thumbnail_unscaled
proven	已证明	https://thumb.wikimedia.org/wikipedia/commons/thumb/c/cf/Proven_6_Kw_15M_Turbine_at_Skeffling_Village_Hall_-_geograph.org.uk_-_344074.jpg/250px-Proven_6_Kw_15M_Turbine_at_Skeffling_Village_Hall_-_geograph.org.uk_-_344074.jpg?utm_source=commons.wikimedia.org&utm_campaign=imageinfo&utm_content=thumbnail
provide	提供	https://thumb.wikimedia.org/wikipedia/commons/thumb/3/35/Operation_Provide_Relief.Rules_of_Engagement.jpg/250px-Operation_Provide_Relief.Rules_of_Engagement.jpg?utm_source=commons.wikimedia.org&utm_campaign=imageinfo&utm_content=thumbnail
provider	提供方	
providers	提供方	https://upload.wikimedia.org/wikipedia/commons/a/a8/UK_tv_pay_vs_free_providers_q2_2009.png?utm_source=commons.wikimedia.org&utm_campaign=imageinfo&utm_content=thumbnail_unscaled
proxy	代理	https://thumb.wikimedia.org/wikipedia/commons/thumb/e/e1/Proxy_Pendant.png/250px-Proxy_Pendant.png?utm_source=commons.wikimedia.org&utm_campaign=imageinfo&utm_content=thumbnail
psychological	心理	https://thumb.wikimedia.org/wikipedia/commons/thumb/0/03/Taichung_County_Mental_Health_Center_20070613.jpg/250px-Taichung_County_Mental_Health_Center_20070613.jpg?utm_source=commons.wikimedia.org&utm_campaign=imageinfo&utm_content=thumbnail
public	公共	https://thumb.wikimedia.org/wikipedia/commons/thumb/d/dd/Derby_Baths%2C_Wallasey%2C_Harvester_public_house.jpg/250px-Derby_Baths%2C_Wallasey%2C_Harvester_public_house.jpg?utm_source=commons.wikimedia.org&utm_campaign=imageinfo&utm_content=thumbnail
publicly	公开地	https://thumb.wikimedia.org/wikipedia/commons/thumb/8/8e/Wpdms_shdrlfi020l_tehachapi_mountains.jpg/250px-Wpdms_shdrlfi020l_tehachapi_mountains.jpg?utm_source=commons.wikimedia.org&utm_campaign=imageinfo&utm_content=thumbnail
publish	发布	https://upload.wikimedia.org/wikipedia/commons/1/10/Publish_changes.png?utm_source=commons.wikimedia.org&utm_campaign=imageinfo&utm_content=thumbnail_unscaled
published	已发布	https://upload.wikimedia.org/wikipedia/commons/5/5e/Pictogram_infobox_palace.png?utm_source=commons.wikimedia.org&utm_campaign=imageinfo&utm_content=thumbnail_unscaled
publishing	发布	https://upload.wikimedia.org/wikipedia/commons/5/56/DU_Publishing_Institite.jpg?utm_source=commons.wikimedia.org&utm_campaign=imageinfo&utm_content=thumbnail_unscaled
pull	拉取	https://upload.wikimedia.org/wikipedia/commons/2/20/Cricket_Grip_fast.png?utm_source=commons.wikimedia.org&utm_campaign=imageinfo&utm_content=thumbnail_unscaled
punish	惩罚	https://upload.wikimedia.org/wikipedia/commons/0/0c/Sandro_Botticelli%2CThe_Punishment_of_Korah_%28detail_7%29.JPG?utm_source=commons.wikimedia.org&utm_campaign=imageinfo&utm_content=thumbnail_unscaled
puppets	傀儡	https://upload.wikimedia.org/wikipedia/commons/b/b4/Marcus_clarke_puppeteer_talking_with_his_Puppets.JPG?utm_source=commons.wikimedia.org&utm_campaign=imageinfo&utm_content=thumbnail_unscaled
purchase	购买	https://thumb.wikimedia.org/wikipedia/commons/thumb/6/60/Zac-purchase-july2011.jpg/250px-Zac-purchase-july2011.jpg?utm_source=commons.wikimedia.org&utm_campaign=imageinfo&utm_content=thumbnail
purchased	已购买	https://upload.wikimedia.org/wikipedia/commons/6/66/Purchasing_Power_of_Money_12.1_.gif?utm_source=commons.wikimedia.org&utm_campaign=imageinfo&utm_content=thumbnail_unscaled
purge	清除	https://thumb.wikimedia.org/wikipedia/commons/thumb/f/fc/Great_Purge_Stalin_Voroshilov_Kaganovich_Zhdanov_Molotov.jpg/250px-Great_Purge_Stalin_Voroshilov_Kaganovich_Zhdanov_Molotov.jpg?utm_source=commons.wikimedia.org&utm_campaign=imageinfo&utm_content=thumbnail
purple	紫色	https://thumb.wikimedia.org/wikipedia/commons/thumb/a/a6/Type_97_-_Purple.jpg/250px-Type_97_-_Purple.jpg?utm_source=commons.wikimedia.org&utm_campaign=imageinfo&utm_content=thumbnail
purpose	目的	https://thumb.wikimedia.org/wikipedia/commons/thumb/2/2b/Engage_with_purpose_%281%29.jpg/250px-Engage_with_purpose_%281%29.jpg?utm_source=commons.wikimedia.org&utm_campaign=imageinfo&utm_content=thumbnail
purposeful	有目的	https://thumb.wikimedia.org/wikipedia/commons/thumb/a/af/One_World_Trade_Center_-_purposeful_shape_of_the_building.png/120px-One_World_Trade_Center_-_purposeful_shape_of_the_building.png?utm_source=commons.wikimedia.org&utm_campaign=imageinfo&utm_content=thumbnail
push	推送	https://thumb.wikimedia.org/wikipedia/commons/thumb/4/40/Randy%27s_Push-Ups.jpg/250px-Randy%27s_Push-Ups.jpg?utm_source=commons.wikimedia.org&utm_campaign=imageinfo&utm_content=thumbnail
pushes	推送	https://thumb.wikimedia.org/wikipedia/commons/thumb/4/40/Randy%27s_Push-Ups.jpg/250px-Randy%27s_Push-Ups.jpg?utm_source=commons.wikimedia.org&utm_campaign=imageinfo&utm_content=thumbnail
pushing	推动	https://thumb.wikimedia.org/wikipedia/commons/thumb/4/40/Randy%27s_Push-Ups.jpg/250px-Randy%27s_Push-Ups.jpg?utm_source=commons.wikimedia.org&utm_campaign=imageinfo&utm_content=thumbnail
put	放置	
puts	放置	https://thumb.wikimedia.org/wikipedia/commons/thumb/9/99/Calshot%2C_Lomax_puts_on_a_display_%282%29_-_geograph.org.uk_-_4070076.jpg/250px-Calshot%2C_Lomax_puts_on_a_display_%282%29_-_geograph.org.uk_-_4070076.jpg?utm_source=commons.wikimedia.org&utm_campaign=imageinfo&utm_content=thumbnail
qbr	季度评审	https://thumb.wikimedia.org/wikipedia/commons/thumb/1/13/Michelle_Malkin_1.JPG/250px-Michelle_Malkin_1.JPG?utm_source=commons.wikimedia.org&utm_campaign=imageinfo&utm_content=thumbnail
qualified	合格	https://thumb.wikimedia.org/wikipedia/commons/thumb/a/a6/2012_CAN_Qualified_Countries.png/250px-2012_CAN_Qualified_Countries.png?utm_source=commons.wikimedia.org&utm_campaign=imageinfo&utm_content=thumbnail
qualify	符合	https://thumb.wikimedia.org/wikipedia/commons/thumb/4/48/2006_FIFA_World_Cup_qualification_Africa.png/250px-2006_FIFA_World_Cup_qualification_Africa.png?utm_source=commons.wikimedia.org&utm_campaign=imageinfo&utm_content=thumbnail
qualitative	定性	https://thumb.wikimedia.org/wikipedia/commons/thumb/c/cb/Qualitative_vs_quantitative.gif/250px-Qualitative_vs_quantitative.gif?utm_source=commons.wikimedia.org&utm_campaign=imageinfo&utm_content=thumbnail
quality	质量	https://thumb.wikimedia.org/wikipedia/commons/thumb/2/2c/Putin_influence_on_Quality_of_life_2007_BBC_poll.PNG/250px-Putin_influence_on_Quality_of_life_2007_BBC_poll.PNG?utm_source=commons.wikimedia.org&utm_campaign=imageinfo&utm_content=thumbnail
quantify	量化	https://upload.wikimedia.org/wikipedia/commons/8/85/NCAM.png?utm_source=commons.wikimedia.org&utm_campaign=imageinfo&utm_content=thumbnail_unscaled
quantitative	定量	https://thumb.wikimedia.org/wikipedia/commons/thumb/2/29/Quantitative_symbol_for_information_and_infodynamics.jpg/250px-Quantitative_symbol_for_information_and_infodynamics.jpg?utm_source=commons.wikimedia.org&utm_campaign=imageinfo&utm_content=thumbnail
quantity	数量	https://thumb.wikimedia.org/wikipedia/commons/thumb/e/ef/Quantity_survey_1.jpg/120px-Quantity_survey_1.jpg?utm_source=commons.wikimedia.org&utm_campaign=imageinfo&utm_content=thumbnail
queries	查询	https://thumb.wikimedia.org/wikipedia/commons/thumb/a/a5/John_MacLean_%281748-1851%29_in_Scottish_Notes_and_Queries_%281906%29.png/120px-John_MacLean_%281748-1851%29_in_Scottish_Notes_and_Queries_%281906%29.png?utm_source=commons.wikimedia.org&utm_campaign=imageinfo&utm_content=thumbnail
query	查询	
question	问题	https://upload.wikimedia.org/wikipedia/commons/c/cc/Question_mark.jpg?utm_source=commons.wikimedia.org&utm_campaign=imageinfo&utm_content=thumbnail_unscaled
questionnaires	问卷	https://thumb.wikimedia.org/wikipedia/commons/thumb/f/f8/Zaid_questionnaire.jpg/250px-Zaid_questionnaire.jpg?utm_source=commons.wikimedia.org&utm_campaign=imageinfo&utm_content=thumbnail
questions	问题	https://thumb.wikimedia.org/wikipedia/commons/thumb/d/db/Open_ended_questions_symbol.png/250px-Open_ended_questions_symbol.png?utm_source=commons.wikimedia.org&utm_campaign=imageinfo&utm_content=thumbnail
queue	队列	https://upload.wikimedia.org/wikipedia/commons/c/c2/Dsa_queue_from_2_stacks_init.png?utm_source=commons.wikimedia.org&utm_campaign=imageinfo&utm_content=thumbnail_unscaled
queues	队列	https://upload.wikimedia.org/wikipedia/commons/c/c2/Dsa_queue_from_2_stacks_init.png?utm_source=commons.wikimedia.org&utm_campaign=imageinfo&utm_content=thumbnail_unscaled
quickly	快速	https://thumb.wikimedia.org/wikipedia/commons/thumb/e/ed/How_quickly_a_path_can_change_-_geograph.org.uk_-_1238028.jpg/250px-How_quickly_a_path_can_change_-_geograph.org.uk_-_1238028.jpg?utm_source=commons.wikimedia.org&utm_campaign=imageinfo&utm_content=thumbnail
quiet	安静	https://thumb.wikimedia.org/wikipedia/commons/thumb/7/71/Cong_-_%22The_Quiet_Man%22_Cottage_Museum_-_geograph.org.uk_-_1629445.jpg/250px-Cong_-_%22The_Quiet_Man%22_Cottage_Museum_-_geograph.org.uk_-_1629445.jpg?utm_source=commons.wikimedia.org&utm_campaign=imageinfo&utm_content=thumbnail
quota	配额	https://thumb.wikimedia.org/wikipedia/commons/thumb/7/76/Quota_diagram.jpg/250px-Quota_diagram.jpg?utm_source=commons.wikimedia.org&utm_campaign=imageinfo&utm_content=thumbnail
quotas	配额	https://thumb.wikimedia.org/wikipedia/commons/thumb/e/e4/Hare_quota_scenario_2.jpg/250px-Hare_quota_scenario_2.jpg?utm_source=commons.wikimedia.org&utm_campaign=imageinfo&utm_content=thumbnail
quotes	引用	https://upload.wikimedia.org/wikipedia/commons/9/9a/Reversed_double_quotes_large_left.png?utm_source=commons.wikimedia.org&utm_campaign=imageinfo&utm_content=thumbnail_unscaled
raci	RACI	
raise	提出	https://thumb.wikimedia.org/wikipedia/commons/thumb/4/42/Raise_Beck_-_geograph.org.uk_-_1063230.jpg/250px-Raise_Beck_-_geograph.org.uk_-_1063230.jpg?utm_source=commons.wikimedia.org&utm_campaign=imageinfo&utm_content=thumbnail
raises	提出	https://upload.wikimedia.org/wikipedia/commons/6/69/Smith-machine-reverse-calf-raises-2.gif?utm_source=commons.wikimedia.org&utm_campaign=imageinfo&utm_content=thumbnail_unscaled
ranges	范围	https://thumb.wikimedia.org/wikipedia/commons/thumb/a/a9/Ash_Ranges_-_geograph.org.uk_-_1863570.jpg/250px-Ash_Ranges_-_geograph.org.uk_-_1863570.jpg?utm_source=commons.wikimedia.org&utm_campaign=imageinfo&utm_content=thumbnail
ranking	排名	https://thumb.wikimedia.org/wikipedia/commons/thumb/8/89/Project_reuse_ranking_apache_commons_library.png/250px-Project_reuse_ranking_apache_commons_library.png?utm_source=commons.wikimedia.org&utm_campaign=imageinfo&utm_content=thumbnail
rare	罕见	https://thumb.wikimedia.org/wikipedia/commons/thumb/1/17/Rare_tree_-_geograph.org.uk_-_816190.jpg/250px-Rare_tree_-_geograph.org.uk_-_816190.jpg?utm_source=commons.wikimedia.org&utm_campaign=imageinfo&utm_content=thumbnail
rate	速率	https://thumb.wikimedia.org/wikipedia/commons/thumb/2/24/U.S._incarceration_rate_by_race.gif/250px-U.S._incarceration_rate_by_race.gif?utm_source=commons.wikimedia.org&utm_campaign=imageinfo&utm_content=thumbnail
rates	费率	https://thumb.wikimedia.org/wikipedia/commons/thumb/6/61/Uk%C3%A1zkov%C3%BD_p%C5%99%C3%ADklad.jpg/120px-Uk%C3%A1zkov%C3%BD_p%C5%99%C3%ADklad.jpg?utm_source=commons.wikimedia.org&utm_campaign=imageinfo&utm_content=thumbnail
rather	而	https://upload.wikimedia.org/wikipedia/commons/e/e3/Dan_Rather_2006-04-25.jpg?utm_source=commons.wikimedia.org&utm_campaign=imageinfo&utm_content=thumbnail_unscaled
raw	原始	https://thumb.wikimedia.org/wikipedia/commons/thumb/c/c9/Monday_Night_RAW_Live.jpg/250px-Monday_Night_RAW_Live.jpg?utm_source=commons.wikimedia.org&utm_campaign=imageinfo&utm_content=thumbnail
re	再	
reach	到达	https://thumb.wikimedia.org/wikipedia/commons/thumb/3/36/St_Leonard%27s%2C_Heath_%5E_Reach-_font_-_geograph.org.uk_-_2594123.jpg/250px-St_Leonard%27s%2C_Heath_%5E_Reach-_font_-_geograph.org.uk_-_2594123.jpg?utm_source=commons.wikimedia.org&utm_campaign=imageinfo&utm_content=thumbnail
read	阅读	
readable	可读	https://upload.wikimedia.org/wikipedia/commons/e/ed/Text_readable_only_at_low_zoom_example.png?utm_source=commons.wikimedia.org&utm_campaign=imageinfo&utm_content=thumbnail_unscaled
readers	读者	https://thumb.wikimedia.org/wikipedia/commons/thumb/3/32/Readers_Corner_-_geograph.org.uk_-_384373.jpg/250px-Readers_Corner_-_geograph.org.uk_-_384373.jpg?utm_source=commons.wikimedia.org&utm_campaign=imageinfo&utm_content=thumbnail
readiness	就绪	https://thumb.wikimedia.org/wikipedia/commons/thumb/e/e2/96th_Logistics_Readiness_Squadron.png/250px-96th_Logistics_Readiness_Squadron.png?utm_source=commons.wikimedia.org&utm_campaign=imageinfo&utm_content=thumbnail
reading	阅读	https://thumb.wikimedia.org/wikipedia/commons/thumb/3/31/Archway_at_Reading_Abbey_-_geograph.org.uk_-_1288898.jpg/250px-Archway_at_Reading_Abbey_-_geograph.org.uk_-_1288898.jpg?utm_source=commons.wikimedia.org&utm_campaign=imageinfo&utm_content=thumbnail
readings	读数	https://thumb.wikimedia.org/wikipedia/commons/thumb/d/d9/Station_Road_-_Reading_-_geograph.org.uk_-_2355206.jpg/250px-Station_Road_-_Reading_-_geograph.org.uk_-_2355206.jpg?utm_source=commons.wikimedia.org&utm_campaign=imageinfo&utm_content=thumbnail
readme	README	https://upload.wikimedia.org/wikipedia/commons/7/7c/Fairytale_readme.png?utm_source=commons.wikimedia.org&utm_campaign=imageinfo&utm_content=thumbnail_unscaled
reads	阅读	https://thumb.wikimedia.org/wikipedia/commons/thumb/d/d5/Ezra_Reads_the_Law_l.jpg/120px-Ezra_Reads_the_Law_l.jpg?utm_source=commons.wikimedia.org&utm_campaign=imageinfo&utm_content=thumbnail
ready	就绪	https://thumb.wikimedia.org/wikipedia/commons/thumb/e/ea/CAPT._PEGGY_E._READY%2C_COMMANDER%2C_WAC_DETACHMENT%2C_VIETNAM%2C_and_Lt._Gen._Jean_E._Engler%2C_Deputy_Commander%2C_U.S._Army%2C_Vietnam%2C_cut_the_ribbon_opening_the_new_WAC_barracks_area%2C_January_1967..jpg/250px-thumbnail.jpg?utm_source=commons.wikimedia.org&utm_campaign=imageinfo&utm_content=thumbnail
real	真实	https://upload.wikimedia.org/wikipedia/commons/3/3a/Logo_of_Real%2C_Quezon.png?utm_source=commons.wikimedia.org&utm_campaign=imageinfo&utm_content=thumbnail_unscaled
realistic	现实	https://thumb.wikimedia.org/wikipedia/commons/thumb/3/34/Realistic_rogue_wave_model_%28small%29.gif/250px-Realistic_rogue_wave_model_%28small%29.gif?utm_source=commons.wikimedia.org&utm_campaign=imageinfo&utm_content=thumbnail
reality	现实	https://thumb.wikimedia.org/wikipedia/commons/thumb/0/06/Reality_Checkpoint_-_geograph.org.uk_-_3943326.jpg/250px-Reality_Checkpoint_-_geograph.org.uk_-_3943326.jpg?utm_source=commons.wikimedia.org&utm_campaign=imageinfo&utm_content=thumbnail
reasonable	合理	https://thumb.wikimedia.org/wikipedia/commons/thumb/9/96/Joan_Fontaine_in_Beyond_A_Reasonable_Doubt_trailer.JPG/250px-Joan_Fontaine_in_Beyond_A_Reasonable_Doubt_trailer.JPG?utm_source=commons.wikimedia.org&utm_campaign=imageinfo&utm_content=thumbnail
reasons	原因	https://thumb.wikimedia.org/wikipedia/commons/thumb/a/ac/One_of_the_reasons_-_geograph.org.uk_-_739609.jpg/250px-One_of_the_reasons_-_geograph.org.uk_-_739609.jpg?utm_source=commons.wikimedia.org&utm_campaign=imageinfo&utm_content=thumbnail
rebalance	再平衡	https://thumb.wikimedia.org/wikipedia/commons/thumb/5/5e/Rebalance.png/250px-Rebalance.png?utm_source=commons.wikimedia.org&utm_campaign=imageinfo&utm_content=thumbnail
rebase	变基	https://thumb.wikimedia.org/wikipedia/commons/thumb/4/45/Participant_at_Wikimedia_Hackerthon_2024_at_Rebase_Code_Camp.jpg/250px-Participant_at_Wikimedia_Hackerthon_2024_at_Rebase_Code_Camp.jpg?utm_source=commons.wikimedia.org&utm_campaign=imageinfo&utm_content=thumbnail
rebid	重新投标	
rebuild	重建	https://thumb.wikimedia.org/wikipedia/commons/thumb/0/02/Ivan_Veliky_rebuild_draft%2C_Giliardi%2C_1815_%282%29.jpg/120px-Ivan_Veliky_rebuild_draft%2C_Giliardi%2C_1815_%282%29.jpg?utm_source=commons.wikimedia.org&utm_campaign=imageinfo&utm_content=thumbnail
rebuilds	重建	https://thumb.wikimedia.org/wikipedia/commons/thumb/f/fc/Rebuilding_Bristol_Bus_Station_-_geograph.org.uk_-_133472.jpg/250px-Rebuilding_Bristol_Bus_Station_-_geograph.org.uk_-_133472.jpg?utm_source=commons.wikimedia.org&utm_campaign=imageinfo&utm_content=thumbnail
recall	召回	https://thumb.wikimedia.org/wikipedia/commons/thumb/4/43/Recall.png/250px-Recall.png?utm_source=commons.wikimedia.org&utm_campaign=imageinfo&utm_content=thumbnail
receipt	收据	https://thumb.wikimedia.org/wikipedia/commons/thumb/c/c6/Tchotchke_receipt.jpg/120px-Tchotchke_receipt.jpg?utm_source=commons.wikimedia.org&utm_campaign=imageinfo&utm_content=thumbnail
receipts	收据	
receivable	应收	https://upload.wikimedia.org/wikipedia/commons/5/58/Quick_Receivable.png?utm_source=commons.wikimedia.org&utm_campaign=imageinfo&utm_content=thumbnail_unscaled
receive	接收	https://thumb.wikimedia.org/wikipedia/commons/thumb/9/9b/Secretary_Fudge_Announces_Chicago_will_Receive_Grant_to_Fight_Homelessness_%2852676677898%29_%28cropped%29.jpg/250px-Secretary_Fudge_Announces_Chicago_will_Receive_Grant_to_Fight_Homelessness_%2852676677898%29_%28cropped%29.jpg?utm_source=commons.wikimedia.org&utm_campaign=imageinfo&utm_content=thumbnail
received	已接收	https://thumb.wikimedia.org/wikipedia/commons/thumb/6/65/Received_Payment_%281922%29_-_1.jpg/250px-Received_Payment_%281922%29_-_1.jpg?utm_source=commons.wikimedia.org&utm_campaign=imageinfo&utm_content=thumbnail
receives	接收	https://thumb.wikimedia.org/wikipedia/commons/thumb/e/ee/Akbar_receives_an_embassy_sent_by_Queen_Elizabeth.jpg/250px-Akbar_receives_an_embassy_sent_by_Queen_Elizabeth.jpg?utm_source=commons.wikimedia.org&utm_campaign=imageinfo&utm_content=thumbnail
receiving	接收	https://thumb.wikimedia.org/wikipedia/commons/thumb/f/f4/Receiving_Hopper_-_geograph.org.uk.jpg/250px-Receiving_Hopper_-_geograph.org.uk.jpg?utm_source=commons.wikimedia.org&utm_campaign=imageinfo&utm_content=thumbnail
recent	最近	https://thumb.wikimedia.org/wikipedia/commons/thumb/b/b0/Recent_changes_mobile_mockups_-_Highlighting_results.png/120px-Recent_changes_mobile_mockups_-_Highlighting_results.png?utm_source=commons.wikimedia.org&utm_campaign=imageinfo&utm_content=thumbnail
recenter	重新居中	https://thumb.wikimedia.org/wikipedia/commons/thumb/f/fd/National_Park_Service_9-11_Statue_of_Liberty_and_WTC_fire.jpg/250px-National_Park_Service_9-11_Statue_of_Liberty_and_WTC_fire.jpg?utm_source=commons.wikimedia.org&utm_campaign=imageinfo&utm_content=thumbnail
reception	前台	https://thumb.wikimedia.org/wikipedia/commons/thumb/f/f5/Office_reception_area.jpg/250px-Office_reception_area.jpg?utm_source=commons.wikimedia.org&utm_campaign=imageinfo&utm_content=thumbnail
recharge	充电	https://thumb.wikimedia.org/wikipedia/commons/thumb/0/02/Shell_Recharge_logo.png/250px-Shell_Recharge_logo.png?utm_source=commons.wikimedia.org&utm_campaign=imageinfo&utm_content=thumbnail
recipients	收件人	https://thumb.wikimedia.org/wikipedia/commons/thumb/5/5d/Bournemouth%2C_big_bin%2C_little_bin_-_geograph.org.uk_-_688300.jpg/250px-Bournemouth%2C_big_bin%2C_little_bin_-_geograph.org.uk_-_688300.jpg?utm_source=commons.wikimedia.org&utm_campaign=imageinfo&utm_content=thumbnail
recognition	认可	
recognize	识别	https://thumb.wikimedia.org/wikipedia/commons/thumb/f/fd/Recognition_aghsaghloo.jpg/250px-Recognition_aghsaghloo.jpg?utm_source=commons.wikimedia.org&utm_campaign=imageinfo&utm_content=thumbnail
recommend	推荐	https://thumb.wikimedia.org/wikipedia/commons/thumb/e/e7/EMERGENCY_HAND_SIGNALS_%28EU%29-Recommend_evacuation-01_ASD.jpg/250px-EMERGENCY_HAND_SIGNALS_%28EU%29-Recommend_evacuation-01_ASD.jpg?utm_source=commons.wikimedia.org&utm_campaign=imageinfo&utm_content=thumbnail
recommendation	推荐	https://thumb.wikimedia.org/wikipedia/commons/thumb/9/9e/Movement_Strategy_recommendations_published.png/250px-Movement_Strategy_recommendations_published.png?utm_source=commons.wikimedia.org&utm_campaign=imageinfo&utm_content=thumbnail
recommendations	推荐	https://thumb.wikimedia.org/wikipedia/commons/thumb/9/9e/Movement_Strategy_recommendations_published.png/250px-Movement_Strategy_recommendations_published.png?utm_source=commons.wikimedia.org&utm_campaign=imageinfo&utm_content=thumbnail
reconcile	核对	https://thumb.wikimedia.org/wikipedia/commons/thumb/9/9e/Screen_Shot_for_open_refine_reconcile_feature.png/250px-Screen_Shot_for_open_refine_reconcile_feature.png?utm_source=commons.wikimedia.org&utm_campaign=imageinfo&utm_content=thumbnail
record	记录	https://thumb.wikimedia.org/wikipedia/commons/thumb/a/a2/Record.jpg/250px-Record.jpg?utm_source=commons.wikimedia.org&utm_campaign=imageinfo&utm_content=thumbnail
recording	录音	https://thumb.wikimedia.org/wikipedia/commons/thumb/f/ff/Recording-studio_control-room.jpg/250px-Recording-studio_control-room.jpg?utm_source=commons.wikimedia.org&utm_campaign=imageinfo&utm_content=thumbnail
recordings	录音	https://upload.wikimedia.org/wikipedia/commons/b/bd/PIAS_Recordings_logo.png?utm_source=commons.wikimedia.org&utm_campaign=imageinfo&utm_content=thumbnail_unscaled
records	记录	https://thumb.wikimedia.org/wikipedia/commons/thumb/7/72/32_Records_company_logo.jpg/250px-32_Records_company_logo.jpg?utm_source=commons.wikimedia.org&utm_campaign=imageinfo&utm_content=thumbnail
recovery	恢复	https://thumb.wikimedia.org/wikipedia/commons/thumb/3/35/RECOVERY_Trial_Dexamethasone_Unassisted.jpg/250px-RECOVERY_Trial_Dexamethasone_Unassisted.jpg?utm_source=commons.wikimedia.org&utm_campaign=imageinfo&utm_content=thumbnail
recreate	重建	
recruit	招聘	https://thumb.wikimedia.org/wikipedia/commons/thumb/d/d6/China_-_Flags_of_All_Nations_-_Recruit_Little_Cigars_-_%281909-1911%29_02.jpg/250px-China_-_Flags_of_All_Nations_-_Recruit_Little_Cigars_-_%281909-1911%29_02.jpg?utm_source=commons.wikimedia.org&utm_campaign=imageinfo&utm_content=thumbnail
recuse	回避	
red	红	https://thumb.wikimedia.org/wikipedia/commons/thumb/4/41/Paris_Manga_2010_-_Red_eyes_%28cropped%29.jpg/250px-Paris_Manga_2010_-_Red_eyes_%28cropped%29.jpg?utm_source=commons.wikimedia.org&utm_campaign=imageinfo&utm_content=thumbnail
redemption	兑换	https://upload.wikimedia.org/wikipedia/commons/2/2e/Blackie%27s_Redemption_1919.jpg?utm_source=commons.wikimedia.org&utm_campaign=imageinfo&utm_content=thumbnail_unscaled
redemptions	兑换	https://upload.wikimedia.org/wikipedia/commons/2/2e/Blackie%27s_Redemption_1919.jpg?utm_source=commons.wikimedia.org&utm_campaign=imageinfo&utm_content=thumbnail_unscaled
reduce	减少	https://thumb.wikimedia.org/wikipedia/commons/thumb/d/d7/Reduce%2C_Reuse%2C_Recycle_-_geograph.org.uk_-_395212.jpg/250px-Reduce%2C_Reuse%2C_Recycle_-_geograph.org.uk_-_395212.jpg?utm_source=commons.wikimedia.org&utm_campaign=imageinfo&utm_content=thumbnail
reduced	已减少	https://thumb.wikimedia.org/wikipedia/commons/thumb/f/f8/384px-3SAT_reduced_too_VC_svg.png/250px-384px-3SAT_reduced_too_VC_svg.png?utm_source=commons.wikimedia.org&utm_campaign=imageinfo&utm_content=thumbnail
reduces	减少	https://thumb.wikimedia.org/wikipedia/commons/thumb/6/63/Corsaire_-Piano_Reduction_Cover.JPG/250px-Corsaire_-Piano_Reduction_Cover.JPG?utm_source=commons.wikimedia.org&utm_campaign=imageinfo&utm_content=thumbnail
reduction	减少	https://thumb.wikimedia.org/wikipedia/commons/thumb/6/63/Corsaire_-Piano_Reduction_Cover.JPG/250px-Corsaire_-Piano_Reduction_Cover.JPG?utm_source=commons.wikimedia.org&utm_campaign=imageinfo&utm_content=thumbnail
reengagement	再参与	https://thumb.wikimedia.org/wikipedia/commons/thumb/9/9c/James_Duderstadt_at_NSB_open_session.jpg/250px-James_Duderstadt_at_NSB_open_session.jpg?utm_source=commons.wikimedia.org&utm_campaign=imageinfo&utm_content=thumbnail
reference	参考	
referral	转介	https://upload.wikimedia.org/wikipedia/commons/a/a3/Pharmacies_take_part_in_TB_referral_services_with_the_support_of_a_USAID_program_%286861660102%29.jpg?utm_source=commons.wikimedia.org&utm_campaign=imageinfo&utm_content=thumbnail_unscaled
reflect	反映	https://thumb.wikimedia.org/wikipedia/commons/thumb/c/c9/Reflect_in_God_-_geograph.org.uk_-_241024.jpg/250px-Reflect_in_God_-_geograph.org.uk_-_241024.jpg?utm_source=commons.wikimedia.org&utm_campaign=imageinfo&utm_content=thumbnail
refresh	刷新	https://thumb.wikimedia.org/wikipedia/commons/thumb/4/48/Refresh_scan.jpg/250px-Refresh_scan.jpg?utm_source=commons.wikimedia.org&utm_campaign=imageinfo&utm_content=thumbnail
refunds	退款	https://thumb.wikimedia.org/wikipedia/commons/thumb/6/68/Bottle_crates_%28Pfand_kisten%29.jpg/250px-Bottle_crates_%28Pfand_kisten%29.jpg?utm_source=commons.wikimedia.org&utm_campaign=imageinfo&utm_content=thumbnail
region	区域	https://thumb.wikimedia.org/wikipedia/commons/thumb/1/1e/Fencing_Regions_Map.png/250px-Fencing_Regions_Map.png?utm_source=commons.wikimedia.org&utm_campaign=imageinfo&utm_content=thumbnail
register	登记	https://thumb.wikimedia.org/wikipedia/commons/thumb/b/bf/West_Register_House_-_geograph.org.uk_-_919390.jpg/250px-West_Register_House_-_geograph.org.uk_-_919390.jpg?utm_source=commons.wikimedia.org&utm_campaign=imageinfo&utm_content=thumbnail
registers	注册	https://thumb.wikimedia.org/wikipedia/commons/thumb/5/5b/Registers_CPU_i386.png/250px-Registers_CPU_i386.png?utm_source=commons.wikimedia.org&utm_campaign=imageinfo&utm_content=thumbnail
registrar	注册商	https://thumb.wikimedia.org/wikipedia/commons/thumb/3/39/Domain_name_registrar_market_share.jpg/250px-Domain_name_registrar_market_share.jpg?utm_source=commons.wikimedia.org&utm_campaign=imageinfo&utm_content=thumbnail
regressions	回归	https://thumb.wikimedia.org/wikipedia/commons/thumb/1/1c/Plot_regression_women.jpg/250px-Plot_regression_women.jpg?utm_source=commons.wikimedia.org&utm_campaign=imageinfo&utm_content=thumbnail
regular	常规	https://thumb.wikimedia.org/wikipedia/commons/thumb/e/e7/Regular_Heptadecagon_Using_Carlyle_Circle.gif/250px-Regular_Heptadecagon_Using_Carlyle_Circle.gif?utm_source=commons.wikimedia.org&utm_campaign=imageinfo&utm_content=thumbnail
regularly	定期	
regulation	法规	https://thumb.wikimedia.org/wikipedia/commons/thumb/b/bb/Logo_of_the_National_Database_of_Laws_and_Regulations.png/250px-Logo_of_the_National_Database_of_Laws_and_Regulations.png?utm_source=commons.wikimedia.org&utm_campaign=imageinfo&utm_content=thumbnail
rehearsals	彩排	https://thumb.wikimedia.org/wikipedia/commons/thumb/c/cf/Romeo_And_Juliet_Rehearsals_5_%2893626371%29.jpeg/250px-Romeo_And_Juliet_Rehearsals_5_%2893626371%29.jpeg?utm_source=commons.wikimedia.org&utm_campaign=imageinfo&utm_content=thumbnail
rehearse	排练	https://thumb.wikimedia.org/wikipedia/commons/thumb/4/44/Marine_rehearses_for_the_arrival_of_the_first_captives_at_Guantanamo_on_January_10th%2C_2002.jpg/250px-Marine_rehearses_for_the_arrival_of_the_first_captives_at_Guantanamo_on_January_10th%2C_2002.jpg?utm_source=commons.wikimedia.org&utm_campaign=imageinfo&utm_content=thumbnail
rehire	返聘	https://thumb.wikimedia.org/wikipedia/commons/thumb/9/9d/Deng_xxixian.jpg/250px-Deng_xxixian.jpg?utm_source=commons.wikimedia.org&utm_campaign=imageinfo&utm_content=thumbnail
reject	拒绝	https://thumb.wikimedia.org/wikipedia/commons/thumb/4/48/Charles_Thomson._I_Feel_Bad_When_I_Reject_Your_Love.jpg/250px-Charles_Thomson._I_Feel_Bad_When_I_Reject_Your_Love.jpg?utm_source=commons.wikimedia.org&utm_campaign=imageinfo&utm_content=thumbnail
related	相关	https://thumb.wikimedia.org/wikipedia/commons/thumb/6/69/Related_pages_gif.gif/250px-Related_pages_gif.gif?utm_source=commons.wikimedia.org&utm_campaign=imageinfo&utm_content=thumbnail
relations	关系	https://thumb.wikimedia.org/wikipedia/commons/thumb/e/ee/The_relations_among_the_major_world_powers%2C_1997.gif/250px-The_relations_among_the_major_world_powers%2C_1997.gif?utm_source=commons.wikimedia.org&utm_campaign=imageinfo&utm_content=thumbnail
relationships	关系	https://thumb.wikimedia.org/wikipedia/commons/thumb/6/6d/Relationships_exist.jpg/250px-Relationships_exist.jpg?utm_source=commons.wikimedia.org&utm_campaign=imageinfo&utm_content=thumbnail
release	发布	https://thumb.wikimedia.org/wikipedia/commons/thumb/2/25/3Ring_release_animation.gif/120px-3Ring_release_animation.gif?utm_source=commons.wikimedia.org&utm_campaign=imageinfo&utm_content=thumbnail
releases	发布	https://thumb.wikimedia.org/wikipedia/commons/thumb/2/25/3Ring_release_animation.gif/120px-3Ring_release_animation.gif?utm_source=commons.wikimedia.org&utm_campaign=imageinfo&utm_content=thumbnail
relentlessly	不懈地	https://thumb.wikimedia.org/wikipedia/commons/thumb/f/f1/Villarceau_circles.gif/250px-Villarceau_circles.gif?utm_source=commons.wikimedia.org&utm_campaign=imageinfo&utm_content=thumbnail
relevance	相关性	https://thumb.wikimedia.org/wikipedia/commons/thumb/6/6a/Faroe_stamp_406_bearing_compass.jpg/250px-Faroe_stamp_406_bearing_compass.jpg?utm_source=commons.wikimedia.org&utm_campaign=imageinfo&utm_content=thumbnail
relevant	相关	https://thumb.wikimedia.org/wikipedia/commons/thumb/1/1c/B%C3%89B%C3%89_RELEVANT_SA_ROBE.PNG/250px-B%C3%89B%C3%89_RELEVANT_SA_ROBE.PNG?utm_source=commons.wikimedia.org&utm_campaign=imageinfo&utm_content=thumbnail
reliability	可靠性	https://thumb.wikimedia.org/wikipedia/commons/thumb/3/3d/1988_Car_Brand_Reliability_Percentrank_Averages.png/120px-1988_Car_Brand_Reliability_Percentrank_Averages.png?utm_source=commons.wikimedia.org&utm_campaign=imageinfo&utm_content=thumbnail
reliable	可靠	https://thumb.wikimedia.org/wikipedia/commons/thumb/3/32/1908_Reliable_Dayton_Motor_Car_brochure_cover.jpg/120px-1908_Reliable_Dayton_Motor_Car_brochure_cover.jpg?utm_source=commons.wikimedia.org&utm_campaign=imageinfo&utm_content=thumbnail
remaining	剩余	https://thumb.wikimedia.org/wikipedia/commons/thumb/e/e6/Remaining_fence_%282%29_-_geograph.org.uk_-_736600.jpg/250px-Remaining_fence_%282%29_-_geograph.org.uk_-_736600.jpg?utm_source=commons.wikimedia.org&utm_campaign=imageinfo&utm_content=thumbnail
remains	仍然	https://thumb.wikimedia.org/wikipedia/commons/thumb/d/d8/Remains_of_Anchorite_House_-_geograph.org.uk_-_4427448.jpg/250px-Remains_of_Anchorite_House_-_geograph.org.uk_-_4427448.jpg?utm_source=commons.wikimedia.org&utm_campaign=imageinfo&utm_content=thumbnail
remediate	修复	https://thumb.wikimedia.org/wikipedia/commons/thumb/0/03/Hanford_Milestone_%287488945486%29.jpg/250px-Hanford_Milestone_%287488945486%29.jpg?utm_source=commons.wikimedia.org&utm_campaign=imageinfo&utm_content=thumbnail
remediation	修复	https://thumb.wikimedia.org/wikipedia/commons/thumb/3/3e/Wellington_reclamation_animation.gif/250px-Wellington_reclamation_animation.gif?utm_source=commons.wikimedia.org&utm_campaign=imageinfo&utm_content=thumbnail
remember	记住	https://thumb.wikimedia.org/wikipedia/commons/thumb/0/05/Greer_Garson_in_Remember%3F.JPG/250px-Greer_Garson_in_Remember%3F.JPG?utm_source=commons.wikimedia.org&utm_campaign=imageinfo&utm_content=thumbnail
remind	提醒	
reminders	提醒	https://thumb.wikimedia.org/wikipedia/commons/thumb/d/d0/SMS-Reminders-Example.jpg/120px-SMS-Reminders-Example.jpg?utm_source=commons.wikimedia.org&utm_campaign=imageinfo&utm_content=thumbnail
remit	汇款	https://thumb.wikimedia.org/wikipedia/commons/thumb/1/15/MoroccoRemittances.jpg/250px-MoroccoRemittances.jpg?utm_source=commons.wikimedia.org&utm_campaign=imageinfo&utm_content=thumbnail
remote	远程	https://upload.wikimedia.org/wikipedia/commons/7/7f/Television_remote_control.jpg?utm_source=commons.wikimedia.org&utm_campaign=imageinfo&utm_content=thumbnail_unscaled
removal	移除	https://thumb.wikimedia.org/wikipedia/commons/thumb/5/58/Tree_Removal_-_geograph.org.uk_-_616489.jpg/250px-Tree_Removal_-_geograph.org.uk_-_616489.jpg?utm_source=commons.wikimedia.org&utm_campaign=imageinfo&utm_content=thumbnail
removals	移除	https://thumb.wikimedia.org/wikipedia/commons/thumb/c/c0/Britannia_movers_devereux_international_and_theatrical_removals_vehicle_history.jpg/250px-Britannia_movers_devereux_international_and_theatrical_removals_vehicle_history.jpg?utm_source=commons.wikimedia.org&utm_campaign=imageinfo&utm_content=thumbnail
remove	移除	https://upload.wikimedia.org/wikipedia/commons/7/7a/Remove_effect.png?utm_source=commons.wikimedia.org&utm_campaign=imageinfo&utm_content=thumbnail_unscaled
removes	移除	https://thumb.wikimedia.org/wikipedia/commons/thumb/e/e8/02.04_Mohammed_removes_idols.png/250px-02.04_Mohammed_removes_idols.png?utm_source=commons.wikimedia.org&utm_campaign=imageinfo&utm_content=thumbnail
removing	移除	https://thumb.wikimedia.org/wikipedia/commons/thumb/d/dd/Elimination_reactions_of_2-phenylcyclopentyltrimethylammonium_isomers.png/250px-Elimination_reactions_of_2-phenylcyclopentyltrimethylammonium_isomers.png?utm_source=commons.wikimedia.org&utm_campaign=imageinfo&utm_content=thumbnail
render	渲染	https://thumb.wikimedia.org/wikipedia/commons/thumb/f/f5/Under_the_render_-_geograph.org.uk_-_1235741.jpg/250px-Under_the_render_-_geograph.org.uk_-_1235741.jpg?utm_source=commons.wikimedia.org&utm_campaign=imageinfo&utm_content=thumbnail
renewal	续期	https://thumb.wikimedia.org/wikipedia/commons/thumb/5/55/Renewal_-_Casebook_of_Sherlock_Holmes.png/250px-Renewal_-_Casebook_of_Sherlock_Holmes.png?utm_source=commons.wikimedia.org&utm_campaign=imageinfo&utm_content=thumbnail
renewals	续期	
renewed	已续期	https://thumb.wikimedia.org/wikipedia/commons/thumb/e/e6/Renewed_Gospel_Ministries.jpg/250px-Renewed_Gospel_Ministries.jpg?utm_source=commons.wikimedia.org&utm_campaign=imageinfo&utm_content=thumbnail
renews	续期	https://thumb.wikimedia.org/wikipedia/commons/thumb/6/6a/Tissot_God_Renews_His_Promises_to_Abraham.jpg/250px-Tissot_God_Renews_His_Promises_to_Abraham.jpg?utm_source=commons.wikimedia.org&utm_campaign=imageinfo&utm_content=thumbnail
repeat	重复	https://upload.wikimedia.org/wikipedia/commons/b/b0/Repeat_open.png?utm_source=commons.wikimedia.org&utm_campaign=imageinfo&utm_content=thumbnail_unscaled
repeatable	可重复	https://thumb.wikimedia.org/wikipedia/commons/thumb/4/42/SSR-180711_structure.png/250px-SSR-180711_structure.png?utm_source=commons.wikimedia.org&utm_campaign=imageinfo&utm_content=thumbnail
repeated	重复的	https://thumb.wikimedia.org/wikipedia/commons/thumb/f/f4/Repeated_addition.jpg/250px-Repeated_addition.jpg?utm_source=commons.wikimedia.org&utm_campaign=imageinfo&utm_content=thumbnail
repeating	重复	https://thumb.wikimedia.org/wikipedia/commons/thumb/1/12/A_History_repeating_Itself_2001_copy35.jpg/250px-A_History_repeating_Itself_2001_copy35.jpg?utm_source=commons.wikimedia.org&utm_campaign=imageinfo&utm_content=thumbnail
repeats	重复	https://thumb.wikimedia.org/wikipedia/commons/thumb/d/d0/140957main_return-2-330.jpg/250px-140957main_return-2-330.jpg?utm_source=commons.wikimedia.org&utm_campaign=imageinfo&utm_content=thumbnail
repetition	重复	https://thumb.wikimedia.org/wikipedia/commons/thumb/1/13/Graph_repetition_curve.jpg/250px-Graph_repetition_curve.jpg?utm_source=commons.wikimedia.org&utm_campaign=imageinfo&utm_content=thumbnail
replace	替换	https://thumb.wikimedia.org/wikipedia/commons/thumb/d/d5/Replace_that_fence_-_geograph.org.uk_-_993683.jpg/250px-Replace_that_fence_-_geograph.org.uk_-_993683.jpg?utm_source=commons.wikimedia.org&utm_campaign=imageinfo&utm_content=thumbnail
replacement	替换	https://thumb.wikimedia.org/wikipedia/commons/thumb/c/c3/Total_knee_replacement_by_dr_shekhar_agarwal---Copy.jpg/120px-Total_knee_replacement_by_dr_shekhar_agarwal---Copy.jpg?utm_source=commons.wikimedia.org&utm_campaign=imageinfo&utm_content=thumbnail
replaces	替换	
replacing	替换	https://thumb.wikimedia.org/wikipedia/commons/thumb/9/98/Replacing_Bridge_-_geograph.org.uk_-_315230.jpg/250px-Replacing_Bridge_-_geograph.org.uk_-_315230.jpg?utm_source=commons.wikimedia.org&utm_campaign=imageinfo&utm_content=thumbnail
replicas	副本	https://thumb.wikimedia.org/wikipedia/commons/thumb/5/53/Replicas_of_the_Nina%2C_Pinta_and_Santa_Maria%2C_Toledo%2C_Ohio_%28approximately_1914%29_-_DPLA_-_7fc0cf36ea302ac64dd85e363679f722.jpg/250px-Replicas_of_the_Nina%2C_Pinta_and_Santa_Maria%2C_Toledo%2C_Ohio_%28approximately_1914%29_-_DPLA_-_7fc0cf36ea302ac64dd85e363679f722.jpg?utm_source=commons.wikimedia.org&utm_campaign=imageinfo&utm_content=thumbnail
replication	复制	https://upload.wikimedia.org/wikipedia/commons/0/0b/Replication-fork.png?utm_source=commons.wikimedia.org&utm_campaign=imageinfo&utm_content=thumbnail_unscaled
replies	回复	https://thumb.wikimedia.org/wikipedia/commons/thumb/7/75/Mockup_of_Mentor_dashboard_-_desktop_-_Replies_to_FAQs_module.png/250px-Mockup_of_Mentor_dashboard_-_desktop_-_Replies_to_FAQs_module.png?utm_source=commons.wikimedia.org&utm_campaign=imageinfo&utm_content=thumbnail
report	报告	https://thumb.wikimedia.org/wikipedia/commons/thumb/e/ed/U.S._News_%26_World_Report_logo.png/250px-U.S._News_%26_World_Report_logo.png?utm_source=commons.wikimedia.org&utm_campaign=imageinfo&utm_content=thumbnail
reporters	报告人	https://upload.wikimedia.org/wikipedia/commons/b/b9/%22Reporters_Sans_Fronti%C3%A8res%22_sign%2C_Si%C3%A8ge_de_RSF_%28cropped%29.jpeg?utm_source=commons.wikimedia.org&utm_campaign=imageinfo&utm_content=thumbnail_unscaled
reports	报告	https://thumb.wikimedia.org/wikipedia/commons/thumb/a/aa/Consumer_Reports_logo.png/250px-Consumer_Reports_logo.png?utm_source=commons.wikimedia.org&utm_campaign=imageinfo&utm_content=thumbnail
repositories	仓库	https://thumb.wikimedia.org/wikipedia/commons/thumb/d/d0/TempleRepositories.jpg/250px-TempleRepositories.jpg?utm_source=commons.wikimedia.org&utm_campaign=imageinfo&utm_content=thumbnail
repository	仓库	https://thumb.wikimedia.org/wikipedia/commons/thumb/e/e7/Core%2BRepository%2Bcore_samples2.jpg/250px-Core%2BRepository%2Bcore_samples2.jpg?utm_source=commons.wikimedia.org&utm_campaign=imageinfo&utm_content=thumbnail
reproduce	复现	https://thumb.wikimedia.org/wikipedia/commons/thumb/4/46/Shakespeare_-_First_Folio_Faithfully_Reproduced%2C_Methuen%2C_1910_-_capital_W.jpg/250px-Shakespeare_-_First_Folio_Faithfully_Reproduced%2C_Methuen%2C_1910_-_capital_W.jpg?utm_source=commons.wikimedia.org&utm_campaign=imageinfo&utm_content=thumbnail
reproducibility	可复现	
reproducible	可复现	https://thumb.wikimedia.org/wikipedia/commons/thumb/4/46/Shakespeare_-_First_Folio_Faithfully_Reproduced%2C_Methuen%2C_1910_-_capital_W.jpg/250px-Shakespeare_-_First_Folio_Faithfully_Reproduced%2C_Methuen%2C_1910_-_capital_W.jpg?utm_source=commons.wikimedia.org&utm_campaign=imageinfo&utm_content=thumbnail
repurpose	改用	https://thumb.wikimedia.org/wikipedia/commons/thumb/e/ec/Gear.jpg/250px-Gear.jpg?utm_source=commons.wikimedia.org&utm_campaign=imageinfo&utm_content=thumbnail
reputation	声誉	https://thumb.wikimedia.org/wikipedia/commons/thumb/6/6c/Reputation_%281921%29_-_Dean_2.jpg/250px-Reputation_%281921%29_-_Dean_2.jpg?utm_source=commons.wikimedia.org&utm_campaign=imageinfo&utm_content=thumbnail
request	请求	https://thumb.wikimedia.org/wikipedia/commons/thumb/9/9e/A_polite_request_-_geograph.org.uk_-_547882.jpg/250px-A_polite_request_-_geograph.org.uk_-_547882.jpg?utm_source=commons.wikimedia.org&utm_campaign=imageinfo&utm_content=thumbnail
requests	请求	https://thumb.wikimedia.org/wikipedia/commons/thumb/2/20/Wikipe-tan_requests_citation.png/120px-Wikipe-tan_requests_citation.png?utm_source=commons.wikimedia.org&utm_campaign=imageinfo&utm_content=thumbnail
require	需要	https://thumb.wikimedia.org/wikipedia/commons/thumb/1/18/Require_Interface.png/250px-Require_Interface.png?utm_source=commons.wikimedia.org&utm_campaign=imageinfo&utm_content=thumbnail
required	必需	https://thumb.wikimedia.org/wikipedia/commons/thumb/0/02/Gentlemen_required_-_geograph.org.uk_-_515196.jpg/250px-Gentlemen_required_-_geograph.org.uk_-_515196.jpg?utm_source=commons.wikimedia.org&utm_campaign=imageinfo&utm_content=thumbnail
requires	需要	https://thumb.wikimedia.org/wikipedia/commons/thumb/7/73/Cancer_requires_multiple_mutations_from_NIHen.png/120px-Cancer_requires_multiple_mutations_from_NIHen.png?utm_source=commons.wikimedia.org&utm_campaign=imageinfo&utm_content=thumbnail
rereading	重读	https://upload.wikimedia.org/wikipedia/commons/e/e9/Wissem.jpg?utm_source=commons.wikimedia.org&utm_campaign=imageinfo&utm_content=thumbnail_unscaled
reschedule	改期	https://thumb.wikimedia.org/wikipedia/commons/thumb/a/ac/Changegov.jpg/250px-Changegov.jpg?utm_source=commons.wikimedia.org&utm_campaign=imageinfo&utm_content=thumbnail
rescue	救援	
research	研究	https://thumb.wikimedia.org/wikipedia/commons/thumb/f/f4/Research_Charles.jpg/250px-Research_Charles.jpg?utm_source=commons.wikimedia.org&utm_campaign=imageinfo&utm_content=thumbnail
researcher	研究员	https://thumb.wikimedia.org/wikipedia/commons/thumb/4/46/Researcher%2C_Chris_Wade.png/250px-Researcher%2C_Chris_Wade.png?utm_source=commons.wikimedia.org&utm_campaign=imageinfo&utm_content=thumbnail
researchers	研究员	https://thumb.wikimedia.org/wikipedia/commons/thumb/e/e6/Ahmad_Khalifeh.jpg/250px-Ahmad_Khalifeh.jpg?utm_source=commons.wikimedia.org&utm_campaign=imageinfo&utm_content=thumbnail
resellers	经销商	https://thumb.wikimedia.org/wikipedia/commons/thumb/2/2e/Scalping_wilbarger.jpg/250px-Scalping_wilbarger.jpg?utm_source=commons.wikimedia.org&utm_campaign=imageinfo&utm_content=thumbnail
reset	重置	https://upload.wikimedia.org/wikipedia/commons/a/a8/Reset_parm.png?utm_source=commons.wikimedia.org&utm_campaign=imageinfo&utm_content=thumbnail_unscaled
resharding	重新分片	https://upload.wikimedia.org/wikipedia/commons/d/d5/Dominique_Rodgers-Cromartie_Cardinals_2010.jpg?utm_source=commons.wikimedia.org&utm_campaign=imageinfo&utm_content=thumbnail_unscaled
residents	居民	https://thumb.wikimedia.org/wikipedia/commons/thumb/0/0e/Meet_the_residents_-_geograph.org.uk_-_1012374.jpg/250px-Meet_the_residents_-_geograph.org.uk_-_1012374.jpg?utm_source=commons.wikimedia.org&utm_campaign=imageinfo&utm_content=thumbnail
residual	残留	https://thumb.wikimedia.org/wikipedia/commons/thumb/a/a7/ResidualCurrentCircuitBreak.jpg/250px-ResidualCurrentCircuitBreak.jpg?utm_source=commons.wikimedia.org&utm_campaign=imageinfo&utm_content=thumbnail
resistant	抵抗	https://thumb.wikimedia.org/wikipedia/commons/thumb/f/f5/Carbapenem-resistant_enterobacteriaceae_epidemiology.webp/250px-Carbapenem-resistant_enterobacteriaceae_epidemiology.webp?utm_source=commons.wikimedia.org&utm_campaign=imageinfo&utm_content=thumbnail
resolve	解决	https://thumb.wikimedia.org/wikipedia/commons/thumb/6/6d/ResolverPrinzip.png/250px-ResolverPrinzip.png?utm_source=commons.wikimedia.org&utm_campaign=imageinfo&utm_content=thumbnail
resource	资源	https://thumb.wikimedia.org/wikipedia/commons/thumb/a/a0/Pen-Resource-University_logo.webp/250px-Pen-Resource-University_logo.webp?utm_source=commons.wikimedia.org&utm_campaign=imageinfo&utm_content=thumbnail
resources	资源	https://upload.wikimedia.org/wikipedia/commons/6/60/House_Natural_Resources_Committee_logo.jpg?utm_source=commons.wikimedia.org&utm_campaign=imageinfo&utm_content=thumbnail_unscaled
respect	尊重	https://thumb.wikimedia.org/wikipedia/commons/thumb/c/c3/Consultation_Among_the_American_Republics_With_Respect_to_the_Argentine_Situation_-_DPLA_-_1dcc7d2762e73e94b1be034f63358a68_%28page_22%29.gif/250px-Consultation_Among_the_American_Republics_With_Respect_to_the_Argentine_Situation_-_DPLA_-_1dcc7d2762e73e94b1be034f63358a68_%28page_22%29.gif?utm_source=commons.wikimedia.org&utm_campaign=imageinfo&utm_content=thumbnail
respected	受尊重	https://thumb.wikimedia.org/wikipedia/commons/thumb/6/65/Angela_McShan%2C_respected_Coast_Guard_Petty_Officer_%28cropped%29.jpeg/250px-Angela_McShan%2C_respected_Coast_Guard_Petty_Officer_%28cropped%29.jpeg?utm_source=commons.wikimedia.org&utm_campaign=imageinfo&utm_content=thumbnail
respond	响应	https://thumb.wikimedia.org/wikipedia/commons/thumb/7/7d/Multi-Agencies_Respond_to_Abandoned_Subterranean_Tunnel_%2825096015047%29.jpg/250px-Multi-Agencies_Respond_to_Abandoned_Subterranean_Tunnel_%2825096015047%29.jpg?utm_source=commons.wikimedia.org&utm_campaign=imageinfo&utm_content=thumbnail
responders	响应者	https://thumb.wikimedia.org/wikipedia/commons/thumb/6/6c/AA191-responders.png/250px-AA191-responders.png?utm_source=commons.wikimedia.org&utm_campaign=imageinfo&utm_content=thumbnail
responding	响应	https://upload.wikimedia.org/wikipedia/commons/8/8c/Obama_responding_to_tweets_cropped.JPG?utm_source=commons.wikimedia.org&utm_campaign=imageinfo&utm_content=thumbnail_unscaled
response	响应	https://thumb.wikimedia.org/wikipedia/commons/thumb/a/a5/Horse_exhibiting_flehmen_response_%28drawing%29.png/250px-Horse_exhibiting_flehmen_response_%28drawing%29.png?utm_source=commons.wikimedia.org&utm_campaign=imageinfo&utm_content=thumbnail
responses	响应	https://thumb.wikimedia.org/wikipedia/commons/thumb/2/2e/%27Twelve_Responses_to_Tragedy%27%2C_Thurloe_Place_SW7_-_geograph.org.uk_-_3454931.jpg/250px-%27Twelve_Responses_to_Tragedy%27%2C_Thurloe_Place_SW7_-_geograph.org.uk_-_3454931.jpg?utm_source=commons.wikimedia.org&utm_campaign=imageinfo&utm_content=thumbnail
responsibly	负责任地	https://thumb.wikimedia.org/wikipedia/commons/thumb/2/23/Jan_Thorn-Prikker_Braut.jpg/120px-Jan_Thorn-Prikker_Braut.jpg?utm_source=commons.wikimedia.org&utm_campaign=imageinfo&utm_content=thumbnail
rest	休息	
restartable	可重启	
restocking	补货	https://thumb.wikimedia.org/wikipedia/commons/thumb/1/12/Senegal_reforestation.jpg/250px-Senegal_reforestation.jpg?utm_source=commons.wikimedia.org&utm_campaign=imageinfo&utm_content=thumbnail
restores	恢复	https://thumb.wikimedia.org/wikipedia/commons/thumb/d/d2/St_Benedict_Restores_Life_to_a_Young_Monk.jpg/250px-St_Benedict_Restores_Life_to_a_Young_Monk.jpg?utm_source=commons.wikimedia.org&utm_campaign=imageinfo&utm_content=thumbnail
restoring	恢复	https://thumb.wikimedia.org/wikipedia/commons/thumb/4/45/Restoring_Gate_House_-_geograph.org.uk_-_1593147.jpg/250px-Restoring_Gate_House_-_geograph.org.uk_-_1593147.jpg?utm_source=commons.wikimedia.org&utm_campaign=imageinfo&utm_content=thumbnail
restrict	限制	https://upload.wikimedia.org/wikipedia/commons/a/a3/Restrictor-Plate-Rendering.png?utm_source=commons.wikimedia.org&utm_campaign=imageinfo&utm_content=thumbnail_unscaled
restricted	受限	https://thumb.wikimedia.org/wikipedia/commons/thumb/a/a5/Restricted_byway_-_geograph.org.uk_-_639269.jpg/250px-Restricted_byway_-_geograph.org.uk_-_639269.jpg?utm_source=commons.wikimedia.org&utm_campaign=imageinfo&utm_content=thumbnail
result	结果	https://thumb.wikimedia.org/wikipedia/commons/thumb/5/52/ResultadosBrexit.png/120px-ResultadosBrexit.png?utm_source=commons.wikimedia.org&utm_campaign=imageinfo&utm_content=thumbnail
results	结果	https://thumb.wikimedia.org/wikipedia/commons/thumb/4/45/Operation_Upshot-Knothole_-_Harry.jpg/250px-Operation_Upshot-Knothole_-_Harry.jpg?utm_source=commons.wikimedia.org&utm_campaign=imageinfo&utm_content=thumbnail
retain	保留	https://thumb.wikimedia.org/wikipedia/commons/thumb/f/f8/Natural_Stone_Retaining_Wall.jpg/250px-Natural_Stone_Retaining_Wall.jpg?utm_source=commons.wikimedia.org&utm_campaign=imageinfo&utm_content=thumbnail
retaliation	报复	https://thumb.wikimedia.org/wikipedia/commons/thumb/d/d1/The_Revengers_Tragedy.jpg/250px-The_Revengers_Tragedy.jpg?utm_source=commons.wikimedia.org&utm_campaign=imageinfo&utm_content=thumbnail
retention	留存	
retests	重测	https://thumb.wikimedia.org/wikipedia/commons/thumb/4/49/Ascendin_lisn_scores.png/250px-Ascendin_lisn_scores.png?utm_source=commons.wikimedia.org&utm_campaign=imageinfo&utm_content=thumbnail
retire	退役	https://thumb.wikimedia.org/wikipedia/commons/thumb/b/b9/Retire_or_passe_position_in_ballet.jpg/120px-Retire_or_passe_position_in_ballet.jpg?utm_source=commons.wikimedia.org&utm_campaign=imageinfo&utm_content=thumbnail
retrain	再培训	https://thumb.wikimedia.org/wikipedia/commons/thumb/3/31/Adjust_or_full_retrain.png/120px-Adjust_or_full_retrain.png?utm_source=commons.wikimedia.org&utm_campaign=imageinfo&utm_content=thumbnail
retries	重试	https://upload.wikimedia.org/wikipedia/commons/0/0f/SoxRetired-11.png?utm_source=commons.wikimedia.org&utm_campaign=imageinfo&utm_content=thumbnail_unscaled
retrieval	检索	https://thumb.wikimedia.org/wikipedia/commons/thumb/1/1e/Retrieval_schematic.png/250px-Retrieval_schematic.png?utm_source=commons.wikimedia.org&utm_campaign=imageinfo&utm_content=thumbnail
retrospectives	回顾	https://thumb.wikimedia.org/wikipedia/commons/thumb/a/a2/Fibonacci.jpg/250px-Fibonacci.jpg?utm_source=commons.wikimedia.org&utm_campaign=imageinfo&utm_content=thumbnail
retry	重试	https://upload.wikimedia.org/wikipedia/commons/4/44/Abort_Retry_Fail.PNG?utm_source=commons.wikimedia.org&utm_campaign=imageinfo&utm_content=thumbnail_unscaled
return	返回	https://upload.wikimedia.org/wikipedia/commons/f/f3/Return_of_the_Crimea_rib.png?utm_source=commons.wikimedia.org&utm_campaign=imageinfo&utm_content=thumbnail_unscaled
returned	已返回	https://thumb.wikimedia.org/wikipedia/commons/thumb/4/44/Kyouji_tominaga_returned_to_Japan.jpg/250px-Kyouji_tominaga_returned_to_Japan.jpg?utm_source=commons.wikimedia.org&utm_campaign=imageinfo&utm_content=thumbnail
returns	返回	https://thumb.wikimedia.org/wikipedia/commons/thumb/e/ea/Joan_Blondell_in_Topper_Returns_2.jpg/250px-Joan_Blondell_in_Topper_Returns_2.jpg?utm_source=commons.wikimedia.org&utm_campaign=imageinfo&utm_content=thumbnail
retyping	重打	
reusable	可复用	https://thumb.wikimedia.org/wikipedia/commons/thumb/d/d4/Reusable_Bag.jpg/250px-Reusable_Bag.jpg?utm_source=commons.wikimedia.org&utm_campaign=imageinfo&utm_content=thumbnail
reuse	复用	https://thumb.wikimedia.org/wikipedia/commons/thumb/8/89/Project_reuse_ranking_apache_commons_library.png/250px-Project_reuse_ranking_apache_commons_library.png?utm_source=commons.wikimedia.org&utm_campaign=imageinfo&utm_content=thumbnail
reveal	揭示	https://thumb.wikimedia.org/wikipedia/commons/thumb/b/b8/EXIF_Reveal_-_GPS_Info.png/250px-EXIF_Reveal_-_GPS_Info.png?utm_source=commons.wikimedia.org&utm_campaign=imageinfo&utm_content=thumbnail
revenue	收入	https://thumb.wikimedia.org/wikipedia/commons/thumb/6/68/Japanese_Revenue_stamp_1sen.JPG/250px-Japanese_Revenue_stamp_1sen.JPG?utm_source=commons.wikimedia.org&utm_campaign=imageinfo&utm_content=thumbnail
review	评审	https://upload.wikimedia.org/wikipedia/commons/0/00/Review.png?utm_source=commons.wikimedia.org&utm_campaign=imageinfo&utm_content=thumbnail_unscaled
reviewed	已评审	https://thumb.wikimedia.org/wikipedia/commons/thumb/8/87/Reviewed_companies_logo.png/250px-Reviewed_companies_logo.png?utm_source=commons.wikimedia.org&utm_campaign=imageinfo&utm_content=thumbnail
reviewer	评审者	https://thumb.wikimedia.org/wikipedia/commons/thumb/0/06/Flickr_reviewer_top-icon.png/250px-Flickr_reviewer_top-icon.png?utm_source=commons.wikimedia.org&utm_campaign=imageinfo&utm_content=thumbnail
reviews	评审	https://thumb.wikimedia.org/wikipedia/commons/thumb/8/8a/1896_Review_of_Reviews_NY_v13_no77.png/250px-1896_Review_of_Reviews_NY_v13_no77.png?utm_source=commons.wikimedia.org&utm_campaign=imageinfo&utm_content=thumbnail
revisit	重访	https://thumb.wikimedia.org/wikipedia/commons/thumb/2/27/Site-Plan-Architectural-Review-Sexto-Panteon-Argentina-Buenos-Aires-Brutalist-Lea-Namer-Revisit-272x300.png/250px-Site-Plan-Architectural-Review-Sexto-Panteon-Argentina-Buenos-Aires-Brutalist-Lea-Namer-Revisit-272x300.png?utm_source=commons.wikimedia.org&utm_campaign=imageinfo&utm_content=thumbnail
revoked	已撤销	https://thumb.wikimedia.org/wikipedia/commons/thumb/1/19/Foreskin_retraction.jpg/120px-Foreskin_retraction.jpg?utm_source=commons.wikimedia.org&utm_campaign=imageinfo&utm_content=thumbnail
reward	奖励	
rewards	奖励	https://thumb.wikimedia.org/wikipedia/commons/thumb/8/82/Abu_laith_al_libi_--_rewards_for_justice.jpg/250px-Abu_laith_al_libi_--_rewards_for_justice.jpg?utm_source=commons.wikimedia.org&utm_campaign=imageinfo&utm_content=thumbnail
rewrites	重写	https://thumb.wikimedia.org/wikipedia/commons/thumb/1/12/Won_bin_at_LG%E2%80%99S_NEW_CINEMA_3D_TV_REWRITES_THE_RULES_FOR_3D.jpg/250px-Won_bin_at_LG%E2%80%99S_NEW_CINEMA_3D_TV_REWRITES_THE_RULES_FOR_3D.jpg?utm_source=commons.wikimedia.org&utm_campaign=imageinfo&utm_content=thumbnail
rewriting	重写	https://thumb.wikimedia.org/wikipedia/commons/thumb/4/44/GraphRewriteExample.PNG/250px-GraphRewriteExample.PNG?utm_source=commons.wikimedia.org&utm_campaign=imageinfo&utm_content=thumbnail
rfc	RFC	https://thumb.wikimedia.org/wikipedia/commons/thumb/5/54/Waterloo_RFC_2.jpg/250px-Waterloo_RFC_2.jpg?utm_source=commons.wikimedia.org&utm_campaign=imageinfo&utm_content=thumbnail
richer	更丰富	https://thumb.wikimedia.org/wikipedia/commons/thumb/b/bf/Richer_de_Belleval_Pierre_1564-1632.png/250px-Richer_de_Belleval_Pierre_1564-1632.png?utm_source=commons.wikimedia.org&utm_campaign=imageinfo&utm_content=thumbnail
right	正确	https://thumb.wikimedia.org/wikipedia/commons/thumb/1/12/Right_Triangle_With_Labeled_Sides.png/250px-Right_Triangle_With_Labeled_Sides.png?utm_source=commons.wikimedia.org&utm_campaign=imageinfo&utm_content=thumbnail
risk	风险	https://thumb.wikimedia.org/wikipedia/commons/thumb/d/db/Risk_Dice_1.gif/250px-Risk_Dice_1.gif?utm_source=commons.wikimedia.org&utm_campaign=imageinfo&utm_content=thumbnail
risks	风险	https://thumb.wikimedia.org/wikipedia/commons/thumb/6/60/Historical_risks_and_returns.png/250px-Historical_risks_and_returns.png?utm_source=commons.wikimedia.org&utm_campaign=imageinfo&utm_content=thumbnail
risky	有风险	https://thumb.wikimedia.org/wikipedia/commons/thumb/4/40/Risky_Business_%281920%29_-_2.jpg/120px-Risky_Business_%281920%29_-_2.jpg?utm_source=commons.wikimedia.org&utm_campaign=imageinfo&utm_content=thumbnail
rituals	仪式	https://thumb.wikimedia.org/wikipedia/commons/thumb/9/9b/Gesellenarbeit.jpg/120px-Gesellenarbeit.jpg?utm_source=commons.wikimedia.org&utm_campaign=imageinfo&utm_content=thumbnail
roadmap	路线图	https://thumb.wikimedia.org/wikipedia/commons/thumb/8/86/Roadmap_nanocomputing_2005-2020-fr.jpg/250px-Roadmap_nanocomputing_2005-2020-fr.jpg?utm_source=commons.wikimedia.org&utm_campaign=imageinfo&utm_content=thumbnail
roadmaps	路线图	https://thumb.wikimedia.org/wikipedia/commons/thumb/5/53/Belayarivermap.png/250px-Belayarivermap.png?utm_source=commons.wikimedia.org&utm_campaign=imageinfo&utm_content=thumbnail
roads	道路	https://thumb.wikimedia.org/wikipedia/commons/thumb/9/94/Roman_Road_Moelfre_-_Bodelwyddan_-_geograph.org.uk_-_27182.jpg/250px-Roman_Road_Moelfre_-_Bodelwyddan_-_geograph.org.uk_-_27182.jpg?utm_source=commons.wikimedia.org&utm_campaign=imageinfo&utm_content=thumbnail
robotic	机器人	https://thumb.wikimedia.org/wikipedia/commons/thumb/6/68/Bipedaling_robotic_device.jpeg/250px-Bipedaling_robotic_device.jpeg?utm_source=commons.wikimedia.org&utm_campaign=imageinfo&utm_content=thumbnail
role	角色	https://thumb.wikimedia.org/wikipedia/commons/thumb/4/42/Object-Role_Model_Overview.gif/250px-Object-Role_Model_Overview.gif?utm_source=commons.wikimedia.org&utm_campaign=imageinfo&utm_content=thumbnail
roles	角色	https://thumb.wikimedia.org/wikipedia/commons/thumb/c/c9/RPG_Toolkit_3.png/250px-RPG_Toolkit_3.png?utm_source=commons.wikimedia.org&utm_campaign=imageinfo&utm_content=thumbnail
roll	滚动	https://upload.wikimedia.org/wikipedia/commons/4/48/Dive_Roll_over_Table.gif?utm_source=commons.wikimedia.org&utm_campaign=imageinfo&utm_content=thumbnail_unscaled
rollback	回滚	https://thumb.wikimedia.org/wikipedia/commons/thumb/b/b3/Rollback_button.png/250px-Rollback_button.png?utm_source=commons.wikimedia.org&utm_campaign=imageinfo&utm_content=thumbnail
rollbacks	回滚	https://thumb.wikimedia.org/wikipedia/commons/thumb/a/a4/Rollback_in_page_diff.png/250px-Rollback_in_page_diff.png?utm_source=commons.wikimedia.org&utm_campaign=imageinfo&utm_content=thumbnail
rollout	推出	https://thumb.wikimedia.org/wikipedia/commons/thumb/a/a6/Ab-rollout-1.png/250px-Ab-rollout-1.png?utm_source=commons.wikimedia.org&utm_campaign=imageinfo&utm_content=thumbnail
rollouts	推出	
room	房间	https://upload.wikimedia.org/wikipedia/commons/b/b8/Trojan_Room_coffee_pot_xcoffee.png?utm_source=commons.wikimedia.org&utm_campaign=imageinfo&utm_content=thumbnail_unscaled
rooms	房间	https://thumb.wikimedia.org/wikipedia/commons/thumb/c/ce/Inside_the_Churchill_War_Rooms_%283%29_-_geograph.org.uk_-_2805951.jpg/250px-Inside_the_Churchill_War_Rooms_%283%29_-_geograph.org.uk_-_2805951.jpg?utm_source=commons.wikimedia.org&utm_campaign=imageinfo&utm_content=thumbnail
root	根	https://thumb.wikimedia.org/wikipedia/commons/thumb/5/54/Root-system-A1xA1.png/250px-Root-system-A1xA1.png?utm_source=commons.wikimedia.org&utm_campaign=imageinfo&utm_content=thumbnail
rotate	轮换	https://thumb.wikimedia.org/wikipedia/commons/thumb/d/de/Rotated_polygon.png/250px-Rotated_polygon.png?utm_source=commons.wikimedia.org&utm_campaign=imageinfo&utm_content=thumbnail
rotation	轮换	https://thumb.wikimedia.org/wikipedia/commons/thumb/c/c9/Rotation.png/250px-Rotation.png?utm_source=commons.wikimedia.org&utm_campaign=imageinfo&utm_content=thumbnail
rotations	轮换	https://thumb.wikimedia.org/wikipedia/commons/thumb/5/57/90-Degree_Rotations_in_the_Complex_Plane.png/250px-90-Degree_Rotations_in_the_Complex_Plane.png?utm_source=commons.wikimedia.org&utm_campaign=imageinfo&utm_content=thumbnail
rounds	轮次	https://upload.wikimedia.org/wikipedia/commons/5/5f/Mike_Rounds_2004.jpg?utm_source=commons.wikimedia.org&utm_campaign=imageinfo&utm_content=thumbnail_unscaled
route	路由	https://thumb.wikimedia.org/wikipedia/commons/thumb/a/a4/National_Cycle_Route_Waymarker_-_geograph.org.uk_-_2872784.jpg/250px-National_Cycle_Route_Waymarker_-_geograph.org.uk_-_2872784.jpg?utm_source=commons.wikimedia.org&utm_campaign=imageinfo&utm_content=thumbnail
routes	路由	https://upload.wikimedia.org/wikipedia/commons/f/fe/Routes_9_and_32_in_Glens_Falls.jpg?utm_source=commons.wikimedia.org&utm_campaign=imageinfo&utm_content=thumbnail_unscaled
routines	例程	https://upload.wikimedia.org/wikipedia/commons/b/b4/Faroe_stamp_515_everyday_life_in_the_viking_age.jpg?utm_source=commons.wikimedia.org&utm_campaign=imageinfo&utm_content=thumbnail_unscaled
routing	路由	
rows	行	https://thumb.wikimedia.org/wikipedia/commons/thumb/3/3d/Cable-upright-rows-1.png/120px-Cable-upright-rows-1.png?utm_source=commons.wikimedia.org&utm_campaign=imageinfo&utm_content=thumbnail
rubrics	评分标准	https://thumb.wikimedia.org/wikipedia/commons/thumb/e/e1/Gradual_of_King_John_Albert.jpg/250px-Gradual_of_King_John_Albert.jpg?utm_source=commons.wikimedia.org&utm_campaign=imageinfo&utm_content=thumbnail
rules	规则	https://thumb.wikimedia.org/wikipedia/commons/thumb/d/db/Army_Australian_rules_football_match_at_Bougainville_from_Tribune_23_August_1945.png/250px-Army_Australian_rules_football_match_at_Bougainville_from_Tribune_23_August_1945.png?utm_source=commons.wikimedia.org&utm_campaign=imageinfo&utm_content=thumbnail
run	运行	https://thumb.wikimedia.org/wikipedia/commons/thumb/1/16/Run_Run_Shaw_youth.jpg/250px-Run_Run_Shaw_youth.jpg?utm_source=commons.wikimedia.org&utm_campaign=imageinfo&utm_content=thumbnail
runbook	运行手册	https://thumb.wikimedia.org/wikipedia/commons/thumb/a/a8/Jennifer_Lawrence_TIFF_2012.jpg/250px-Jennifer_Lawrence_TIFF_2012.jpg?utm_source=commons.wikimedia.org&utm_campaign=imageinfo&utm_content=thumbnail
runbooks	运行手册	https://thumb.wikimedia.org/wikipedia/commons/thumb/a/a8/Jennifer_Lawrence_TIFF_2012.jpg/250px-Jennifer_Lawrence_TIFF_2012.jpg?utm_source=commons.wikimedia.org&utm_campaign=imageinfo&utm_content=thumbnail
running	运行	https://thumb.wikimedia.org/wikipedia/commons/thumb/4/42/Nude_woman_jumping%2C_running_straight_high_jump_%28rbm-QP301M8-1887-155c~11%29.jpg/120px-Nude_woman_jumping%2C_running_straight_high_jump_%28rbm-QP301M8-1887-155c~11%29.jpg?utm_source=commons.wikimedia.org&utm_campaign=imageinfo&utm_content=thumbnail
runs	运行	https://thumb.wikimedia.org/wikipedia/commons/thumb/d/db/Custer_and_White_Man_Runs_Him.jpg/250px-Custer_and_White_Man_Runs_Him.jpg?utm_source=commons.wikimedia.org&utm_campaign=imageinfo&utm_content=thumbnail
runway	跑道	https://thumb.wikimedia.org/wikipedia/commons/thumb/4/43/Runway_marks_before_landing_treshold_04.jpg/250px-Runway_marks_before_landing_treshold_04.jpg?utm_source=commons.wikimedia.org&utm_campaign=imageinfo&utm_content=thumbnail
safe	安全	https://thumb.wikimedia.org/wikipedia/commons/thumb/0/06/SAFE-route.png/250px-SAFE-route.png?utm_source=commons.wikimedia.org&utm_campaign=imageinfo&utm_content=thumbnail
safeguards	保障	
safely	安全地	https://thumb.wikimedia.org/wikipedia/commons/thumb/1/1a/Pool_Safely_at_the_PSP_Expo_%2830893188642%29.jpg/250px-Pool_Safely_at_the_PSP_Expo_%2830893188642%29.jpg?utm_source=commons.wikimedia.org&utm_campaign=imageinfo&utm_content=thumbnail
safer	更安全	https://thumb.wikimedia.org/wikipedia/commons/thumb/2/23/Morley_Safer_at_the_64th_Annual_Peabody_Awards_%28cropped%29.jpg/250px-Morley_Safer_at_the_64th_Annual_Peabody_Awards_%28cropped%29.jpg?utm_source=commons.wikimedia.org&utm_campaign=imageinfo&utm_content=thumbnail
safety	安全	https://upload.wikimedia.org/wikipedia/commons/e/e7/Safety_Label_for_laser.jpg?utm_source=commons.wikimedia.org&utm_campaign=imageinfo&utm_content=thumbnail_unscaled
sale	销售	https://thumb.wikimedia.org/wikipedia/commons/thumb/a/a7/Sale_-_Inaugurazione_tram.jpg/250px-Sale_-_Inaugurazione_tram.jpg?utm_source=commons.wikimedia.org&utm_campaign=imageinfo&utm_content=thumbnail
sales	销售	https://thumb.wikimedia.org/wikipedia/commons/thumb/8/8d/Tree.io_sales_screenshot.gif/250px-Tree.io_sales_screenshot.gif?utm_source=commons.wikimedia.org&utm_campaign=imageinfo&utm_content=thumbnail
same	相同	https://thumb.wikimedia.org/wikipedia/commons/thumb/2/21/Same_GNOME_704.png/250px-Same_GNOME_704.png?utm_source=commons.wikimedia.org&utm_campaign=imageinfo&utm_content=thumbnail
sample	样本	https://upload.wikimedia.org/wikipedia/commons/b/b8/Sample-3%2C_Floral.png?utm_source=commons.wikimedia.org&utm_campaign=imageinfo&utm_content=thumbnail_unscaled
samples	样本	https://thumb.wikimedia.org/wikipedia/commons/thumb/8/80/Soil_samples_-_waiting_to_be_tested_-_geograph.org.uk_-_1303159.jpg/250px-Soil_samples_-_waiting_to_be_tested_-_geograph.org.uk_-_1303159.jpg?utm_source=commons.wikimedia.org&utm_campaign=imageinfo&utm_content=thumbnail
sanctions	制裁	https://thumb.wikimedia.org/wikipedia/commons/thumb/9/9d/Koechler-sanctions-Arabic-title.jpg/250px-Koechler-sanctions-Arabic-title.jpg?utm_source=commons.wikimedia.org&utm_campaign=imageinfo&utm_content=thumbnail
sandbagging	隐瞒	https://thumb.wikimedia.org/wikipedia/commons/thumb/d/d4/No_Horsing_Around_When_Sandbagging_Home_of_Miss_Rodeo_ND_DVIDS389212.jpg/250px-No_Horsing_Around_When_Sandbagging_Home_of_Miss_Rodeo_ND_DVIDS389212.jpg?utm_source=commons.wikimedia.org&utm_campaign=imageinfo&utm_content=thumbnail
sandbox	沙箱	
sandboxes	沙箱	https://thumb.wikimedia.org/wikipedia/commons/thumb/2/29/Sandbox.jpg/250px-Sandbox.jpg?utm_source=commons.wikimedia.org&utm_campaign=imageinfo&utm_content=thumbnail
sanitization	净化	https://thumb.wikimedia.org/wikipedia/commons/thumb/f/f4/Mkultra-lsd-doc.jpg/250px-Mkultra-lsd-doc.jpg?utm_source=commons.wikimedia.org&utm_campaign=imageinfo&utm_content=thumbnail
satisfaction	满意	https://thumb.wikimedia.org/wikipedia/commons/thumb/f/f1/Satisfaction_Poll_-_Satisfaction_by_Project.png/250px-Satisfaction_Poll_-_Satisfaction_by_Project.png?utm_source=commons.wikimedia.org&utm_campaign=imageinfo&utm_content=thumbnail
saturation	饱和	https://thumb.wikimedia.org/wikipedia/commons/thumb/4/41/Hsv_Saturation_Chart.png/250px-Hsv_Saturation_Chart.png?utm_source=commons.wikimedia.org&utm_campaign=imageinfo&utm_content=thumbnail
save	保存	https://thumb.wikimedia.org/wikipedia/commons/thumb/3/34/Save_the_Children_-_Westgate_-_geograph.org.uk_-_1701862.jpg/250px-Save_the_Children_-_Westgate_-_geograph.org.uk_-_1701862.jpg?utm_source=commons.wikimedia.org&utm_campaign=imageinfo&utm_content=thumbnail
saving	保存	https://thumb.wikimedia.org/wikipedia/commons/thumb/7/7b/Life_Saving_Medal.jpg/120px-Life_Saving_Medal.jpg?utm_source=commons.wikimedia.org&utm_campaign=imageinfo&utm_content=thumbnail
say	说	https://thumb.wikimedia.org/wikipedia/commons/thumb/e/e4/Say_Thomas_1787-1834.png/250px-Say_Thomas_1787-1834.png?utm_source=commons.wikimedia.org&utm_campaign=imageinfo&utm_content=thumbnail
sboms	SBOM	
scaffold	脚手架	https://thumb.wikimedia.org/wikipedia/commons/thumb/5/50/Scaffold_pole_cross_on_Am_Binnein_-_geograph.org.uk_-_1268049.jpg/250px-Scaffold_pole_cross_on_Am_Binnein_-_geograph.org.uk_-_1268049.jpg?utm_source=commons.wikimedia.org&utm_campaign=imageinfo&utm_content=thumbnail
scale	扩展	https://thumb.wikimedia.org/wikipedia/commons/thumb/9/91/Mars_map_scale-coloured.png/40px-Mars_map_scale-coloured.png?utm_source=commons.wikimedia.org&utm_campaign=imageinfo&utm_content=thumbnail
scales	扩展	
scan	扫描	https://thumb.wikimedia.org/wikipedia/commons/thumb/d/d7/CT_scan_of_lung_cancer_with_cavitation.png/250px-CT_scan_of_lung_cancer_with_cavitation.png?utm_source=commons.wikimedia.org&utm_campaign=imageinfo&utm_content=thumbnail
scanning	扫描	https://thumb.wikimedia.org/wikipedia/commons/thumb/b/b7/Television_Scanning_Disk.png/250px-Television_Scanning_Disk.png?utm_source=commons.wikimedia.org&utm_campaign=imageinfo&utm_content=thumbnail
scans	扫描	https://thumb.wikimedia.org/wikipedia/commons/thumb/3/3d/PET-MIPS-anim.gif/250px-PET-MIPS-anim.gif?utm_source=commons.wikimedia.org&utm_campaign=imageinfo&utm_content=thumbnail
scare	惊吓	https://thumb.wikimedia.org/wikipedia/commons/thumb/7/7c/Close_the_gate_-_First_Red_Scare_political_cartoon.jpg/250px-Close_the_gate_-_First_Red_Scare_political_cartoon.jpg?utm_source=commons.wikimedia.org&utm_campaign=imageinfo&utm_content=thumbnail
scenarios	场景	https://thumb.wikimedia.org/wikipedia/commons/thumb/5/59/Ventilation_scenarios_considered_in_the_microbiology_laboratory.jpg/250px-Ventilation_scenarios_considered_in_the_microbiology_laboratory.jpg?utm_source=commons.wikimedia.org&utm_campaign=imageinfo&utm_content=thumbnail
schedule	日程	https://thumb.wikimedia.org/wikipedia/commons/thumb/4/4d/1987_Atlanta_Falcons_Pocket_Schedule.jpg/250px-1987_Atlanta_Falcons_Pocket_Schedule.jpg?utm_source=commons.wikimedia.org&utm_campaign=imageinfo&utm_content=thumbnail
schedules	日程	https://thumb.wikimedia.org/wikipedia/commons/thumb/8/88/Cks_timetable_1908.png/250px-Cks_timetable_1908.png?utm_source=commons.wikimedia.org&utm_campaign=imageinfo&utm_content=thumbnail
scheduling	排程	https://upload.wikimedia.org/wikipedia/commons/8/86/Apt_Traf-Sched_Dom.png?utm_source=commons.wikimedia.org&utm_campaign=imageinfo&utm_content=thumbnail_unscaled
schema	模式	https://thumb.wikimedia.org/wikipedia/commons/thumb/8/89/Archaeopteryx_schema_small.png/250px-Archaeopteryx_schema_small.png?utm_source=commons.wikimedia.org&utm_campaign=imageinfo&utm_content=thumbnail
schemas	模式	https://upload.wikimedia.org/wikipedia/commons/4/40/Dieulafoy_Schemas_minaret_tremblant.jpg?utm_source=commons.wikimedia.org&utm_campaign=imageinfo&utm_content=thumbnail_unscaled
schools	学校	
scope	范围	https://thumb.wikimedia.org/wikipedia/commons/thumb/6/6c/Scope_Beck_-_geograph.org.uk_-_283912.jpg/250px-Scope_Beck_-_geograph.org.uk_-_283912.jpg?utm_source=commons.wikimedia.org&utm_campaign=imageinfo&utm_content=thumbnail
scopes	范围	https://thumb.wikimedia.org/wikipedia/commons/thumb/2/2d/Scopes_S75.png/250px-Scopes_S75.png?utm_source=commons.wikimedia.org&utm_campaign=imageinfo&utm_content=thumbnail
score	分数	https://thumb.wikimedia.org/wikipedia/commons/thumb/0/00/Score_extension_example_2.png/250px-Score_extension_example_2.png?utm_source=commons.wikimedia.org&utm_campaign=imageinfo&utm_content=thumbnail
scorecards	记分卡	https://thumb.wikimedia.org/wikipedia/commons/thumb/2/2c/Carte_scores_golf_aix-les-bains_2.jpg/250px-Carte_scores_golf_aix-les-bains_2.jpg?utm_source=commons.wikimedia.org&utm_campaign=imageinfo&utm_content=thumbnail
scores	分数	https://thumb.wikimedia.org/wikipedia/commons/thumb/9/99/1909_Pitt_scores_second_touchdown_versus_Washington_%26_Jefferson.jpg/250px-1909_Pitt_scores_second_touchdown_versus_Washington_%26_Jefferson.jpg?utm_source=commons.wikimedia.org&utm_campaign=imageinfo&utm_content=thumbnail
scoring	评分	https://thumb.wikimedia.org/wikipedia/commons/thumb/2/2d/Revision_Scoring_as_a_Service_logo-rev2-animated.gif/250px-Revision_Scoring_as_a_Service_logo-rev2-animated.gif?utm_source=commons.wikimedia.org&utm_campaign=imageinfo&utm_content=thumbnail
scrape	抓取	https://thumb.wikimedia.org/wikipedia/commons/thumb/5/5d/Tall_silver_birch_above_Scrape_Bottom%2C_New_Forest_-_geograph.org.uk_-_625125.jpg/250px-Tall_silver_birch_above_Scrape_Bottom%2C_New_Forest_-_geograph.org.uk_-_625125.jpg?utm_source=commons.wikimedia.org&utm_campaign=imageinfo&utm_content=thumbnail
screen	屏幕	https://thumb.wikimedia.org/wikipedia/commons/thumb/4/47/Blue_Screen_Phone.jpg/250px-Blue_Screen_Phone.jpg?utm_source=commons.wikimedia.org&utm_campaign=imageinfo&utm_content=thumbnail
screening	筛查	https://thumb.wikimedia.org/wikipedia/commons/thumb/c/c9/ScreeningMaster.jpg/250px-ScreeningMaster.jpg?utm_source=commons.wikimedia.org&utm_campaign=imageinfo&utm_content=thumbnail
screens	屏幕	https://thumb.wikimedia.org/wikipedia/commons/thumb/2/2d/Morning_Sunshine_Through_Sight_Screens_-_geograph.org.uk_-_1238960.jpg/250px-Morning_Sunshine_Through_Sight_Screens_-_geograph.org.uk_-_1238960.jpg?utm_source=commons.wikimedia.org&utm_campaign=imageinfo&utm_content=thumbnail
screenshots	截图	
script	脚本	https://thumb.wikimedia.org/wikipedia/commons/thumb/b/bf/Javanese_script.png/250px-Javanese_script.png?utm_source=commons.wikimedia.org&utm_campaign=imageinfo&utm_content=thumbnail
scripts	脚本	https://thumb.wikimedia.org/wikipedia/commons/thumb/d/de/Tai_Scripts_Sample.png/120px-Tai_Scripts_Sample.png?utm_source=commons.wikimedia.org&utm_campaign=imageinfo&utm_content=thumbnail
scrum	Scrum	https://thumb.wikimedia.org/wikipedia/commons/thumb/f/f8/Scrum_Bath_v_Leinster_-_January_2006_H_Cup.jpg/250px-Scrum_Bath_v_Leinster_-_January_2006_H_Cup.jpg?utm_source=commons.wikimedia.org&utm_campaign=imageinfo&utm_content=thumbnail
search	搜索	https://upload.wikimedia.org/wikipedia/commons/f/f6/Search_box_monobook.PNG?utm_source=commons.wikimedia.org&utm_campaign=imageinfo&utm_content=thumbnail_unscaled
searchable	可搜索	https://thumb.wikimedia.org/wikipedia/commons/thumb/f/fe/Fed_search.png/250px-Fed_search.png?utm_source=commons.wikimedia.org&utm_campaign=imageinfo&utm_content=thumbnail
season	季节	https://thumb.wikimedia.org/wikipedia/commons/thumb/e/e6/Katrina_Kaif_at_the_opening_ceremony_of_Celebrity_Cricket_League_%28Season_3%29.jpg/250px-Katrina_Kaif_at_the_opening_ceremony_of_Celebrity_Cricket_League_%28Season_3%29.jpg?utm_source=commons.wikimedia.org&utm_campaign=imageinfo&utm_content=thumbnail
seasons	季节	https://thumb.wikimedia.org/wikipedia/commons/thumb/7/7b/%22Seasons%22_-_geograph.org.uk_-_376651.jpg/250px-%22Seasons%22_-_geograph.org.uk_-_376651.jpg?utm_source=commons.wikimedia.org&utm_campaign=imageinfo&utm_content=thumbnail
seating	座位	https://thumb.wikimedia.org/wikipedia/commons/thumb/c/c6/Covered_seating%2C_Ruskin_Park_SE5_-_geograph.org.uk_-_1312730.jpg/250px-Covered_seating%2C_Ruskin_Park_SE5_-_geograph.org.uk_-_1312730.jpg?utm_source=commons.wikimedia.org&utm_campaign=imageinfo&utm_content=thumbnail
seats	席位	https://thumb.wikimedia.org/wikipedia/commons/thumb/8/86/Seats_on_Barnet_Hill_-_geograph.org.uk_-_371010.jpg/250px-Seats_on_Barnet_Hill_-_geograph.org.uk_-_371010.jpg?utm_source=commons.wikimedia.org&utm_campaign=imageinfo&utm_content=thumbnail
secrecy	保密	https://thumb.wikimedia.org/wikipedia/commons/thumb/0/01/Scientific_classification%28no_text%29.png/120px-Scientific_classification%28no_text%29.png?utm_source=commons.wikimedia.org&utm_campaign=imageinfo&utm_content=thumbnail
secrets	密钥	https://thumb.wikimedia.org/wikipedia/commons/thumb/d/dc/Dark_Secrets_%281923%29_-_4.jpg/120px-Dark_Secrets_%281923%29_-_4.jpg?utm_source=commons.wikimedia.org&utm_campaign=imageinfo&utm_content=thumbnail
secure	安全	https://upload.wikimedia.org/wikipedia/commons/e/e5/Secure-digital-card-256mb.png?utm_source=commons.wikimedia.org&utm_campaign=imageinfo&utm_content=thumbnail_unscaled
securely	安全地	https://upload.wikimedia.org/wikipedia/commons/c/c5/HTTPS_Everywhere_logo.png?utm_source=commons.wikimedia.org&utm_campaign=imageinfo&utm_content=thumbnail_unscaled
security	安全	https://upload.wikimedia.org/wikipedia/commons/e/e9/Unstamp_security_council_3.jpg?utm_source=commons.wikimedia.org&utm_campaign=imageinfo&utm_content=thumbnail_unscaled
see	看	https://upload.wikimedia.org/wikipedia/commons/3/3c/Emblem_of_the_Holy_See_%28from_Vatican_City_flag_of_the_CIA_World_Factbook%29.png?utm_source=commons.wikimedia.org&utm_campaign=imageinfo&utm_content=thumbnail_unscaled
seed	种子	https://thumb.wikimedia.org/wikipedia/commons/thumb/9/9d/Millettia_pinnata_seed_and_pods.jpg/250px-Millettia_pinnata_seed_and_pods.jpg?utm_source=commons.wikimedia.org&utm_campaign=imageinfo&utm_content=thumbnail
segmentation	分段	https://thumb.wikimedia.org/wikipedia/commons/thumb/e/e3/Industrial_market_segmentation-2.jpg/250px-Industrial_market_segmentation-2.jpg?utm_source=commons.wikimedia.org&utm_campaign=imageinfo&utm_content=thumbnail
selectively	有选择地	https://thumb.wikimedia.org/wikipedia/commons/thumb/f/f5/Free-Fatty-Acid-Induced-PP2A-Hyperactivity-Selectively-Impairs-Hepatic-Insulin-Action-on-Glucose-pone.0027424.g008.jpg/250px-Free-Fatty-Acid-Induced-PP2A-Hyperactivity-Selectively-Impairs-Hepatic-Insulin-Action-on-Glucose-pone.0027424.g008.jpg?utm_source=commons.wikimedia.org&utm_campaign=imageinfo&utm_content=thumbnail
self	自己	https://thumb.wikimedia.org/wikipedia/commons/thumb/c/c4/Self_diagram.gif/250px-Self_diagram.gif?utm_source=commons.wikimedia.org&utm_campaign=imageinfo&utm_content=thumbnail
semantic	语义	https://thumb.wikimedia.org/wikipedia/commons/thumb/0/04/Semantic_model1.png/250px-Semantic_model1.png?utm_source=commons.wikimedia.org&utm_campaign=imageinfo&utm_content=thumbnail
send	发送	
sending	发送	https://thumb.wikimedia.org/wikipedia/commons/thumb/f/fb/Angling_at_Send_-_geograph.org.uk_-_702554.jpg/250px-Angling_at_Send_-_geograph.org.uk_-_702554.jpg?utm_source=commons.wikimedia.org&utm_campaign=imageinfo&utm_content=thumbnail
sensitive	敏感	https://thumb.wikimedia.org/wikipedia/commons/thumb/3/35/Sensitive_Plant_frontispiece.jpg/250px-Sensitive_Plant_frontispiece.jpg?utm_source=commons.wikimedia.org&utm_campaign=imageinfo&utm_content=thumbnail
sensitivity	敏感度	https://thumb.wikimedia.org/wikipedia/commons/thumb/e/e4/Stokes_method_of_sensitivity_testing.JPG/250px-Stokes_method_of_sensitivity_testing.JPG?utm_source=commons.wikimedia.org&utm_campaign=imageinfo&utm_content=thumbnail
sensor	传感器	https://thumb.wikimedia.org/wikipedia/commons/thumb/7/7e/Hall_sensor_tach.gif/250px-Hall_sensor_tach.gif?utm_source=commons.wikimedia.org&utm_campaign=imageinfo&utm_content=thumbnail
sensors	传感器	https://thumb.wikimedia.org/wikipedia/commons/thumb/3/38/Capacitive_sensors_NOG.jpg/250px-Capacitive_sensors_NOG.jpg?utm_source=commons.wikimedia.org&utm_campaign=imageinfo&utm_content=thumbnail
sentences	句子	https://thumb.wikimedia.org/wikipedia/commons/thumb/6/68/Oeuures_morales_et_diuersifiees_en_histoires%2C_pleines_de_beaux_exemples%2C_enrichies_d%27enseignemens_vertueux%2C_and_embellies_de_plusieurs_sentences_and_discours._L%C3%A9_tout_tir%C3%A9_des_plus_signalez_and_%2814782956942%29.jpg/250px-thumbnail.jpg?utm_source=commons.wikimedia.org&utm_campaign=imageinfo&utm_content=thumbnail
sentiment	情绪	https://thumb.wikimedia.org/wikipedia/commons/thumb/c/c7/168_Ce_sentiment_de_l%27%C3%A9t%C3%A9_Fr.jpg/250px-168_Ce_sentiment_de_l%27%C3%A9t%C3%A9_Fr.jpg?utm_source=commons.wikimedia.org&utm_campaign=imageinfo&utm_content=thumbnail
seo	SEO	https://thumb.wikimedia.org/wikipedia/commons/thumb/8/87/Oh_Yeon-seo_in_May_2017.jpg/250px-Oh_Yeon-seo_in_May_2017.jpg?utm_source=commons.wikimedia.org&utm_campaign=imageinfo&utm_content=thumbnail
separate	分开	https://upload.wikimedia.org/wikipedia/commons/4/40/532nd_Separate_Maintenance_Regiment_SSI_%28old%2C_subdued%29.png?utm_source=commons.wikimedia.org&utm_campaign=imageinfo&utm_content=thumbnail_unscaled
series	系列	https://thumb.wikimedia.org/wikipedia/commons/thumb/6/63/FINA_Diving_World_Series_2013_-_Moscow_%28RUS%29_-_Day_3_-_Yulia_Koltunova.JPG/120px-FINA_Diving_World_Series_2013_-_Moscow_%28RUS%29_-_Day_3_-_Yulia_Koltunova.JPG?utm_source=commons.wikimedia.org&utm_campaign=imageinfo&utm_content=thumbnail
serious	严重	
serve	服务	https://thumb.wikimedia.org/wikipedia/commons/thumb/8/85/Paul_de_borman%2C_making_a_serve_%28step_2_of_3%29.jpg/120px-Paul_de_borman%2C_making_a_serve_%28step_2_of_3%29.jpg?utm_source=commons.wikimedia.org&utm_campaign=imageinfo&utm_content=thumbnail
server	服务器	https://thumb.wikimedia.org/wikipedia/commons/thumb/b/b0/Eurotux-Application-Server-Platform-logo.jpg/250px-Eurotux-Application-Server-Platform-logo.jpg?utm_source=commons.wikimedia.org&utm_campaign=imageinfo&utm_content=thumbnail
servers	服务器	https://thumb.wikimedia.org/wikipedia/commons/thumb/1/1c/Webserver.jpg/250px-Webserver.jpg?utm_source=commons.wikimedia.org&utm_campaign=imageinfo&utm_content=thumbnail
service	服务	https://thumb.wikimedia.org/wikipedia/commons/thumb/f/fd/National_Park_Service_9-11_Statue_of_Liberty_and_WTC_fire.jpg/250px-National_Park_Service_9-11_Statue_of_Liberty_and_WTC_fire.jpg?utm_source=commons.wikimedia.org&utm_campaign=imageinfo&utm_content=thumbnail
services	服务	https://thumb.wikimedia.org/wikipedia/commons/thumb/3/35/Veolia_Environmental_Services_-_geograph.org.uk_-_858453.jpg/250px-Veolia_Environmental_Services_-_geograph.org.uk_-_858453.jpg?utm_source=commons.wikimedia.org&utm_campaign=imageinfo&utm_content=thumbnail
serving	服务	https://thumb.wikimedia.org/wikipedia/commons/thumb/5/55/Woman_Serving_Food.jpg/250px-Woman_Serving_Food.jpg?utm_source=commons.wikimedia.org&utm_campaign=imageinfo&utm_content=thumbnail
session	会话	https://thumb.wikimedia.org/wikipedia/commons/thumb/7/75/Silvio_Berlusconi_during_an_address_to_a_joint_session_of_Congress%2C_Wednesday%2C_March_1%2C_2006_%28cut%29.jpg/250px-Silvio_Berlusconi_during_an_address_to_a_joint_session_of_Congress%2C_Wednesday%2C_March_1%2C_2006_%28cut%29.jpg?utm_source=commons.wikimedia.org&utm_campaign=imageinfo&utm_content=thumbnail
sessions	会话	https://thumb.wikimedia.org/wikipedia/commons/thumb/3/38/Pete_Sessions%2C_official_109th_Congress_photo.jpg/250px-Pete_Sessions%2C_official_109th_Congress_photo.jpg?utm_source=commons.wikimedia.org&utm_campaign=imageinfo&utm_content=thumbnail
set	设置	https://upload.wikimedia.org/wikipedia/commons/4/4b/Two_sets.png?utm_source=commons.wikimedia.org&utm_campaign=imageinfo&utm_content=thumbnail_unscaled
sets	集合	https://upload.wikimedia.org/wikipedia/commons/4/4b/Two_sets.png?utm_source=commons.wikimedia.org&utm_campaign=imageinfo&utm_content=thumbnail_unscaled
setting	设置	
settle	结算	https://thumb.wikimedia.org/wikipedia/commons/thumb/e/e2/The_Settle_Down_Cafe%2C_Settle_-_geograph.org.uk_-_831717.jpg/250px-The_Settle_Down_Cafe%2C_Settle_-_geograph.org.uk_-_831717.jpg?utm_source=commons.wikimedia.org&utm_campaign=imageinfo&utm_content=thumbnail
setup	安装	https://thumb.wikimedia.org/wikipedia/commons/thumb/c/cc/Inno_Setup_icon.png/250px-Inno_Setup_icon.png?utm_source=commons.wikimedia.org&utm_campaign=imageinfo&utm_content=thumbnail
setups	安装	https://thumb.wikimedia.org/wikipedia/commons/thumb/b/b3/Press_setups_at_the_RNC_%282827939891%29.jpg/250px-Press_setups_at_the_RNC_%282827939891%29.jpg?utm_source=commons.wikimedia.org&utm_campaign=imageinfo&utm_content=thumbnail
severe	严重	https://thumb.wikimedia.org/wikipedia/commons/thumb/d/dc/Severe_Gynecomastia.jpg/250px-Severe_Gynecomastia.jpg?utm_source=commons.wikimedia.org&utm_campaign=imageinfo&utm_content=thumbnail
severity	严重性	https://thumb.wikimedia.org/wikipedia/commons/thumb/a/a2/Open_Data_Quality_Severity_Criteria_Score_Card.png/250px-Open_Data_Quality_Severity_Criteria_Score_Card.png?utm_source=commons.wikimedia.org&utm_campaign=imageinfo&utm_content=thumbnail
shadowing	跟随	https://thumb.wikimedia.org/wikipedia/commons/thumb/9/9c/AndrejJ.JPG/250px-AndrejJ.JPG?utm_source=commons.wikimedia.org&utm_campaign=imageinfo&utm_content=thumbnail
shallow	浅	https://thumb.wikimedia.org/wikipedia/commons/thumb/3/37/Shallow_water_waves.gif/250px-Shallow_water_waves.gif?utm_source=commons.wikimedia.org&utm_campaign=imageinfo&utm_content=thumbnail
shaming	羞辱	https://thumb.wikimedia.org/wikipedia/commons/thumb/2/2f/Shame_%281921%29_-_1.jpg/120px-Shame_%281921%29_-_1.jpg?utm_source=commons.wikimedia.org&utm_campaign=imageinfo&utm_content=thumbnail
shape	形状	https://thumb.wikimedia.org/wikipedia/commons/thumb/d/d3/Shape_picutre_used_in_experiment.gif/250px-Shape_picutre_used_in_experiment.gif?utm_source=commons.wikimedia.org&utm_campaign=imageinfo&utm_content=thumbnail
shaped	成形	https://thumb.wikimedia.org/wikipedia/commons/thumb/4/4e/V-Shaped_Valley%2C_Bramshott_-_geograph.org.uk_-_1298232.jpg/250px-V-Shaped_Valley%2C_Bramshott_-_geograph.org.uk_-_1298232.jpg?utm_source=commons.wikimedia.org&utm_campaign=imageinfo&utm_content=thumbnail
shapes	形状	
shard	分片	https://thumb.wikimedia.org/wikipedia/commons/thumb/8/8c/The_Shard_rising_above_London_Bridge_Station_-_geograph.org.uk_-_2248460.jpg/250px-The_Shard_rising_above_London_Bridge_Station_-_geograph.org.uk_-_2248460.jpg?utm_source=commons.wikimedia.org&utm_campaign=imageinfo&utm_content=thumbnail
sharding	分片	https://thumb.wikimedia.org/wikipedia/commons/thumb/8/8c/The_Shard_rising_above_London_Bridge_Station_-_geograph.org.uk_-_2248460.jpg/250px-The_Shard_rising_above_London_Bridge_Station_-_geograph.org.uk_-_2248460.jpg?utm_source=commons.wikimedia.org&utm_campaign=imageinfo&utm_content=thumbnail
share	分享	https://thumb.wikimedia.org/wikipedia/commons/thumb/e/ea/Light_share_1886.jpg/250px-Light_share_1886.jpg?utm_source=commons.wikimedia.org&utm_campaign=imageinfo&utm_content=thumbnail
shared	共享	https://upload.wikimedia.org/wikipedia/commons/f/f1/Shared-logo.png?utm_source=commons.wikimedia.org&utm_campaign=imageinfo&utm_content=thumbnail_unscaled
sharing	分享	https://thumb.wikimedia.org/wikipedia/commons/thumb/1/14/Sharing_in_Phoenix_%287403629604%29.jpg/250px-Sharing_in_Phoenix_%287403629604%29.jpg?utm_source=commons.wikimedia.org&utm_campaign=imageinfo&utm_content=thumbnail
shelter	庇护	https://thumb.wikimedia.org/wikipedia/commons/thumb/9/9e/Construction_of_Air-raid_shelter_in_Japan.JPG/250px-Construction_of_Air-raid_shelter_in_Japan.JPG?utm_source=commons.wikimedia.org&utm_campaign=imageinfo&utm_content=thumbnail
shift	班次	https://thumb.wikimedia.org/wikipedia/commons/thumb/3/3a/Key_Shift.jpg/250px-Key_Shift.jpg?utm_source=commons.wikimedia.org&utm_campaign=imageinfo&utm_content=thumbnail
shifts	班次	https://thumb.wikimedia.org/wikipedia/commons/thumb/9/9f/Thin_film_optics_Phase_shifts_of_reflected_rays.png/250px-Thin_film_optics_Phase_shifts_of_reflected_rays.png?utm_source=commons.wikimedia.org&utm_campaign=imageinfo&utm_content=thumbnail
ship	发布	https://thumb.wikimedia.org/wikipedia/commons/thumb/f/fc/Spurn_Lighthouse_Ship_-_geograph.org.uk_-_159830.jpg/250px-Spurn_Lighthouse_Ship_-_geograph.org.uk_-_159830.jpg?utm_source=commons.wikimedia.org&utm_campaign=imageinfo&utm_content=thumbnail
shipment	发货	https://upload.wikimedia.org/wikipedia/commons/2/2b/Shipment_position_1.png?utm_source=commons.wikimedia.org&utm_campaign=imageinfo&utm_content=thumbnail_unscaled
shipped	已发布	
shipping	发布	https://thumb.wikimedia.org/wikipedia/commons/thumb/3/38/GI_loads_a_shipping_container.jpg/250px-GI_loads_a_shipping_container.jpg?utm_source=commons.wikimedia.org&utm_campaign=imageinfo&utm_content=thumbnail
ships	发布	https://thumb.wikimedia.org/wikipedia/commons/thumb/7/72/Tall_Ships_Race_at_Portsmouth._-_geograph.org.uk_-_178060.jpg/250px-Tall_Ships_Race_at_Portsmouth._-_geograph.org.uk_-_178060.jpg?utm_source=commons.wikimedia.org&utm_campaign=imageinfo&utm_content=thumbnail
short	短	https://upload.wikimedia.org/wikipedia/commons/9/93/Shortfilm.png?utm_source=commons.wikimedia.org&utm_campaign=imageinfo&utm_content=thumbnail_unscaled
shortcuts	快捷方式	https://thumb.wikimedia.org/wikipedia/commons/thumb/c/c5/Apple_Shortcuts_Logo.jpg/250px-Apple_Shortcuts_Logo.jpg?utm_source=commons.wikimedia.org&utm_campaign=imageinfo&utm_content=thumbnail
should	应该	https://thumb.wikimedia.org/wikipedia/commons/thumb/9/9d/Should_ewe_be_here%5E_-_geograph.org.uk_-_1805728.jpg/250px-Should_ewe_be_here%5E_-_geograph.org.uk_-_1805728.jpg?utm_source=commons.wikimedia.org&utm_campaign=imageinfo&utm_content=thumbnail
show	显示	https://upload.wikimedia.org/wikipedia/commons/8/87/Austin_Show_2020.png?utm_source=commons.wikimedia.org&utm_campaign=imageinfo&utm_content=thumbnail_unscaled
showcase	展示	https://thumb.wikimedia.org/wikipedia/commons/thumb/1/1c/Showcase_Cinemas_Chile.jpg/250px-Showcase_Cinemas_Chile.jpg?utm_source=commons.wikimedia.org&utm_campaign=imageinfo&utm_content=thumbnail
shows	显示	https://thumb.wikimedia.org/wikipedia/commons/thumb/3/3e/Wallace_Shows_%282%29.jpg/250px-Wallace_Shows_%282%29.jpg?utm_source=commons.wikimedia.org&utm_campaign=imageinfo&utm_content=thumbnail
shutdown	关闭	https://thumb.wikimedia.org/wikipedia/commons/thumb/7/7d/Union_Activists_and_Elected_Officials_Rally_in_Philly_to_End_the_Shutdown_%2832815156168%29.jpg/120px-Union_Activists_and_Elected_Officials_Rally_in_Philly_to_End_the_Shutdown_%2832815156168%29.jpg?utm_source=commons.wikimedia.org&utm_campaign=imageinfo&utm_content=thumbnail
sick	生病	https://upload.wikimedia.org/wikipedia/commons/7/76/Blake_sick_rose.jpg?utm_source=commons.wikimedia.org&utm_campaign=imageinfo&utm_content=thumbnail_unscaled
side	侧面	https://upload.wikimedia.org/wikipedia/commons/c/c9/EUR_0.01_edge_%282002_issue%29.png?utm_source=commons.wikimedia.org&utm_campaign=imageinfo&utm_content=thumbnail_unscaled
sign	签署	https://thumb.wikimedia.org/wikipedia/commons/thumb/9/91/Fucking%2C_Austria%2C_street_sign_cropped.jpg/250px-Fucking%2C_Austria%2C_street_sign_cropped.jpg?utm_source=commons.wikimedia.org&utm_campaign=imageinfo&utm_content=thumbnail
signal	信号	https://thumb.wikimedia.org/wikipedia/commons/thumb/9/92/Sheringham_West_signal_box_-_geograph.org.uk_-_1030162.jpg/250px-Sheringham_West_signal_box_-_geograph.org.uk_-_1030162.jpg?utm_source=commons.wikimedia.org&utm_campaign=imageinfo&utm_content=thumbnail
signals	信号	https://thumb.wikimedia.org/wikipedia/commons/thumb/1/10/Signals_and_signal_box_-_geograph.org.uk_-_1307474.jpg/250px-Signals_and_signal_box_-_geograph.org.uk_-_1307474.jpg?utm_source=commons.wikimedia.org&utm_campaign=imageinfo&utm_content=thumbnail
signature	签名	https://thumb.wikimedia.org/wikipedia/commons/thumb/2/28/Signature_of_Katsushika_Hokusai.png/120px-Signature_of_Katsushika_Hokusai.png?utm_source=commons.wikimedia.org&utm_campaign=imageinfo&utm_content=thumbnail
signatures	签名	https://thumb.wikimedia.org/wikipedia/commons/thumb/3/3a/Signatures_L%C3%A9on_Zanella.jpg/60px-Signatures_L%C3%A9on_Zanella.jpg?utm_source=commons.wikimedia.org&utm_campaign=imageinfo&utm_content=thumbnail
signed	已签署	https://thumb.wikimedia.org/wikipedia/commons/thumb/7/7b/Assinatura_Lopo_Soares_2.jpg/250px-Assinatura_Lopo_Soares_2.jpg?utm_source=commons.wikimedia.org&utm_campaign=imageinfo&utm_content=thumbnail
signers	签署人	https://thumb.wikimedia.org/wikipedia/commons/thumb/4/4c/THIS_IS_AMERICA..._WHERE_THE_SIGNERS_OF_THE_DECLARATION_PLEDGED._-_DPLA_-_5011640607e618be2261960d53b93892.gif/250px-THIS_IS_AMERICA..._WHERE_THE_SIGNERS_OF_THE_DECLARATION_PLEDGED._-_DPLA_-_5011640607e618be2261960d53b93892.gif?utm_source=commons.wikimedia.org&utm_campaign=imageinfo&utm_content=thumbnail
significantly	显著地	https://thumb.wikimedia.org/wikipedia/commons/thumb/d/da/Riggs_John_M.jpg/250px-Riggs_John_M.jpg?utm_source=commons.wikimedia.org&utm_campaign=imageinfo&utm_content=thumbnail
signups	注册	https://upload.wikimedia.org/wikipedia/commons/2/2a/Runway_signup_logo_text_237x45.jpg?utm_source=commons.wikimedia.org&utm_campaign=imageinfo&utm_content=thumbnail_unscaled
silence	沉默	
silent	无声	https://thumb.wikimedia.org/wikipedia/commons/thumb/e/e5/Wildness_of_Youth_%281922_silent_film%29_lo_res.JPG/120px-Wildness_of_Youth_%281922_silent_film%29_lo_res.JPG?utm_source=commons.wikimedia.org&utm_campaign=imageinfo&utm_content=thumbnail
silos	孤岛	https://thumb.wikimedia.org/wikipedia/commons/thumb/a/ad/The_sugar_factory_silos_-_geograph.org.uk_-_870060.jpg/250px-The_sugar_factory_silos_-_geograph.org.uk_-_870060.jpg?utm_source=commons.wikimedia.org&utm_campaign=imageinfo&utm_content=thumbnail
similar	相似	https://thumb.wikimedia.org/wikipedia/commons/thumb/0/0a/Similar_figures.png/250px-Similar_figures.png?utm_source=commons.wikimedia.org&utm_campaign=imageinfo&utm_content=thumbnail
similarity	相似度	https://thumb.wikimedia.org/wikipedia/commons/thumb/7/7c/Standard_self-similarity.png/250px-Standard_self-similarity.png?utm_source=commons.wikimedia.org&utm_campaign=imageinfo&utm_content=thumbnail
simple	简单	https://upload.wikimedia.org/wikipedia/commons/d/df/Wikipedia-logo-simple.png?utm_source=commons.wikimedia.org&utm_campaign=imageinfo&utm_content=thumbnail_unscaled
simpler	更简单	https://thumb.wikimedia.org/wikipedia/commons/thumb/d/d3/%22The_simpler%2C_earlier_stone%22_Aberlemno_-_geograph.org.uk_-_363672.jpg/120px-%22The_simpler%2C_earlier_stone%22_Aberlemno_-_geograph.org.uk_-_363672.jpg?utm_source=commons.wikimedia.org&utm_campaign=imageinfo&utm_content=thumbnail
simulate	模拟	https://thumb.wikimedia.org/wikipedia/commons/thumb/a/af/US_Navy_100829-N-2686K-148_Sailors_assigned_to_the_air_department_aboard_the_aircraft_carrier_USS_George_H.W._Bush_%28CVN_77%29_simulate_transporting_a_wounded_Sailor_during_a_mass_casualty_training_drill_on_the_ship%27s_flight_deck.jpg/250px-thumbnail.jpg?utm_source=commons.wikimedia.org&utm_campaign=imageinfo&utm_content=thumbnail
simulation	模拟	https://thumb.wikimedia.org/wikipedia/commons/thumb/b/bf/Simulation_approaches_vs_abstraction_levels.jpg/250px-Simulation_approaches_vs_abstraction_levels.jpg?utm_source=commons.wikimedia.org&utm_campaign=imageinfo&utm_content=thumbnail
since	自从	https://thumb.wikimedia.org/wikipedia/commons/thumb/6/6c/Chewton_Bunny_-_county_boundary_since_1974_-_geograph.org.uk_-_506536.jpg/250px-Chewton_Bunny_-_county_boundary_since_1974_-_geograph.org.uk_-_506536.jpg?utm_source=commons.wikimedia.org&utm_campaign=imageinfo&utm_content=thumbnail
single	单个	https://thumb.wikimedia.org/wikipedia/commons/thumb/9/99/The_Single_Track_%281921%29_-_1.jpg/250px-The_Single_Track_%281921%29_-_1.jpg?utm_source=commons.wikimedia.org&utm_campaign=imageinfo&utm_content=thumbnail
sink	汇	
site	站点	https://thumb.wikimedia.org/wikipedia/commons/thumb/3/31/Site_of_Little_Saxham_Hall_-_geograph.org.uk_-_285853.jpg/250px-Site_of_Little_Saxham_Hall_-_geograph.org.uk_-_285853.jpg?utm_source=commons.wikimedia.org&utm_campaign=imageinfo&utm_content=thumbnail
sites	站点	https://thumb.wikimedia.org/wikipedia/commons/thumb/8/83/1989_-_Lucas_Watermills_Archaeological_Sites_-_SHR_Plan_-_Brisbane_Mill_%285063418b100%29.jpg/250px-1989_-_Lucas_Watermills_Archaeological_Sites_-_SHR_Plan_-_Brisbane_Mill_%285063418b100%29.jpg?utm_source=commons.wikimedia.org&utm_campaign=imageinfo&utm_content=thumbnail
size	大小	https://upload.wikimedia.org/wikipedia/commons/e/eb/5-Astraea-Size_rus.png?utm_source=commons.wikimedia.org&utm_campaign=imageinfo&utm_content=thumbnail_unscaled
sizes	大小	https://thumb.wikimedia.org/wikipedia/commons/thumb/5/58/Relative_Sizes_of_the_Planets_%284110039700%29.jpg/250px-Relative_Sizes_of_the_Planets_%284110039700%29.jpg?utm_source=commons.wikimedia.org&utm_campaign=imageinfo&utm_content=thumbnail
skeletons	骨架	https://thumb.wikimedia.org/wikipedia/commons/thumb/8/87/Skeletons.png/250px-Skeletons.png?utm_source=commons.wikimedia.org&utm_campaign=imageinfo&utm_content=thumbnail
skill	技能	https://thumb.wikimedia.org/wikipedia/commons/thumb/c/c7/Edward_Skill_-_from_Svenskt_Portr%C3%A4ttgalleri_XX.png/250px-Edward_Skill_-_from_Svenskt_Portr%C3%A4ttgalleri_XX.png?utm_source=commons.wikimedia.org&utm_campaign=imageinfo&utm_content=thumbnail
skills	技能	https://thumb.wikimedia.org/wikipedia/commons/thumb/4/46/Skills_for_Business_-_geograph.org.uk_-_403740.jpg/250px-Skills_for_Business_-_geograph.org.uk_-_403740.jpg?utm_source=commons.wikimedia.org&utm_campaign=imageinfo&utm_content=thumbnail
slang	俚语	https://upload.wikimedia.org/wikipedia/commons/6/69/B_initial_%28Dict_Slang%29.png?utm_source=commons.wikimedia.org&utm_campaign=imageinfo&utm_content=thumbnail_unscaled
slas	SLA	https://thumb.wikimedia.org/wikipedia/commons/thumb/5/51/Ehemalige_wasserbetriebene_M%C3%BChle_%22Slas%22_in_Polcenigo%2C_Provinz_Pordenone%2C_Italien%2C_Europ%C3%A4ische_Union.jpg/250px-Ehemalige_wasserbetriebene_M%C3%BChle_%22Slas%22_in_Polcenigo%2C_Provinz_Pordenone%2C_Italien%2C_Europ%C3%A4ische_Union.jpg?utm_source=commons.wikimedia.org&utm_campaign=imageinfo&utm_content=thumbnail
sleep	睡眠	https://upload.wikimedia.org/wikipedia/commons/0/0d/Sleeping_baby.png?utm_source=commons.wikimedia.org&utm_campaign=imageinfo&utm_content=thumbnail_unscaled
slice	切片	
slides	幻灯片	https://thumb.wikimedia.org/wikipedia/commons/thumb/4/44/Waterpark_Slides.jpg/250px-Waterpark_Slides.jpg?utm_source=commons.wikimedia.org&utm_campaign=imageinfo&utm_content=thumbnail
slips	失误	https://thumb.wikimedia.org/wikipedia/commons/thumb/e/e6/Lone_golfer_slips_through_the_trees_-_geograph.org.uk_-_1042501.jpg/250px-Lone_golfer_slips_through_the_trees_-_geograph.org.uk_-_1042501.jpg?utm_source=commons.wikimedia.org&utm_campaign=imageinfo&utm_content=thumbnail
slots	名额	https://thumb.wikimedia.org/wikipedia/commons/thumb/f/fe/Slot_honingen_kralingen_15de-eeuw.jpg/250px-Slot_honingen_kralingen_15de-eeuw.jpg?utm_source=commons.wikimedia.org&utm_campaign=imageinfo&utm_content=thumbnail
slow	慢	https://thumb.wikimedia.org/wikipedia/commons/thumb/2/2b/Slow_djing_in_Helsinki.jpg/250px-Slow_djing_in_Helsinki.jpg?utm_source=commons.wikimedia.org&utm_campaign=imageinfo&utm_content=thumbnail
slowly	慢慢地	https://thumb.wikimedia.org/wikipedia/commons/thumb/1/1b/Slowly_sinking_-_geograph.org.uk_-_711702.jpg/250px-Slowly_sinking_-_geograph.org.uk_-_711702.jpg?utm_source=commons.wikimedia.org&utm_campaign=imageinfo&utm_content=thumbnail
slows	变慢	https://thumb.wikimedia.org/wikipedia/commons/thumb/7/73/The_Burn_Slows_Down_-_geograph.org.uk_-_825794.jpg/250px-The_Burn_Slows_Down_-_geograph.org.uk_-_825794.jpg?utm_source=commons.wikimedia.org&utm_campaign=imageinfo&utm_content=thumbnail
small	小	https://thumb.wikimedia.org/wikipedia/commons/thumb/3/3d/Illu_small_intestine.jpg/250px-Illu_small_intestine.jpg?utm_source=commons.wikimedia.org&utm_campaign=imageinfo&utm_content=thumbnail
smaller	更小	https://thumb.wikimedia.org/wikipedia/commons/thumb/1/1a/S.Z._Sakall_in_Small_Town_Girl_trailer.jpg/250px-S.Z._Sakall_in_Small_Town_Girl_trailer.jpg?utm_source=commons.wikimedia.org&utm_campaign=imageinfo&utm_content=thumbnail
smart	聪明	https://thumb.wikimedia.org/wikipedia/commons/thumb/f/fa/Smart_cars_%282003%29.jpg/250px-Smart_cars_%282003%29.jpg?utm_source=commons.wikimedia.org&utm_campaign=imageinfo&utm_content=thumbnail
smoothly	平滑地	https://thumb.wikimedia.org/wikipedia/commons/thumb/d/d1/Collie_%28smooth%29_from_1915.JPG/250px-Collie_%28smooth%29_from_1915.JPG?utm_source=commons.wikimedia.org&utm_campaign=imageinfo&utm_content=thumbnail
sms	短信	
snapshot	快照	https://thumb.wikimedia.org/wikipedia/commons/thumb/c/cd/The_Child_Stealers_%281904%29_snapshot_1.jpg/250px-The_Child_Stealers_%281904%29_snapshot_1.jpg?utm_source=commons.wikimedia.org&utm_campaign=imageinfo&utm_content=thumbnail
so	以便	
social	社交	https://thumb.wikimedia.org/wikipedia/commons/thumb/a/a7/Social_media_v.1.0.jpg/250px-Social_media_v.1.0.jpg?utm_source=commons.wikimedia.org&utm_campaign=imageinfo&utm_content=thumbnail
sock	插座	https://thumb.wikimedia.org/wikipedia/commons/thumb/1/18/Ladies_all-wool_socks_1904.jpg/120px-Ladies_all-wool_socks_1904.jpg?utm_source=commons.wikimedia.org&utm_campaign=imageinfo&utm_content=thumbnail
soft	软	https://upload.wikimedia.org/wikipedia/commons/8/8f/Urge_%28soft_drink%29.jpg?utm_source=commons.wikimedia.org&utm_campaign=imageinfo&utm_content=thumbnail_unscaled
software	软件	https://thumb.wikimedia.org/wikipedia/commons/thumb/8/8a/Files_%28software%29_screenshot_%28showcasing_file_tags%29.png/250px-Files_%28software%29_screenshot_%28showcasing_file_tags%29.png?utm_source=commons.wikimedia.org&utm_campaign=imageinfo&utm_content=thumbnail
sold	已售	https://thumb.wikimedia.org/wikipedia/commons/thumb/c/c1/Bili%C5%84ska_Joseph_sold_by_his_brothers.jpg/250px-Bili%C5%84ska_Joseph_sold_by_his_brothers.jpg?utm_source=commons.wikimedia.org&utm_campaign=imageinfo&utm_content=thumbnail
solo	独自	https://thumb.wikimedia.org/wikipedia/commons/thumb/9/98/Solo_mp_pack.png/120px-Solo_mp_pack.png?utm_source=commons.wikimedia.org&utm_campaign=imageinfo&utm_content=thumbnail
solution	方案	https://thumb.wikimedia.org/wikipedia/commons/thumb/a/ac/Iron%28III%29_chloride_solution_2.JPG/250px-Iron%28III%29_chloride_solution_2.JPG?utm_source=commons.wikimedia.org&utm_campaign=imageinfo&utm_content=thumbnail
solutions	方案	https://thumb.wikimedia.org/wikipedia/commons/thumb/1/15/Theiss_UAV_Solutions_logo.png/250px-Theiss_UAV_Solutions_logo.png?utm_source=commons.wikimedia.org&utm_campaign=imageinfo&utm_content=thumbnail
solve	解决	https://upload.wikimedia.org/wikipedia/commons/6/65/Solve-strand.jpg?utm_source=commons.wikimedia.org&utm_campaign=imageinfo&utm_content=thumbnail_unscaled
solved	已解决	
solving	解决	https://thumb.wikimedia.org/wikipedia/commons/thumb/f/fb/Problem_Solving_Process.png/250px-Problem_Solving_Process.png?utm_source=commons.wikimedia.org&utm_campaign=imageinfo&utm_content=thumbnail
some	一些	https://thumb.wikimedia.org/wikipedia/commons/thumb/a/ad/Some_Bride_%281919%29_-_1.jpg/250px-Some_Bride_%281919%29_-_1.jpg?utm_source=commons.wikimedia.org&utm_campaign=imageinfo&utm_content=thumbnail
soon	很快	https://thumb.wikimedia.org/wikipedia/commons/thumb/c/ca/Park_won-soon_crop.png/250px-Park_won-soon_crop.png?utm_source=commons.wikimedia.org&utm_campaign=imageinfo&utm_content=thumbnail
sound	声音	https://thumb.wikimedia.org/wikipedia/commons/thumb/2/21/Sound_Oak_Farm.jpg/250px-Sound_Oak_Farm.jpg?utm_source=commons.wikimedia.org&utm_campaign=imageinfo&utm_content=thumbnail
sounding	听起来	https://thumb.wikimedia.org/wikipedia/commons/thumb/9/95/Hawk_sounding_rocket.jpg/120px-Hawk_sounding_rocket.jpg?utm_source=commons.wikimedia.org&utm_campaign=imageinfo&utm_content=thumbnail
sounds	声音	https://thumb.wikimedia.org/wikipedia/commons/thumb/f/f8/Work_With_Sounds_LOGO.jpg/250px-Work_With_Sounds_LOGO.jpg?utm_source=commons.wikimedia.org&utm_campaign=imageinfo&utm_content=thumbnail
source	来源	https://thumb.wikimedia.org/wikipedia/commons/thumb/f/f8/Html-source-code2.png/250px-Html-source-code2.png?utm_source=commons.wikimedia.org&utm_campaign=imageinfo&utm_content=thumbnail
sources	来源	https://upload.wikimedia.org/wikipedia/commons/2/2c/Two_sources_interference.gif?utm_source=commons.wikimedia.org&utm_campaign=imageinfo&utm_content=thumbnail_unscaled
space	空间	https://thumb.wikimedia.org/wikipedia/commons/thumb/5/55/Deep_Space_1_B.png/250px-Deep_Space_1_B.png?utm_source=commons.wikimedia.org&utm_campaign=imageinfo&utm_content=thumbnail
spaced	有间隔	https://thumb.wikimedia.org/wikipedia/commons/thumb/a/a1/Spaced_%28title_card%29.jpg/250px-Spaced_%28title_card%29.jpg?utm_source=commons.wikimedia.org&utm_campaign=imageinfo&utm_content=thumbnail
spaces	空格	
spam	垃圾	https://upload.wikimedia.org/wikipedia/commons/e/ee/Spamstar1.jpg?utm_source=commons.wikimedia.org&utm_campaign=imageinfo&utm_content=thumbnail_unscaled
span	跨度	https://thumb.wikimedia.org/wikipedia/commons/thumb/4/41/Span%2C_Emil_-_Campi%C3%B1a.jpg/250px-Span%2C_Emil_-_Campi%C3%B1a.jpg?utm_source=commons.wikimedia.org&utm_campaign=imageinfo&utm_content=thumbnail
spare	备用	https://thumb.wikimedia.org/wikipedia/commons/thumb/3/32/Normal_tire%2C_spare_and_jack.jpg/250px-Normal_tire%2C_spare_and_jack.jpg?utm_source=commons.wikimedia.org&utm_campaign=imageinfo&utm_content=thumbnail
spares	备件	https://thumb.wikimedia.org/wikipedia/commons/thumb/3/3a/Barkerend_Auto_Spares_-_Barkerend_Road_-_geograph.org.uk_-_1572998.jpg/250px-Barkerend_Auto_Spares_-_Barkerend_Road_-_geograph.org.uk_-_1572998.jpg?utm_source=commons.wikimedia.org&utm_campaign=imageinfo&utm_content=thumbnail
spark	激发	https://upload.wikimedia.org/wikipedia/commons/3/3d/Spark_Matsunaga.jpg?utm_source=commons.wikimedia.org&utm_campaign=imageinfo&utm_content=thumbnail_unscaled
speak	说	https://thumb.wikimedia.org/wikipedia/commons/thumb/6/65/Mrs._Elizabeth_Schauss_from_Toledo%2C_Ohio%2C_speaking_on_women%27s_suffrage_c._1912.png/120px-Mrs._Elizabeth_Schauss_from_Toledo%2C_Ohio%2C_speaking_on_women%27s_suffrage_c._1912.png?utm_source=commons.wikimedia.org&utm_campaign=imageinfo&utm_content=thumbnail
speaker	说话人	https://upload.wikimedia.org/wikipedia/commons/6/64/Fawzia_Koofi%2C_deputy_speaker_of_the_Wolesi_Jirga.jpg?utm_source=commons.wikimedia.org&utm_campaign=imageinfo&utm_content=thumbnail_unscaled
speakers	扬声器	https://thumb.wikimedia.org/wikipedia/commons/thumb/d/dc/Speakers_corner.jpg/250px-Speakers_corner.jpg?utm_source=commons.wikimedia.org&utm_campaign=imageinfo&utm_content=thumbnail
speaking	说话	https://thumb.wikimedia.org/wikipedia/commons/thumb/6/65/Mrs._Elizabeth_Schauss_from_Toledo%2C_Ohio%2C_speaking_on_women%27s_suffrage_c._1912.png/120px-Mrs._Elizabeth_Schauss_from_Toledo%2C_Ohio%2C_speaking_on_women%27s_suffrage_c._1912.png?utm_source=commons.wikimedia.org&utm_campaign=imageinfo&utm_content=thumbnail
specific	具体	https://thumb.wikimedia.org/wikipedia/commons/thumb/c/cf/SOA-non_specific_Urethritis-male.jpg/250px-SOA-non_specific_Urethritis-male.jpg?utm_source=commons.wikimedia.org&utm_campaign=imageinfo&utm_content=thumbnail
specifically	具体地	https://thumb.wikimedia.org/wikipedia/commons/thumb/7/7d/Chiaki_Ishikawa_at_Anime_Expo_2007.jpg/250px-Chiaki_Ishikawa_at_Anime_Expo_2007.jpg?utm_source=commons.wikimedia.org&utm_campaign=imageinfo&utm_content=thumbnail
speed	速度	https://thumb.wikimedia.org/wikipedia/commons/thumb/2/29/55_mph_speed_limit_004_%28crop%29.jpg/250px-55_mph_speed_limit_004_%28crop%29.jpg?utm_source=commons.wikimedia.org&utm_campaign=imageinfo&utm_content=thumbnail
spelled	拼写	https://thumb.wikimedia.org/wikipedia/commons/thumb/1/15/Enchantment_%281948%29_trailer_1.jpg/250px-Enchantment_%281948%29_trailer_1.jpg?utm_source=commons.wikimedia.org&utm_campaign=imageinfo&utm_content=thumbnail
spend	花费	https://thumb.wikimedia.org/wikipedia/commons/thumb/9/96/I_Need_to_Spend_a_Penny%5E_-_geograph.org.uk_-_1278446.jpg/250px-I_Need_to_Spend_a_Penny%5E_-_geograph.org.uk_-_1278446.jpg?utm_source=commons.wikimedia.org&utm_campaign=imageinfo&utm_content=thumbnail
spending	支出	https://thumb.wikimedia.org/wikipedia/commons/thumb/f/fc/Federal_Spending_to_Revenue_by_State_and_Year.png/120px-Federal_Spending_to_Revenue_by_State_and_Year.png?utm_source=commons.wikimedia.org&utm_campaign=imageinfo&utm_content=thumbnail
