word	zh	image	icon
spent	已花费	https://thumb.wikimedia.org/wikipedia/commons/thumb/e/e2/Mike_Spent_at_Cinema_City_Film_Festival_day_2_1.jpg/250px-Mike_Spent_at_Cinema_City_Film_Festival_day_2_1.jpg?utm_source=commons.wikimedia.org&utm_campaign=imageinfo&utm_content=thumbnail	https://cdn-icons-png.flaticon.com/128/10758/10758868.png
spf	SPF	https://upload.wikimedia.org/wikipedia/commons/b/bf/Spf_logo.gif?utm_source=commons.wikimedia.org&utm_campaign=imageinfo&utm_content=thumbnail_unscaled	https://ts3.mm.bing.net/th?id=OIP.K5Bgt3QLJc5xOpbxMOQqkQAAAA&pid=15.1
spike	尖峰	https://thumb.wikimedia.org/wikipedia/commons/thumb/a/ad/Spike_missile_hits_truck_%281%29.jpg/250px-Spike_missile_hits_truck_%281%29.jpg?utm_source=commons.wikimedia.org&utm_campaign=imageinfo&utm_content=thumbnail	https://cdn-icons-png.flaticon.com/128/4139/4139931.png
spikes	尖峰	https://thumb.wikimedia.org/wikipedia/commons/thumb/b/b3/Takeo_Spikes_2007.jpg/250px-Takeo_Spikes_2007.jpg?utm_source=commons.wikimedia.org&utm_campaign=imageinfo&utm_content=thumbnail	https://cdn-icons-png.flaticon.com/128/4139/4139931.png
spinners	转圈	https://thumb.wikimedia.org/wikipedia/commons/thumb/e/ea/Leigh_Spinners_-_geograph.org.uk_-_5805101.jpg/250px-Leigh_Spinners_-_geograph.org.uk_-_5805101.jpg?utm_source=commons.wikimedia.org&utm_campaign=imageinfo&utm_content=thumbnail	https://cdn-icons-png.flaticon.com/128/472/472198.png
spinning	旋转		https://ts3.mm.bing.net/th?id=OIP.BMSBywwM2ApCoGmcYCrmagAAAA&pid=15.1
split	拆分	https://thumb.wikimedia.org/wikipedia/commons/thumb/b/b6/Youth_With_Split_Apple_-_geograph.org.uk_-_305846.jpg/250px-Youth_With_Split_Apple_-_geograph.org.uk_-_305846.jpg?utm_source=commons.wikimedia.org&utm_campaign=imageinfo&utm_content=thumbnail	https://cdn-icons-png.flaticon.com/128/724/724987.png
splits	拆分	https://thumb.wikimedia.org/wikipedia/commons/thumb/5/53/The_Road_Splits_-_geograph.org.uk_-_1226445.jpg/250px-The_Road_Splits_-_geograph.org.uk_-_1226445.jpg?utm_source=commons.wikimedia.org&utm_campaign=imageinfo&utm_content=thumbnail	https://ts1.mm.bing.net/th?id=OIP.bjsBctR9yxt7BqiuvJJ67QAAAA&pid=15.1
sponsor	赞助	https://thumb.wikimedia.org/wikipedia/commons/thumb/5/50/Barefoot_Wine_-_Sponsor_2008.jpg/250px-Barefoot_Wine_-_Sponsor_2008.jpg?utm_source=commons.wikimedia.org&utm_campaign=imageinfo&utm_content=thumbnail	https://cdn-icons-png.flaticon.com/128/1/1342.png
sponsorships	赞助	https://thumb.wikimedia.org/wikipedia/commons/thumb/5/50/Barefoot_Wine_-_Sponsor_2008.jpg/250px-Barefoot_Wine_-_Sponsor_2008.jpg?utm_source=commons.wikimedia.org&utm_campaign=imageinfo&utm_content=thumbnail	https://cdn-icons-png.flaticon.com/128/11320/11320849.png
spoofing	伪造	https://thumb.wikimedia.org/wikipedia/commons/thumb/8/83/ARP_spoofing_Example.png/250px-ARP_spoofing_Example.png?utm_source=commons.wikimedia.org&utm_campaign=imageinfo&utm_content=thumbnail	https://ts1.mm.bing.net/th?id=OIP.QaobOCVNY7WU9EaMMgJ-oAAAAA&pid=15.1
spot	发现	https://upload.wikimedia.org/wikipedia/commons/d/d6/Spot-5.jpg?utm_source=commons.wikimedia.org&utm_campaign=imageinfo&utm_content=thumbnail_unscaled	https://cdn-icons-png.flaticon.com/128/82/82169.png
spots	地点	https://thumb.wikimedia.org/wikipedia/commons/thumb/1/1a/PSM_V01_D166_Solar_spots.jpg/250px-PSM_V01_D166_Solar_spots.jpg?utm_source=commons.wikimedia.org&utm_campaign=imageinfo&utm_content=thumbnail	https://cdn-icons-png.flaticon.com/128/82/82169.png
spread	传播	https://thumb.wikimedia.org/wikipedia/commons/thumb/a/ac/Ice_dancing_spread_eagle_lift.jpg/250px-Ice_dancing_spread_eagle_lift.jpg?utm_source=commons.wikimedia.org&utm_campaign=imageinfo&utm_content=thumbnail	https://icons.iconarchive.com/icons/iconsmind/outline/128/Spread-icon.png
spreads	传播	https://thumb.wikimedia.org/wikipedia/commons/thumb/d/d6/The_Spread_Eagle%2C_Stokesley_-_geograph.org.uk_-_517600.jpg/250px-The_Spread_Eagle%2C_Stokesley_-_geograph.org.uk_-_517600.jpg?utm_source=commons.wikimedia.org&utm_campaign=imageinfo&utm_content=thumbnail	https://icons.iconarchive.com/icons/iconsmind/outline/128/Spread-icon.png
sprint	冲刺	https://upload.wikimedia.org/wikipedia/commons/9/99/Sprint-i-box.jpg?utm_source=commons.wikimedia.org&utm_campaign=imageinfo&utm_content=thumbnail_unscaled	https://ts4.mm.bing.net/th?id=OIP.i9abamIIF5k5Tm1rz6FWKgAAAA&pid=15.1
sprints	冲刺		https://cdn-icons-png.flaticon.com/128/3343/3343936.png
sql	SQL	https://upload.wikimedia.org/wikipedia/commons/6/6f/Sql_database_shortcut_icon.png?utm_source=commons.wikimedia.org&utm_campaign=imageinfo&utm_content=thumbnail_unscaled	https://cdn-icons-png.flaticon.com/128/4248/4248443.png
squash	压缩	https://thumb.wikimedia.org/wikipedia/commons/thumb/b/bb/YellowSquash.jpg/250px-YellowSquash.jpg?utm_source=commons.wikimedia.org&utm_campaign=imageinfo&utm_content=thumbnail	https://ts3.mm.bing.net/th?id=OIP.kh54Di4QKUXsEwa8-8THKwAAAA&pid=15.1
sres	SRE	https://thumb.wikimedia.org/wikipedia/commons/thumb/0/08/Sres_de_Esparza%2C_escudo.png/250px-Sres_de_Esparza%2C_escudo.png?utm_source=commons.wikimedia.org&utm_campaign=imageinfo&utm_content=thumbnail	https://ts3.mm.bing.net/th?id=OIP.MJdq2KsML3lJU8RdqkEG2wAAAA&pid=15.1
sso	SSO	https://thumb.wikimedia.org/wikipedia/commons/thumb/0/01/SSO_is%C3%A4nn%C3%B6itsij%C3%A4_1915.jpg/250px-SSO_is%C3%A4nn%C3%B6itsij%C3%A4_1915.jpg?utm_source=commons.wikimedia.org&utm_campaign=imageinfo&utm_content=thumbnail	https://ts1.mm.bing.net/th?id=OIP.abqlqO-oWLAL9qZEgi30igAAAA&pid=15.1
stability	稳定	https://thumb.wikimedia.org/wikipedia/commons/thumb/b/b9/Ship_stability_3.jpg/250px-Ship_stability_3.jpg?utm_source=commons.wikimedia.org&utm_campaign=imageinfo&utm_content=thumbnail	https://ts1.mm.bing.net/th?id=OIP.XcJ7-FlOobcXtPL-g5aDkQAAAA&pid=15.1
stabilization	稳定	https://thumb.wikimedia.org/wikipedia/commons/thumb/d/df/50_Coppers_-_Market_Stabilization_Currency_Bureau_1915_%28pagoda%3B_Temple_of_Heaven%29.jpg/250px-50_Coppers_-_Market_Stabilization_Currency_Bureau_1915_%28pagoda%3B_Temple_of_Heaven%29.jpg?utm_source=commons.wikimedia.org&utm_campaign=imageinfo&utm_content=thumbnail	https://cdn-icons-png.flaticon.com/128/15/15402.png
stable	稳定	https://thumb.wikimedia.org/wikipedia/commons/thumb/0/05/Stable_block_at_Cefn_Bychan_Farm_-_geograph.org.uk_-_300160.jpg/250px-Stable_block_at_Cefn_Bychan_Farm_-_geograph.org.uk_-_300160.jpg?utm_source=commons.wikimedia.org&utm_campaign=imageinfo&utm_content=thumbnail	https://cdn-icons-png.flaticon.com/128/4050/4050282.png
stack	栈	https://thumb.wikimedia.org/wikipedia/commons/thumb/2/2d/Sea_Stack_-_geograph.org.uk_-_471901.jpg/250px-Sea_Stack_-_geograph.org.uk_-_471901.jpg?utm_source=commons.wikimedia.org&utm_campaign=imageinfo&utm_content=thumbnail	https://cdn-icons-png.flaticon.com/128/808/808598.png
stacked	堆叠	https://thumb.wikimedia.org/wikipedia/commons/thumb/7/73/Stack_Rocks_-_Elugug_Stacks_-_geograph.org.uk_-_7047.jpg/250px-Stack_Rocks_-_Elugug_Stacks_-_geograph.org.uk_-_7047.jpg?utm_source=commons.wikimedia.org&utm_campaign=imageinfo&utm_content=thumbnail	https://ts2.mm.bing.net/th?id=OIP.H1ok8qjfWyuhdtrM4pGA6gAAAA&pid=15.1
stacking	堆叠	https://thumb.wikimedia.org/wikipedia/commons/thumb/7/73/Stack_Rocks_-_Elugug_Stacks_-_geograph.org.uk_-_7047.jpg/250px-Stack_Rocks_-_Elugug_Stacks_-_geograph.org.uk_-_7047.jpg?utm_source=commons.wikimedia.org&utm_campaign=imageinfo&utm_content=thumbnail	https://ts3.mm.bing.net/th?id=OIP.H1ok8qjfWyuhdtrM4pGA6gAAAA&pid=15.1
stacks	栈		https://cdn-icons-png.flaticon.com/128/808/808598.png
staff	员工	https://thumb.wikimedia.org/wikipedia/commons/thumb/1/15/Staff_%28PSF%29.png/250px-Staff_%28PSF%29.png?utm_source=commons.wikimedia.org&utm_campaign=imageinfo&utm_content=thumbnail	https://cdn-icons-png.flaticon.com/128/912/912318.png
staffing	人员	https://thumb.wikimedia.org/wikipedia/commons/thumb/9/92/Irving_Staffing_Solutions_-_Carlton_St_-_geograph.org.uk_-_2020731.jpg/250px-Irving_Staffing_Solutions_-_Carlton_St_-_geograph.org.uk_-_2020731.jpg?utm_source=commons.wikimedia.org&utm_campaign=imageinfo&utm_content=thumbnail	https://cdn-icons-png.flaticon.com/128/17650/17650431.png
stage	阶段	https://upload.wikimedia.org/wikipedia/commons/d/d2/Cool-aid-festival-stage-maryland.gif?utm_source=commons.wikimedia.org&utm_campaign=imageinfo&utm_content=thumbnail_unscaled	https://ts3.mm.bing.net/th?id=OIP.QEDCMxl7Zb0zTJr2JAhalwAAAA&pid=15.1
stages	阶段	https://thumb.wikimedia.org/wikipedia/commons/thumb/0/00/Three_stages_rhinoceros_beetle.jpg/250px-Three_stages_rhinoceros_beetle.jpg?utm_source=commons.wikimedia.org&utm_campaign=imageinfo&utm_content=thumbnail	https://ts2.mm.bing.net/th?id=OIP.XtMIY97J8GbOuEyoE3RfNQAAAA&pid=15.1
stakeholders	干系人	https://thumb.wikimedia.org/wikipedia/commons/thumb/9/9d/Type_of_stakeholders_wsis_stocktaking.jpg/250px-Type_of_stakeholders_wsis_stocktaking.jpg?utm_source=commons.wikimedia.org&utm_campaign=imageinfo&utm_content=thumbnail	https://cdn-icons-png.flaticon.com/128/12244/12244883.png
stakes	利害	https://thumb.wikimedia.org/wikipedia/commons/thumb/9/91/North_Stakes_Island_-_geograph.org.uk_-_1263136.jpg/250px-North_Stakes_Island_-_geograph.org.uk_-_1263136.jpg?utm_source=commons.wikimedia.org&utm_campaign=imageinfo&utm_content=thumbnail	https://cdn-icons-png.flaticon.com/128/4964/4964933.png
stale	过期	https://upload.wikimedia.org/wikipedia/commons/f/f6/Stale-rot.jpg?utm_source=commons.wikimedia.org&utm_campaign=imageinfo&utm_content=thumbnail_unscaled	https://ts2.mm.bing.net/th?id=OIP.lrFLHlhm0hM-qEUWX88FBwAAAA&pid=15.1
standard	标准	https://thumb.wikimedia.org/wikipedia/commons/thumb/a/a0/Lamp_standard_-_geograph.org.uk_-_563996.jpg/250px-Lamp_standard_-_geograph.org.uk_-_563996.jpg?utm_source=commons.wikimedia.org&utm_campaign=imageinfo&utm_content=thumbnail	https://cdn-icons-png.flaticon.com/128/5572/5572513.png
standardize	标准化	https://thumb.wikimedia.org/wikipedia/commons/thumb/4/41/Standardized_Regression_Coefficients.png/250px-Standardized_Regression_Coefficients.png?utm_source=commons.wikimedia.org&utm_campaign=imageinfo&utm_content=thumbnail	https://ts1.mm.bing.net/th?id=OIP.uqVFEwlO5GSu9br4eFVDJwAAAA&pid=15.1
standards	标准	https://thumb.wikimedia.org/wikipedia/commons/thumb/f/f8/Living_Standards_IR_Clark_Feinstein.jpg/250px-Living_Standards_IR_Clark_Feinstein.jpg?utm_source=commons.wikimedia.org&utm_campaign=imageinfo&utm_content=thumbnail	https://cdn-icons-png.flaticon.com/128/5572/5572513.png
standup	站会		https://cdn-icons-png.flaticon.com/128/4766/4766753.png
start	开始	https://thumb.wikimedia.org/wikipedia/commons/thumb/b/ba/Start_Point_light.jpg/250px-Start_Point_light.jpg?utm_source=commons.wikimedia.org&utm_campaign=imageinfo&utm_content=thumbnail	https://cdn-icons-png.flaticon.com/128/5453/5453658.png
starts	开始	https://thumb.wikimedia.org/wikipedia/commons/thumb/1/1c/Forest_starts_here_-_geograph.org.uk_-_1019885.jpg/250px-Forest_starts_here_-_geograph.org.uk_-_1019885.jpg?utm_source=commons.wikimedia.org&utm_campaign=imageinfo&utm_content=thumbnail	https://cdn-icons-png.flaticon.com/128/5243/5243423.png
state	状态	https://thumb.wikimedia.org/wikipedia/commons/thumb/b/ba/Hemoglobin_t-r_state_ani.gif/250px-Hemoglobin_t-r_state_ani.gif?utm_source=commons.wikimedia.org&utm_campaign=imageinfo&utm_content=thumbnail	https://cdn-icons-png.flaticon.com/128/927/927313.png
stateless	无状态	https://thumb.wikimedia.org/wikipedia/commons/thumb/2/2b/Stateless_person%27s_passport_%28Ukraine%29.jpg/250px-Stateless_person%27s_passport_%28Ukraine%29.jpg?utm_source=commons.wikimedia.org&utm_campaign=imageinfo&utm_content=thumbnail	https://ts1.mm.bing.net/th?id=OIP.8mBljwOk95urmNvZ4w-o6wAAAA&pid=15.1
statements	声明	https://thumb.wikimedia.org/wikipedia/commons/thumb/a/ab/Radial_engine.gif/250px-Radial_engine.gif?utm_source=commons.wikimedia.org&utm_campaign=imageinfo&utm_content=thumbnail	https://cdn2.iconfinder.com/data/icons/business-pack-37/96/Invoice_bill_payment_request_billing_statement_financial_document-512.png
states	状态	https://upload.wikimedia.org/wikipedia/commons/2/2c/United_States_Code_logo.png?utm_source=commons.wikimedia.org&utm_campaign=imageinfo&utm_content=thumbnail_unscaled	https://ts2.mm.bing.net/th?id=OIP.EsD0bCXWdi1thbqHx2ygBQAAAA&pid=15.1
static	静态	https://thumb.wikimedia.org/wikipedia/commons/thumb/3/3d/Faa_pitot_static_system.JPG/250px-Faa_pitot_static_system.JPG?utm_source=commons.wikimedia.org&utm_campaign=imageinfo&utm_content=thumbnail	https://cdn-icons-png.flaticon.com/128/5830/5830212.png
station	站点	https://thumb.wikimedia.org/wikipedia/commons/thumb/3/34/Los_Angeles_Pacific_Santa_Monica_Station.png/250px-Los_Angeles_Pacific_Santa_Monica_Station.png?utm_source=commons.wikimedia.org&utm_campaign=imageinfo&utm_content=thumbnail	https://cdn-icons-png.flaticon.com/128/4325/4325922.png
status	状态	https://upload.wikimedia.org/wikipedia/commons/a/a5/Status_iucn2.3_LC_gl.jpg?utm_source=commons.wikimedia.org&utm_campaign=imageinfo&utm_content=thumbnail_unscaled	https://cdn-icons-png.flaticon.com/128/5558/5558668.png
stay	保持	https://thumb.wikimedia.org/wikipedia/commons/thumb/b/b5/Stay_Out._-_geograph.org.uk_-_133830.jpg/250px-Stay_Out._-_geograph.org.uk_-_133830.jpg?utm_source=commons.wikimedia.org&utm_campaign=imageinfo&utm_content=thumbnail	https://ts2.mm.bing.net/th?id=OIP.MRZA1EWjXv_gSD2houzFJQAAAA&pid=15.1
stays	保持		https://ts1.mm.bing.net/th?id=OIP.Rlsa5BKxPraKNgibVbUGBgAAAA&pid=15.1
steady	稳定	https://thumb.wikimedia.org/wikipedia/commons/thumb/e/e6/Captain_and_Steady_-_geograph.org.uk_-_960345.jpg/250px-Captain_and_Steady_-_geograph.org.uk_-_960345.jpg?utm_source=commons.wikimedia.org&utm_campaign=imageinfo&utm_content=thumbnail	https://ts1.mm.bing.net/th?id=OIP.CE01jd9n6sCGKAu22j1wCQAAAA&pid=15.1
stealing	窃取	https://upload.wikimedia.org/wikipedia/commons/2/25/Map_marker_icon_%E2%80%93_Nicolas_Mollet_%E2%80%93_Theft_%E2%80%93_Events_%E2%80%93_Simple.png?utm_source=commons.wikimedia.org&utm_campaign=imageinfo&utm_content=thumbnail_unscaled	https://cdn-icons-png.flaticon.com/128/1284/1284993.png
stemming	词干	https://thumb.wikimedia.org/wikipedia/commons/thumb/6/6c/Stem_morphology_type_rhizome.png/250px-Stem_morphology_type_rhizome.png?utm_source=commons.wikimedia.org&utm_campaign=imageinfo&utm_content=thumbnail	https://images.icon-icons.com/259/PNG/128/ic_mood_128_28640.png
step	步骤	https://thumb.wikimedia.org/wikipedia/commons/thumb/9/91/Ten_thru_Seventeen_Step_by_Step_Orthographic_Auxillary_Projection.png/250px-Ten_thru_Seventeen_Step_by_Step_Orthographic_Auxillary_Projection.png?utm_source=commons.wikimedia.org&utm_campaign=imageinfo&utm_content=thumbnail	https://cdn-icons-png.flaticon.com/128/5396/5396964.png
steps	步骤	https://thumb.wikimedia.org/wikipedia/commons/thumb/b/bb/Gillys_Steps%2C_Scarborough_-_geograph.org.uk_-_646213.jpg/250px-Gillys_Steps%2C_Scarborough_-_geograph.org.uk_-_646213.jpg?utm_source=commons.wikimedia.org&utm_campaign=imageinfo&utm_content=thumbnail	https://ts3.mm.bing.net/th?id=OIP.Fhon0D2WsJ-gbOA6tY3D_gAAAA&pid=15.1
stewardship	管理	https://thumb.wikimedia.org/wikipedia/commons/thumb/0/02/Countryside_Stewardship_Scheme_sign_-_geograph.org.uk_-_726323.jpg/250px-Countryside_Stewardship_Scheme_sign_-_geograph.org.uk_-_726323.jpg?utm_source=commons.wikimedia.org&utm_campaign=imageinfo&utm_content=thumbnail	https://cdn-icons-png.flaticon.com/128/18132/18132483.png
stick	坚持	https://thumb.wikimedia.org/wikipedia/commons/thumb/3/3f/Walking_stick_made_with_bamboo_cane.jpg/60px-Walking_stick_made_with_bamboo_cane.jpg?utm_source=commons.wikimedia.org&utm_campaign=imageinfo&utm_content=thumbnail	https://ts4.mm.bing.net/th?id=OIP.7KyNkmf2X3y0WDm2nVnmcAAAAA&pid=15.1
stickers	贴纸	https://thumb.wikimedia.org/wikipedia/commons/thumb/3/32/Stickers-hb2.jpg/250px-Stickers-hb2.jpg?utm_source=commons.wikimedia.org&utm_campaign=imageinfo&utm_content=thumbnail	https://ts3.mm.bing.net/th?id=OIP.ZuQsdQ-eaDvY0qjljUGXhQAAAA&pid=15.1
still	仍	https://thumb.wikimedia.org/wikipedia/commons/thumb/5/53/Still_life_with_red_wine.jpg/250px-Still_life_with_red_wine.jpg?utm_source=commons.wikimedia.org&utm_campaign=imageinfo&utm_content=thumbnail	https://ts4.mm.bing.net/th?id=OIP.k36uG40qvss76zshg8P8kQAAAA&pid=15.1
stipends	津贴	https://thumb.wikimedia.org/wikipedia/commons/thumb/f/f0/Hund_2016_Nordheide_2.png/250px-Hund_2016_Nordheide_2.png?utm_source=commons.wikimedia.org&utm_campaign=imageinfo&utm_content=thumbnail	https://ts1.mm.bing.net/th?id=OIP.zL6fq0qocDyWdhefNXx4JAAAAA&pid=15.1
stock	库存	https://thumb.wikimedia.org/wikipedia/commons/thumb/2/28/Stock_mill.jpg/120px-Stock_mill.jpg?utm_source=commons.wikimedia.org&utm_campaign=imageinfo&utm_content=thumbnail	https://cdn-icons-png.flaticon.com/128/9226/9226414.png
stolen	被盗	https://thumb.wikimedia.org/wikipedia/commons/thumb/9/98/Bette_davis_a_stolen_life.jpg/250px-Bette_davis_a_stolen_life.jpg?utm_source=commons.wikimedia.org&utm_campaign=imageinfo&utm_content=thumbnail	https://cdn-icons-png.flaticon.com/128/2037/2037743.png
stop	停止	https://thumb.wikimedia.org/wikipedia/commons/thumb/4/44/Bus_stop_at_the_top_of_Idsworth_Road_-_geograph.org.uk_-_856460.jpg/250px-Bus_stop_at_the_top_of_Idsworth_Road_-_geograph.org.uk_-_856460.jpg?utm_source=commons.wikimedia.org&utm_campaign=imageinfo&utm_content=thumbnail	https://cdn-icons-png.flaticon.com/128/394/394592.png
stops	停止	https://thumb.wikimedia.org/wikipedia/commons/thumb/a/ad/Bus_stops%2C_Donaghadee_-_geograph.org.uk_-_1802543.jpg/250px-Bus_stops%2C_Donaghadee_-_geograph.org.uk_-_1802543.jpg?utm_source=commons.wikimedia.org&utm_campaign=imageinfo&utm_content=thumbnail	https://cdn-icons-png.flaticon.com/128/2698/2698545.png
storage	存储	https://thumb.wikimedia.org/wikipedia/commons/thumb/2/22/Potato_Storage_-_geograph.org.uk_-_578775.jpg/250px-Potato_Storage_-_geograph.org.uk_-_578775.jpg?utm_source=commons.wikimedia.org&utm_campaign=imageinfo&utm_content=thumbnail	https://cdn-icons-png.flaticon.com/128/1/1059.png
store	存储	https://thumb.wikimedia.org/wikipedia/commons/thumb/b/b7/Department_store%2C_Harrow_-_geograph.org.uk_-_99134.jpg/250px-Department_store%2C_Harrow_-_geograph.org.uk_-_99134.jpg?utm_source=commons.wikimedia.org&utm_campaign=imageinfo&utm_content=thumbnail	https://cdn-icons-png.flaticon.com/128/869/869636.png
stored	已存储	https://thumb.wikimedia.org/wikipedia/commons/thumb/b/b7/Department_store%2C_Harrow_-_geograph.org.uk_-_99134.jpg/250px-Department_store%2C_Harrow_-_geograph.org.uk_-_99134.jpg?utm_source=commons.wikimedia.org&utm_campaign=imageinfo&utm_content=thumbnail	https://images.icon-icons.com/3250/PNG/96/store_microsoft_filled_icon_201170.png
stores	存储	https://thumb.wikimedia.org/wikipedia/commons/thumb/b/bc/Mundesley_Stores_-_geograph.org.uk_-_969814.jpg/250px-Mundesley_Stores_-_geograph.org.uk_-_969814.jpg?utm_source=commons.wikimedia.org&utm_campaign=imageinfo&utm_content=thumbnail	https://cdn-icons-png.flaticon.com/128/869/869636.png
stories	故事	https://thumb.wikimedia.org/wikipedia/commons/thumb/e/ed/Amazing_stories_192809.jpg/250px-Amazing_stories_192809.jpg?utm_source=commons.wikimedia.org&utm_campaign=imageinfo&utm_content=thumbnail	https://cdn-icons-png.flaticon.com/128/6024/6024055.png
story	故事	https://thumb.wikimedia.org/wikipedia/commons/thumb/0/0b/WYMap-doton-Story.PNG/250px-WYMap-doton-Story.PNG?utm_source=commons.wikimedia.org&utm_campaign=imageinfo&utm_content=thumbnail	https://cdn-icons-png.flaticon.com/128/8361/8361320.png
strategic	战略		https://ts2.mm.bing.net/th?id=OIP.28W2rPb6s2TjAttwUlBfZAAAAA&pid=15.1
strategy	战略	https://upload.wikimedia.org/wikipedia/commons/7/77/Fig7_Strategy_archetypes.jpg?utm_source=commons.wikimedia.org&utm_campaign=imageinfo&utm_content=thumbnail_unscaled	https://cdn-icons-png.flaticon.com/128/115/115968.png
streaming	流式	https://thumb.wikimedia.org/wikipedia/commons/thumb/7/7e/Streaming_westwards_-_geograph.org.uk_-_745750.jpg/250px-Streaming_westwards_-_geograph.org.uk_-_745750.jpg?utm_source=commons.wikimedia.org&utm_campaign=imageinfo&utm_content=thumbnail	https://ts4.mm.bing.net/th?id=OIP.knWjS3o-g-F9qcp_kI_nVwAAAA&pid=15.1
street	街道	https://thumb.wikimedia.org/wikipedia/commons/thumb/b/ba/Holy_Trinity_church_Street.jpg/250px-Holy_Trinity_church_Street.jpg?utm_source=commons.wikimedia.org&utm_campaign=imageinfo&utm_content=thumbnail	https://cdn-icons-png.flaticon.com/128/4506/4506366.png
stress	压力	https://thumb.wikimedia.org/wikipedia/commons/thumb/b/b4/ColestStress.jpg/250px-ColestStress.jpg?utm_source=commons.wikimedia.org&utm_campaign=imageinfo&utm_content=thumbnail	https://ts3.mm.bing.net/th?id=OIP.LFPYCTU_rY4_XRsMj0k9FwAAAA&pid=15.1
stretching	拉伸	https://thumb.wikimedia.org/wikipedia/commons/thumb/7/79/Stretching_a_lobe_piercing.jpg/120px-Stretching_a_lobe_piercing.jpg?utm_source=commons.wikimedia.org&utm_campaign=imageinfo&utm_content=thumbnail	https://ts2.mm.bing.net/th?id=OIP.mpBmV6AgPps6kvZTkoT0lQAAAA&pid=15.1
stricter	更严格	https://thumb.wikimedia.org/wikipedia/commons/thumb/5/5f/Sonnet_3_1609.jpg/250px-Sonnet_3_1609.jpg?utm_source=commons.wikimedia.org&utm_campaign=imageinfo&utm_content=thumbnail	https://ts4.mm.bing.net/th?id=OIP.AlQ-lkwNzLCiBJoj1u7FawAAAA&pid=15.1
strictly	严格地	https://thumb.wikimedia.org/wikipedia/commons/thumb/a/a5/David_Alvin_Hardly_Strictly_Bluegrass_Festival_San_Francisco_CA_October_2007.jpg/250px-David_Alvin_Hardly_Strictly_Bluegrass_Festival_San_Francisco_CA_October_2007.jpg?utm_source=commons.wikimedia.org&utm_campaign=imageinfo&utm_content=thumbnail	https://ts1.mm.bing.net/th?id=OIP.yaSpeVHmA1DFqJgs4mscaAAAAA&pid=15.1
strike	打击	https://thumb.wikimedia.org/wikipedia/commons/thumb/6/67/University_of_California_labour_strike_07.jpg/250px-University_of_California_labour_strike_07.jpg?utm_source=commons.wikimedia.org&utm_campaign=imageinfo&utm_content=thumbnail	https://cdn-icons-png.flaticon.com/128/2302/2302735.png
strings	字符串	https://thumb.wikimedia.org/wikipedia/commons/thumb/1/16/Strings_on_stage.jpg/250px-Strings_on_stage.jpg?utm_source=commons.wikimedia.org&utm_campaign=imageinfo&utm_content=thumbnail	https://ts1.mm.bing.net/th?id=OIP.cAfSteqVbkv1VfiO6V770wAAAA&pid=15.1
strong	强	https://thumb.wikimedia.org/wikipedia/commons/thumb/d/d0/ARMap-doton-Strong.png/250px-ARMap-doton-Strong.png?utm_source=commons.wikimedia.org&utm_campaign=imageinfo&utm_content=thumbnail	https://cdn-icons-png.flaticon.com/128/8050/8050260.png
stronger	更强		https://cdn-icons-png.flaticon.com/128/4419/4419256.png
strongly	强烈地	https://thumb.wikimedia.org/wikipedia/commons/thumb/d/d0/ARMap-doton-Strong.png/250px-ARMap-doton-Strong.png?utm_source=commons.wikimedia.org&utm_campaign=imageinfo&utm_content=thumbnail	https://cdn-icons-png.flaticon.com/128/4419/4419256.png
structure	结构	https://thumb.wikimedia.org/wikipedia/commons/thumb/8/8a/WP_structure.png/250px-WP_structure.png?utm_source=commons.wikimedia.org&utm_campaign=imageinfo&utm_content=thumbnail	https://cdn-icons-png.flaticon.com/128/1042/1042009.png
structured	结构化	https://upload.wikimedia.org/wikipedia/commons/9/9d/Game_piece_MET_11.151.306-AC-2.jpg?utm_source=commons.wikimedia.org&utm_campaign=imageinfo&utm_content=thumbnail_unscaled	https://ts1.mm.bing.net/th?id=OIP.eD13DcLKyD5Q6a9RXmmOmgAAAA&pid=15.1
structures	结构	https://thumb.wikimedia.org/wikipedia/commons/thumb/7/70/75th_Ranger_Regiment.png/120px-75th_Ranger_Regiment.png?utm_source=commons.wikimedia.org&utm_campaign=imageinfo&utm_content=thumbnail	https://cdn-icons-png.flaticon.com/128/2590/2590449.png
struggle	挣扎	https://thumb.wikimedia.org/wikipedia/commons/thumb/c/c9/The_Struggle_Continues.jpg/250px-The_Struggle_Continues.jpg?utm_source=commons.wikimedia.org&utm_campaign=imageinfo&utm_content=thumbnail	https://cdn-icons-png.flaticon.com/128/4862/4862566.png
student	学生	https://thumb.wikimedia.org/wikipedia/commons/thumb/b/bd/Estonian_student_soldier2.jpg/120px-Estonian_student_soldier2.jpg?utm_source=commons.wikimedia.org&utm_campaign=imageinfo&utm_content=thumbnail	https://cdn-icons-png.flaticon.com/128/4892/4892735.png
students	学生	https://thumb.wikimedia.org/wikipedia/commons/thumb/e/ec/Alice_Morgan_Wright_%28seated_third_from_left%29_with_other_students_and_models_in_art_class.jpg/250px-Alice_Morgan_Wright_%28seated_third_from_left%29_with_other_students_and_models_in_art_class.jpg?utm_source=commons.wikimedia.org&utm_campaign=imageinfo&utm_content=thumbnail	https://cdn-icons-png.flaticon.com/128/2995/2995620.png
studies	研究	https://thumb.wikimedia.org/wikipedia/commons/thumb/7/72/Dean_Field_Studies_Centre_-_geograph.org.uk_-_810153.jpg/250px-Dean_Field_Studies_Centre_-_geograph.org.uk_-_810153.jpg?utm_source=commons.wikimedia.org&utm_campaign=imageinfo&utm_content=thumbnail	https://cdn-icons-png.flaticon.com/128/747/747086.png
study	学习	https://upload.wikimedia.org/wikipedia/commons/6/67/SH_STUDY-10.png?utm_source=commons.wikimedia.org&utm_campaign=imageinfo&utm_content=thumbnail_unscaled	https://cdn-icons-png.flaticon.com/128/747/747086.png
studying	学习	https://thumb.wikimedia.org/wikipedia/commons/thumb/5/51/Learning_Cyrcle.jpg/250px-Learning_Cyrcle.jpg?utm_source=commons.wikimedia.org&utm_campaign=imageinfo&utm_content=thumbnail	https://cdn-icons-png.flaticon.com/128/6747/6747103.png
style	风格		https://ts2.mm.bing.net/th?id=OIP.Ypao4LV7sI4djzW6nMX20QAAAA&pid=15.1
styles	风格	https://thumb.wikimedia.org/wikipedia/commons/thumb/6/62/AJ_Styles_at_TNA_show.jpg/250px-AJ_Styles_at_TNA_show.jpg?utm_source=commons.wikimedia.org&utm_campaign=imageinfo&utm_content=thumbnail	https://ts4.mm.bing.net/th?id=OIP.dT8DGSsAKMM8cWuimhVdJQAAAA&pid=15.1
subject	主题	https://thumb.wikimedia.org/wikipedia/commons/thumb/9/9e/Pachelbel-fugue-subject-gmin.png/250px-Pachelbel-fugue-subject-gmin.png?utm_source=commons.wikimedia.org&utm_campaign=imageinfo&utm_content=thumbnail	https://cdn-icons-png.flaticon.com/128/4509/4509216.png
subledgers	子分类账		https://ts1.mm.bing.net/th?id=OIP.aIY5aU1bqajvydvo_YvQHQAAAA&pid=15.1
subprocessors	子处理者		https://ts3.mm.bing.net/th?id=OIP.7W2XSygCk0ll7F2i9nPEcwAAAA&pid=15.1
subscriptions	订阅	https://thumb.wikimedia.org/wikipedia/commons/thumb/b/b5/World_Bank_mobile_subscriptions_per_100_-_Asia.png/120px-World_Bank_mobile_subscriptions_per_100_-_Asia.png?utm_source=commons.wikimedia.org&utm_campaign=imageinfo&utm_content=thumbnail	https://cdn-icons-png.flaticon.com/128/1260/1260109.png
subtle	微妙	https://thumb.wikimedia.org/wikipedia/commons/thumb/4/4e/SUBTLE_S.jpg/250px-SUBTLE_S.jpg?utm_source=commons.wikimedia.org&utm_campaign=imageinfo&utm_content=thumbnail	https://ts3.mm.bing.net/th?id=OIP.GMHmUm86wvEQFW1x6oyjmwAAAA&pid=15.1
succeed	成功	https://thumb.wikimedia.org/wikipedia/commons/thumb/0/0a/HMAS_Success_%28AWM_H12466%29.jpg/250px-HMAS_Success_%28AWM_H12466%29.jpg?utm_source=commons.wikimedia.org&utm_campaign=imageinfo&utm_content=thumbnail	https://cdn-icons-png.flaticon.com/128/1642/1642423.png
succeeds	成功	https://thumb.wikimedia.org/wikipedia/commons/thumb/e/e7/Codex_Selden_-_Lord_1_Rain_succeeds_as_king_of_Jaltepec_and_marries_Lady_2_Alligator.png/250px-Codex_Selden_-_Lord_1_Rain_succeeds_as_king_of_Jaltepec_and_marries_Lady_2_Alligator.png?utm_source=commons.wikimedia.org&utm_campaign=imageinfo&utm_content=thumbnail	https://ts4.mm.bing.net/th?id=OIP.IQ_bqdbtQyxilXJELNCfVAAAAA&pid=15.1
success	成功	https://thumb.wikimedia.org/wikipedia/commons/thumb/e/ef/ARMap-doton-Success.png/250px-ARMap-doton-Success.png?utm_source=commons.wikimedia.org&utm_campaign=imageinfo&utm_content=thumbnail	https://cdn-icons-png.flaticon.com/128/5709/5709755.png
successful	成功	https://thumb.wikimedia.org/wikipedia/commons/thumb/6/63/Yes-R_2015.jpg/120px-Yes-R_2015.jpg?utm_source=commons.wikimedia.org&utm_campaign=imageinfo&utm_content=thumbnail	https://cdn-icons-png.flaticon.com/128/5709/5709755.png
such	这样		https://cdn-icons-png.flaticon.com/128/622/622669.png
suffice	足够	https://thumb.wikimedia.org/wikipedia/commons/thumb/4/4a/Quicksort_example_small.png/120px-Quicksort_example_small.png?utm_source=commons.wikimedia.org&utm_campaign=imageinfo&utm_content=thumbnail	https://ts3.mm.bing.net/th?id=OIP.IDmTHrpUx5hyZ_18CNJA5QAAAA&pid=15.1
sugar	糖	https://thumb.wikimedia.org/wikipedia/commons/thumb/2/29/The_Soviet_Union_1964_CPA_3067_stamp_%28Agricultural_Crops_of_the_USSR._Sugar_beet_or_white_beet_%28Beta_vulgaris_subsp._vulgaris%29%29_small_resolution_2.jpg/250px-The_Soviet_Union_1964_CPA_3067_stamp_%28Agricultural_Crops_of_the_USSR._Sugar_beet_or_white_beet_%28Beta_vulgaris_subsp._vulgaris%29%29_small_resolution_2.jpg?utm_source=commons.wikimedia.org&utm_campaign=imageinfo&utm_content=thumbnail	https://cdn-icons-png.flaticon.com/128/5900/5900648.png
suggest	建议	https://thumb.wikimedia.org/wikipedia/commons/thumb/0/00/ODP-suggest-dataset-ga.png/250px-ODP-suggest-dataset-ga.png?utm_source=commons.wikimedia.org&utm_campaign=imageinfo&utm_content=thumbnail	https://cdn-icons-png.flaticon.com/128/2593/2593668.png
suggestions	建议	https://thumb.wikimedia.org/wikipedia/commons/thumb/e/e9/EN_Suggestions_mode.png/120px-EN_Suggestions_mode.png?utm_source=commons.wikimedia.org&utm_campaign=imageinfo&utm_content=thumbnail	https://cdn-icons-png.flaticon.com/128/2593/2593668.png
suite	套件	https://thumb.wikimedia.org/wikipedia/commons/thumb/6/68/Malani_Igneous_Suite_Jodhpur_near_Mehrangarh_Fort.jpg/250px-Malani_Igneous_Suite_Jodhpur_near_Mehrangarh_Fort.jpg?utm_source=commons.wikimedia.org&utm_campaign=imageinfo&utm_content=thumbnail	https://cdn-icons-png.flaticon.com/128/5124/5124786.png
summaries	摘要	https://upload.wikimedia.org/wikipedia/commons/9/9e/Abkhazia_summary_map.png?utm_source=commons.wikimedia.org&utm_campaign=imageinfo&utm_content=thumbnail_unscaled	https://ts3.mm.bing.net/th?id=OIP.wauOu5o6kA-ubENeAxIR8gAAAA&pid=15.1
summarize	总结	https://thumb.wikimedia.org/wikipedia/commons/thumb/9/9b/Geneva_mechanism_6spoke_animation.gif/250px-Geneva_mechanism_6spoke_animation.gif?utm_source=commons.wikimedia.org&utm_campaign=imageinfo&utm_content=thumbnail	https://ts3.mm.bing.net/th?id=OIP.7rrPgMIh1xGvsRhTX7k2bQAAAA&pid=15.1
summary	摘要	https://thumb.wikimedia.org/wikipedia/commons/thumb/4/41/George_Floyd_protests_in_New_Jersey_summary_map.png/120px-George_Floyd_protests_in_New_Jersey_summary_map.png?utm_source=commons.wikimedia.org&utm_campaign=imageinfo&utm_content=thumbnail	https://ts3.mm.bing.net/th?id=OIP.7rrPgMIh1xGvsRhTX7k2bQAAAA&pid=15.1
sunset	停用	https://thumb.wikimedia.org/wikipedia/commons/thumb/8/8b/Orona_Sunset_AKK.jpg/250px-Orona_Sunset_AKK.jpg?utm_source=commons.wikimedia.org&utm_campaign=imageinfo&utm_content=thumbnail	https://cdn-icons-png.flaticon.com/128/8996/8996187.png
supplier	供应商	https://thumb.wikimedia.org/wikipedia/commons/thumb/5/52/Street_vendor_in_Hyderabad%2C_India.JPG/250px-Street_vendor_in_Hyderabad%2C_India.JPG?utm_source=commons.wikimedia.org&utm_campaign=imageinfo&utm_content=thumbnail	https://cdn-icons-png.flaticon.com/128/72/72109.png
supply	供应		https://cdn-icons-png.flaticon.com/128/5605/5605988.png
support	支持	https://thumb.wikimedia.org/wikipedia/commons/thumb/f/f7/460th_Operations_Support_Squadron.png/250px-460th_Operations_Support_Squadron.png?utm_source=commons.wikimedia.org&utm_campaign=imageinfo&utm_content=thumbnail	https://cdn-icons-png.flaticon.com/128/1067/1067566.png
supports	支持	https://thumb.wikimedia.org/wikipedia/commons/thumb/0/08/Motorway_bridge_supports_-_geograph.org.uk_-_594159.jpg/250px-Motorway_bridge_supports_-_geograph.org.uk_-_594159.jpg?utm_source=commons.wikimedia.org&utm_campaign=imageinfo&utm_content=thumbnail	https://ts4.mm.bing.net/th?id=OIP.KuvMsTYROx9tOO8HYaUbUAAAAA&pid=15.1
suppress	抑制	https://thumb.wikimedia.org/wikipedia/commons/thumb/9/92/Suppress_counterrevolutionaries%281951%29.jpg/250px-Suppress_counterrevolutionaries%281951%29.jpg?utm_source=commons.wikimedia.org&utm_campaign=imageinfo&utm_content=thumbnail	https://ts3.mm.bing.net/th?id=OIP.0L1sZSOTFt987_jvlyHrRQAAAA&pid=15.1
suppressed	已抑制	https://thumb.wikimedia.org/wikipedia/commons/thumb/7/77/Zero_Suppressed_BDD.png/120px-Zero_Suppressed_BDD.png?utm_source=commons.wikimedia.org&utm_campaign=imageinfo&utm_content=thumbnail	https://ts2.mm.bing.net/th?id=OIP.N4Ph6FYhV7d_U__W8P0XpgAAAA&pid=15.1
suppression	抑制	https://thumb.wikimedia.org/wikipedia/commons/thumb/f/f1/Eddy_Current_Suppression_Ring_2.jpg/250px-Eddy_Current_Suppression_Ring_2.jpg?utm_source=commons.wikimedia.org&utm_campaign=imageinfo&utm_content=thumbnail	https://cdn-icons-png.flaticon.com/128/6301/6301133.png
suppressions	抑制	https://thumb.wikimedia.org/wikipedia/commons/thumb/5/56/Rameau_-_les_Paladins_-_1760_-_Suppressions_et_corrections._-_part.n_mss._incompl%C3%A8te_-_btv1b8478899c_%2867_of_67%29.jpg/20px-Rameau_-_les_Paladins_-_1760_-_Suppressions_et_corrections._-_part.n_mss._incompl%C3%A8te_-_btv1b8478899c_%2867_of_67%29.jpg?utm_source=commons.wikimedia.org&utm_campaign=imageinfo&utm_content=thumbnail	https://ts4.mm.bing.net/th?id=OIP.Xr-FT2422jgptXuKD_rCfwAAAA&pid=15.1
surface	呈现	https://thumb.wikimedia.org/wikipedia/commons/thumb/6/6f/Surface_area_element.jpeg/250px-Surface_area_element.jpeg?utm_source=commons.wikimedia.org&utm_campaign=imageinfo&utm_content=thumbnail	https://cdn.icon-icons.com/icons2/472/PNG/48/surface-48_44999.png
surprise	惊讶	https://thumb.wikimedia.org/wikipedia/commons/thumb/8/8f/Community_Center_Surprise%2C_AZ_%289625406340%29.jpg/250px-Community_Center_Surprise%2C_AZ_%289625406340%29.jpg?utm_source=commons.wikimedia.org&utm_campaign=imageinfo&utm_content=thumbnail	https://cdn-icons-png.flaticon.com/128/3656/3656962.png
surprises	意外	https://thumb.wikimedia.org/wikipedia/commons/thumb/f/f6/NEMap-doton-Surprise.png/250px-NEMap-doton-Surprise.png?utm_source=commons.wikimedia.org&utm_campaign=imageinfo&utm_content=thumbnail	https://cdn-icons-png.flaticon.com/128/1240/1240256.png
surprising	令人惊讶	https://thumb.wikimedia.org/wikipedia/commons/thumb/0/00/Surprising_exit_from_Castle_Arch_-_geograph.org.uk_-_1080698.jpg/250px-Surprising_exit_from_Castle_Arch_-_geograph.org.uk_-_1080698.jpg?utm_source=commons.wikimedia.org&utm_campaign=imageinfo&utm_content=thumbnail	https://ts2.mm.bing.net/th?id=OIP.xZWd5Zo__-MG8CILfl214QAAAA&pid=15.1
surrogates	替代		https://ts1.mm.bing.net/th?id=OIP.5oP-YONwO8L2Kyj44kxkrQAAAA&pid=15.1
survey	调查	https://upload.wikimedia.org/wikipedia/commons/4/44/SurveyProject.jpg?utm_source=commons.wikimedia.org&utm_campaign=imageinfo&utm_content=thumbnail_unscaled	https://ts4.mm.bing.net/th?id=OIP.7vczyqurZA-mOhGU3h00tQAAAA&pid=15.1
surveys	调查	https://thumb.wikimedia.org/wikipedia/commons/thumb/d/d3/Us_land_survey_officer.jpg/250px-Us_land_survey_officer.jpg?utm_source=commons.wikimedia.org&utm_campaign=imageinfo&utm_content=thumbnail	https://ts4.mm.bing.net/th?id=OIP.7vczyqurZA-mOhGU3h00tQAAAA&pid=15.1
suspend	暂停	https://thumb.wikimedia.org/wikipedia/commons/thumb/3/30/Airport_Standby_FDP_depiction.jpg/250px-Airport_Standby_FDP_depiction.jpg?utm_source=commons.wikimedia.org&utm_campaign=imageinfo&utm_content=thumbnail	https://ts1.mm.bing.net/th?id=OIP.YFE8-sMBbsOziKuMAJllUgAAAA&pid=15.1
suspicious	可疑	https://thumb.wikimedia.org/wikipedia/commons/thumb/8/8f/US_Navy_080611-N-8298P-018_Explosive_Ordnance_Disposal_conduct_a_security_dive_looking_for_anything_suspicious_as_part_of_exercise_Frontier_Sentinel.jpg/250px-US_Navy_080611-N-8298P-018_Explosive_Ordnance_Disposal_conduct_a_security_dive_looking_for_anything_suspicious_as_part_of_exercise_Frontier_Sentinel.jpg?utm_source=commons.wikimedia.org&utm_campaign=imageinfo&utm_content=thumbnail	https://ts2.mm.bing.net/th?id=OIP.eyBUrxxC18ZlUOQFrkvQhAAAAA&pid=15.1
sustainability	可持续	https://upload.wikimedia.org/wikipedia/commons/f/f1/Sustainability-diagram-v3.png?utm_source=commons.wikimedia.org&utm_campaign=imageinfo&utm_content=thumbnail_unscaled	https://ts1.mm.bing.net/th?id=OIP.dmOUi9EyGwkti86FAf0PRgAAAA&pid=15.1
sustainable	可持续	https://thumb.wikimedia.org/wikipedia/commons/thumb/c/cf/Sustainable_Food_Edmonton.png/250px-Sustainable_Food_Edmonton.png?utm_source=commons.wikimedia.org&utm_campaign=imageinfo&utm_content=thumbnail	https://ts3.mm.bing.net/th?id=OIP.orbb81To8s1x7KZrpaUAtQAAAA&pid=15.1
swag	周边	https://thumb.wikimedia.org/wikipedia/commons/thumb/a/a7/Cali_Swag_District.jpg/250px-Cali_Swag_District.jpg?utm_source=commons.wikimedia.org&utm_campaign=imageinfo&utm_content=thumbnail	https://cdn-icons-png.flaticon.com/128/16406/16406156.png
switch	切换	https://thumb.wikimedia.org/wikipedia/commons/thumb/4/40/Ebonite_switch%2C_1888_%28Forty_Years_of_Electrical_Progress%29.jpg/250px-Ebonite_switch%2C_1888_%28Forty_Years_of_Electrical_Progress%29.jpg?utm_source=commons.wikimedia.org&utm_campaign=imageinfo&utm_content=thumbnail	https://ts3.mm.bing.net/th?id=OIP.DTAPEOBVKs599C0RfzCxogAAAA&pid=15.1
symptoms	症状	https://upload.wikimedia.org/wikipedia/commons/1/14/SymptomsFeverCoughSOB_%28cropped%29.jpg?utm_source=commons.wikimedia.org&utm_campaign=imageinfo&utm_content=thumbnail_unscaled	https://ts1.mm.bing.net/th?id=OIP.CzEvwRjwf-ZZ1z4Fv5YlBgAAAA&pid=15.1
sync	同步	https://thumb.wikimedia.org/wikipedia/commons/thumb/c/c9/Ford_SYNC_logo.jpg/250px-Ford_SYNC_logo.jpg?utm_source=commons.wikimedia.org&utm_campaign=imageinfo&utm_content=thumbnail	https://ts4.mm.bing.net/th?id=OIP.-FghpOoATomDR6ncNsD9XgAAAA&pid=15.1
synthetic	合成		https://ts4.mm.bing.net/th?id=OIP.pbVU6vC4AwUA5Ij1bgYftQAAAA&pid=15.1
system	系统	https://upload.wikimedia.org/wikipedia/commons/1/18/Generic_system.png?utm_source=commons.wikimedia.org&utm_campaign=imageinfo&utm_content=thumbnail_unscaled	https://cdn-icons-png.flaticon.com/128/4370/4370773.png
systems	系统	https://thumb.wikimedia.org/wikipedia/commons/thumb/4/41/Systems_components.gif/250px-Systems_components.gif?utm_source=commons.wikimedia.org&utm_campaign=imageinfo&utm_content=thumbnail	https://cdn-icons-png.flaticon.com/128/3067/3067416.png
table	表	https://thumb.wikimedia.org/wikipedia/commons/thumb/e/ee/Man_at_a_Caf%C3%A9_Table%2C_Paris_MET_sf1990.38.23.jpg/250px-Man_at_a_Caf%C3%A9_Table%2C_Paris_MET_sf1990.38.23.jpg?utm_source=commons.wikimedia.org&utm_campaign=imageinfo&utm_content=thumbnail	https://ts2.mm.bing.net/th?id=OIP.gETVLLBVWkYvqQwiocfPPwAAAA&pid=15.1
tables	表	https://thumb.wikimedia.org/wikipedia/commons/thumb/9/9d/VisualEditor_tables_select_one_cell-ca.png/250px-VisualEditor_tables_select_one_cell-ca.png?utm_source=commons.wikimedia.org&utm_campaign=imageinfo&utm_content=thumbnail	https://ts2.mm.bing.net/th?id=OIP.gETVLLBVWkYvqQwiocfPPwAAAA&pid=15.1
tabletop	桌面	https://thumb.wikimedia.org/wikipedia/commons/thumb/a/a7/Tabletop_Vacuum_Packaging_Machine.png/250px-Tabletop_Vacuum_Packaging_Machine.png?utm_source=commons.wikimedia.org&utm_campaign=imageinfo&utm_content=thumbnail	https://cdn-icons-png.flaticon.com/128/1079/1079856.png
tackle	处理	https://thumb.wikimedia.org/wikipedia/commons/thumb/a/a4/Rugby_tackle_cropped.jpg/250px-Rugby_tackle_cropped.jpg?utm_source=commons.wikimedia.org&utm_campaign=imageinfo&utm_content=thumbnail	https://cdn1.vectorstock.com/i/thumbs/48/35/fishing-tackle-flat-icon-collection-vector-9954835.jpg
tag	标签	https://thumb.wikimedia.org/wikipedia/commons/thumb/3/3c/21st_Century_graffiti%2C_street_furniture%2C_and_tag_-_geograph.org.uk_-_7328902.jpg/250px-21st_Century_graffiti%2C_street_furniture%2C_and_tag_-_geograph.org.uk_-_7328902.jpg?utm_source=commons.wikimedia.org&utm_campaign=imageinfo&utm_content=thumbnail	https://ts4.mm.bing.net/th?id=OIP.STw81F2WSJvHFypDKY5KdgAAAA&pid=15.1
tagged	已标记	https://thumb.wikimedia.org/wikipedia/commons/thumb/8/89/Tagged_disused_walkway%2C_Elkstone_Road_W10_-_geograph.org.uk_-_2038083.jpg/250px-Tagged_disused_walkway%2C_Elkstone_Road_W10_-_geograph.org.uk_-_2038083.jpg?utm_source=commons.wikimedia.org&utm_campaign=imageinfo&utm_content=thumbnail	https://cdn-icons-png.flaticon.com/128/7991/7991247.png
tags	标签	https://upload.wikimedia.org/wikipedia/commons/8/8d/Red_tags_icon.png?utm_source=commons.wikimedia.org&utm_campaign=imageinfo&utm_content=thumbnail_unscaled	https://ts3.mm.bing.net/th?id=OIP.DdHn0HYrdlVVWfJi3faoAQAAAA&pid=15.1
tail	尾部	https://upload.wikimedia.org/wikipedia/commons/c/cf/Tail_GLO.png?utm_source=commons.wikimedia.org&utm_campaign=imageinfo&utm_content=thumbnail_unscaled	https://ts4.mm.bing.net/th?id=OIP.zIB4LV_NHIBDoyYBp4jvPQHaHa&pid=15.1
take	采取	https://thumb.wikimedia.org/wikipedia/commons/thumb/b/b0/Take_Ionescu1.jpg/250px-Take_Ionescu1.jpg?utm_source=commons.wikimedia.org&utm_campaign=imageinfo&utm_content=thumbnail	https://cdn-icons-png.flaticon.com/128/10688/10688529.png
takeaways	要点	https://thumb.wikimedia.org/wikipedia/commons/thumb/c/cb/Casablanca_Takeaway_-_Northgate_-_geograph.org.uk_-_1829246.jpg/120px-Casablanca_Takeaway_-_Northgate_-_geograph.org.uk_-_1829246.jpg?utm_source=commons.wikimedia.org&utm_campaign=imageinfo&utm_content=thumbnail	https://cdn-icons-png.flaticon.com/128/3140/3140971.png
taking	采取	https://upload.wikimedia.org/wikipedia/commons/8/89/Easy_to_Get_%281920%29_-_Clark.jpg?utm_source=commons.wikimedia.org&utm_campaign=imageinfo&utm_content=thumbnail_unscaled	https://ts2.mm.bing.net/th?id=OIP.93sbpq5o36ypbopYZXEthQAAAA&pid=15.1
talk	谈论	https://thumb.wikimedia.org/wikipedia/commons/thumb/3/3e/Take_a_break_to_talk_9.11.11.jpg/250px-Take_a_break_to_talk_9.11.11.jpg?utm_source=commons.wikimedia.org&utm_campaign=imageinfo&utm_content=thumbnail	https://cdn-icons-png.flaticon.com/128/3002/3002655.png
talks	谈话	https://upload.wikimedia.org/wikipedia/commons/d/de/Side_Talks_with_Girls_%281895%29_-_Capital_S.jpg?utm_source=commons.wikimedia.org&utm_campaign=imageinfo&utm_content=thumbnail_unscaled	https://cdn-icons-png.flaticon.com/128/1787/1787116.png
tamper	篡改	https://thumb.wikimedia.org/wikipedia/commons/thumb/f/f5/Tamper.png/250px-Tamper.png?utm_source=commons.wikimedia.org&utm_campaign=imageinfo&utm_content=thumbnail	https://cdn-icons-png.flaticon.com/128/5229/5229814.png
target	目标	https://thumb.wikimedia.org/wikipedia/commons/thumb/f/fc/Target_ClearRx.jpg/250px-Target_ClearRx.jpg?utm_source=commons.wikimedia.org&utm_campaign=imageinfo&utm_content=thumbnail	https://cdn-icons-png.flaticon.com/128/9119/9119230.png
targets	目标	https://upload.wikimedia.org/wikipedia/commons/6/68/82nd_Aerial_Targets_Squadron.png?utm_source=commons.wikimedia.org&utm_campaign=imageinfo&utm_content=thumbnail_unscaled	https://cdn-icons-png.flaticon.com/128/9119/9119230.png
tariff	关税	https://thumb.wikimedia.org/wikipedia/commons/thumb/8/8c/The_tariff_at_Islington_Toll_-_geograph.org.uk_-_131242.jpg/250px-The_tariff_at_Islington_Toll_-_geograph.org.uk_-_131242.jpg?utm_source=commons.wikimedia.org&utm_campaign=imageinfo&utm_content=thumbnail	https://cdn-icons-png.flaticon.com/128/6478/6478255.png
task	任务	https://thumb.wikimedia.org/wikipedia/commons/thumb/d/d6/Mars_Task_Force.jpg/250px-Mars_Task_Force.jpg?utm_source=commons.wikimedia.org&utm_campaign=imageinfo&utm_content=thumbnail	https://cdn-icons-png.flaticon.com/128/9513/9513475.png
tasks	任务		https://ts1.mm.bing.net/th?id=OIP.xM2RT1Yvq5uXFBGr7TcOogAAAA&pid=15.1
tax	税	https://thumb.wikimedia.org/wikipedia/commons/thumb/8/80/Fig._126_-_Federal_income_tax_rates_for_2003_by_household_income_quintile.JPG/250px-Fig._126_-_Federal_income_tax_rates_for_2003_by_household_income_quintile.JPG?utm_source=commons.wikimedia.org&utm_campaign=imageinfo&utm_content=thumbnail	https://cdn-icons-png.flaticon.com/128/1308/1308479.png
teach	教	https://thumb.wikimedia.org/wikipedia/commons/thumb/e/ea/Teach-In_-_TopPop_1974_1.png/250px-Teach-In_-_TopPop_1974_1.png?utm_source=commons.wikimedia.org&utm_campaign=imageinfo&utm_content=thumbnail	https://cdn-icons-png.flaticon.com/128/5344/5344646.png
teachable	可教	https://thumb.wikimedia.org/wikipedia/commons/thumb/3/33/TeachAIDS_Screenshots_7_%285385416695%29.jpg/250px-TeachAIDS_Screenshots_7_%285385416695%29.jpg?utm_source=commons.wikimedia.org&utm_campaign=imageinfo&utm_content=thumbnail	https://ts4.mm.bing.net/th?id=OIP.vIoHPaZVARFf2X5Rb1qdCQAAAA&pid=15.1
teachers	教师	https://thumb.wikimedia.org/wikipedia/commons/thumb/8/8e/Village_school_in_Northern_Bahr_el_Ghazal%2C_Sudan.jpg/250px-Village_school_in_Northern_Bahr_el_Ghazal%2C_Sudan.jpg?utm_source=commons.wikimedia.org&utm_campaign=imageinfo&utm_content=thumbnail	https://cdn-icons-png.flaticon.com/128/8065/8065351.png
teaching	教学	https://thumb.wikimedia.org/wikipedia/commons/thumb/0/0c/Paul_Kniss_teaching_at_Bible_School%2C_Bihar%2C_India%2C_1959_%2816369172143%29.jpg/250px-Paul_Kniss_teaching_at_Bible_School%2C_Bihar%2C_India%2C_1959_%2816369172143%29.jpg?utm_source=commons.wikimedia.org&utm_campaign=imageinfo&utm_content=thumbnail	https://cdn-icons-png.flaticon.com/128/5344/5344646.png
team	团队	https://thumb.wikimedia.org/wikipedia/commons/thumb/f/f7/Team_paris_fc.jpg/250px-Team_paris_fc.jpg?utm_source=commons.wikimedia.org&utm_campaign=imageinfo&utm_content=thumbnail	https://ts3.mm.bing.net/th?id=OIP.-ckwDNLXUZrUgnAjA8lF9gAAAA&pid=15.1
teaming	组队	https://thumb.wikimedia.org/wikipedia/commons/thumb/5/53/Logo_Autonomous_Teaming_Solutions_ATS_GmbH.png/250px-Logo_Autonomous_Teaming_Solutions_ATS_GmbH.png?utm_source=commons.wikimedia.org&utm_campaign=imageinfo&utm_content=thumbnail	https://cdn-icons-png.flaticon.com/128/18251/18251984.png
teams	团队	https://upload.wikimedia.org/wikipedia/commons/0/0a/Kit_body_oeg19h.png?utm_source=commons.wikimedia.org&utm_campaign=imageinfo&utm_content=thumbnail_unscaled	https://cdn-icons-png.flaticon.com/128/906/906349.png
teardown	拆除	https://thumb.wikimedia.org/wikipedia/commons/thumb/5/56/1916_-_Muhlenburg_College_Buildings_teardown_-_4th_and_Walnut_Streets_-_Allentown_PA.jpg/250px-1916_-_Muhlenburg_College_Buildings_teardown_-_4th_and_Walnut_Streets_-_Allentown_PA.jpg?utm_source=commons.wikimedia.org&utm_campaign=imageinfo&utm_content=thumbnail	https://ts1.mm.bing.net/th?id=OIP._aOPT3rp3QMAQJMEKqhx0wAAAA&pid=15.1
tech	技术	https://thumb.wikimedia.org/wikipedia/commons/thumb/5/5c/Map_of_International_Cultural_Center_%28ICC%29_at_Texas_Tech_University.gif/250px-Map_of_International_Cultural_Center_%28ICC%29_at_Texas_Tech_University.gif?utm_source=commons.wikimedia.org&utm_campaign=imageinfo&utm_content=thumbnail	https://ts2.mm.bing.net/th?id=OIP.wYpDtcuHDiWic3Hehe9WIwAAAA&pid=15.1
technical	技术		https://cdn-icons-png.flaticon.com/128/9321/9321656.png
techniques	技术	https://thumb.wikimedia.org/wikipedia/commons/thumb/5/5c/Lifting-techniques-IT.jpg/250px-Lifting-techniques-IT.jpg?utm_source=commons.wikimedia.org&utm_campaign=imageinfo&utm_content=thumbnail	https://ts4.mm.bing.net/th?id=OIP.N223QkEwSPBccXStv74EPQAAAA&pid=15.1
technologies	技术	https://thumb.wikimedia.org/wikipedia/commons/thumb/0/09/1.27.2015_Small_Business_Emerging_Technologies_and_Tech_Fair_%2816185453053%29.jpg/250px-1.27.2015_Small_Business_Emerging_Technologies_and_Tech_Fair_%2816185453053%29.jpg?utm_source=commons.wikimedia.org&utm_campaign=imageinfo&utm_content=thumbnail	https://cdn-icons-png.flaticon.com/128/993/993552.png
telemedicine	远程医疗	https://thumb.wikimedia.org/wikipedia/commons/thumb/f/f3/Telemedicine_in_Penza.jpg/250px-Telemedicine_in_Penza.jpg?utm_source=commons.wikimedia.org&utm_campaign=imageinfo&utm_content=thumbnail	https://cdn-icons-png.flaticon.com/128/3046/3046304.png
telemetry	遥测	https://thumb.wikimedia.org/wikipedia/commons/thumb/a/ae/12-WFF_Mobile_Telemetry_System.png/250px-12-WFF_Mobile_Telemetry_System.png?utm_source=commons.wikimedia.org&utm_campaign=imageinfo&utm_content=thumbnail	https://cdn-icons-png.flaticon.com/128/18146/18146447.png
tell	告诉	https://thumb.wikimedia.org/wikipedia/commons/thumb/2/2e/Features_of_Tell_Ruqeish_on_the_beach_%283%29.jpg/250px-Features_of_Tell_Ruqeish_on_the_beach_%283%29.jpg?utm_source=commons.wikimedia.org&utm_campaign=imageinfo&utm_content=thumbnail	https://ts2.mm.bing.net/th?id=OIP.VJcPfT6-OJKEmTHyoQUWTgAAAA&pid=15.1
tells	告诉	https://upload.wikimedia.org/wikipedia/commons/a/af/Tepe_rovastabla.png?utm_source=commons.wikimedia.org&utm_campaign=imageinfo&utm_content=thumbnail_unscaled	https://ts2.mm.bing.net/th?id=OIP.VJcPfT6-OJKEmTHyoQUWTgAAAA&pid=15.1
template	模板	https://thumb.wikimedia.org/wikipedia/commons/thumb/e/e6/Template_Metropolitan_Primate.png/250px-Template_Metropolitan_Primate.png?utm_source=commons.wikimedia.org&utm_campaign=imageinfo&utm_content=thumbnail	https://cdn-icons-png.flaticon.com/128/559/559907.png
templates	模板	https://upload.wikimedia.org/wikipedia/commons/5/55/Templates-help-he.png?utm_source=commons.wikimedia.org&utm_campaign=imageinfo&utm_content=thumbnail_unscaled	https://cdn-icons-png.flaticon.com/128/559/559907.png
temporarily	暂时	https://thumb.wikimedia.org/wikipedia/commons/thumb/3/37/Bridge_temporarily_closed%2C_Woodfidley_Passage%2C_New_Forest_-_geograph.org.uk_-_510054.jpg/250px-Bridge_temporarily_closed%2C_Woodfidley_Passage%2C_New_Forest_-_geograph.org.uk_-_510054.jpg?utm_source=commons.wikimedia.org&utm_campaign=imageinfo&utm_content=thumbnail	https://cdn-icons-png.flaticon.com/128/18165/18165657.png
temporary	临时	https://thumb.wikimedia.org/wikipedia/commons/thumb/f/f0/Rwandan_refugee_camp_in_east_Zaire.jpg/250px-Rwandan_refugee_camp_in_east_Zaire.jpg?utm_source=commons.wikimedia.org&utm_campaign=imageinfo&utm_content=thumbnail	https://cdn-icons-png.flaticon.com/128/18274/18274399.png
tenants	租户		https://ts3.mm.bing.net/th?id=OIP.FiboTVf3z5vkmmbwEj1gLQAAAA&pid=15.1
term	术语	https://thumb.wikimedia.org/wikipedia/commons/thumb/9/9a/Long_Term_Parking_at_Heathrow_-_geograph.org.uk_-_277713.jpg/250px-Long_Term_Parking_at_Heathrow_-_geograph.org.uk_-_277713.jpg?utm_source=commons.wikimedia.org&utm_campaign=imageinfo&utm_content=thumbnail	https://cdn-icons-png.flaticon.com/128/11582/11582776.png
terminate	终止	https://upload.wikimedia.org/wikipedia/commons/9/9e/10base2_terminator.png?utm_source=commons.wikimedia.org&utm_campaign=imageinfo&utm_content=thumbnail_unscaled	https://cdn-icons-png.flaticon.com/128/5965/5965799.png
terms	条款	https://upload.wikimedia.org/wikipedia/commons/5/59/Terms_of_use.png?utm_source=commons.wikimedia.org&utm_campaign=imageinfo&utm_content=thumbnail_unscaled	https://cdn-icons-png.flaticon.com/128/11582/11582776.png
terraform	Terraform	https://thumb.wikimedia.org/wikipedia/commons/thumb/d/dc/Convair_TF-102A_Delta_Dagger_on_lakebed.png/250px-Convair_TF-102A_Delta_Dagger_on_lakebed.png?utm_source=commons.wikimedia.org&utm_campaign=imageinfo&utm_content=thumbnail	https://cdn.icon-icons.com/icons2/2107/PNG/96/file_type_terraform_icon_130125.png
test	测试	https://thumb.wikimedia.org/wikipedia/commons/thumb/3/37/Biuret_Test_2.jpg/250px-Biuret_Test_2.jpg?utm_source=commons.wikimedia.org&utm_campaign=imageinfo&utm_content=thumbnail	https://cdn-icons-png.flaticon.com/128/1581/1581884.png
tested	已测试	https://upload.wikimedia.org/wikipedia/commons/e/ea/Test.gif?utm_source=commons.wikimedia.org&utm_campaign=imageinfo&utm_content=thumbnail_unscaled	https://cdn-icons-png.flaticon.com/128/1581/1581884.png
testing	测试	https://thumb.wikimedia.org/wikipedia/commons/thumb/a/a4/Testing_Pyramid.png/250px-Testing_Pyramid.png?utm_source=commons.wikimedia.org&utm_campaign=imageinfo&utm_content=thumbnail	https://cdn-icons-png.flaticon.com/128/10061/10061823.png
tests	测试	https://thumb.wikimedia.org/wikipedia/commons/thumb/1/19/2006_North_Korean_nuclear_test_KO.PNG/250px-2006_North_Korean_nuclear_test_KO.PNG?utm_source=commons.wikimedia.org&utm_campaign=imageinfo&utm_content=thumbnail	https://cdn-icons-png.flaticon.com/128/1581/1581884.png
text	文本	https://thumb.wikimedia.org/wikipedia/commons/thumb/7/7e/Logo_Hegemony_3_video_game_%28plain_text%29.jpg/250px-Logo_Hegemony_3_video_game_%28plain_text%29.jpg?utm_source=commons.wikimedia.org&utm_campaign=imageinfo&utm_content=thumbnail	https://cdn-icons-png.flaticon.com/128/8361/8361342.png
than	比	https://upload.wikimedia.org/wikipedia/commons/9/9c/More_Than_This.png?utm_source=commons.wikimedia.org&utm_campaign=imageinfo&utm_content=thumbnail_unscaled	https://ts4.mm.bing.net/th?id=OIP.V5HlOVb1u6XtOlpC8UTM-gAAAA&pid=15.1
thank	感谢		https://cdn-icons-png.flaticon.com/128/9584/9584862.png
that	该	https://thumb.wikimedia.org/wikipedia/commons/thumb/f/f9/Three_cell_growth_types.png/250px-Three_cell_growth_types.png?utm_source=commons.wikimedia.org&utm_campaign=imageinfo&utm_content=thumbnail	https://ts2.mm.bing.net/th?id=OIP.-aTN2bd1UCi5ExjKAbjVrAAAAA&pid=15.1
the	该		
their	他们的	https://thumb.wikimedia.org/wikipedia/commons/thumb/3/39/Sarah_signing_cropped.jpg/250px-Sarah_signing_cropped.jpg?utm_source=commons.wikimedia.org&utm_campaign=imageinfo&utm_content=thumbnail	https://ts2.mm.bing.net/th?id=OIP._VuQkhv_gfyPjDiWKtb25AAAAA&pid=15.1
them	他们	https://thumb.wikimedia.org/wikipedia/commons/thumb/4/48/Them_1992.jpg/250px-Them_1992.jpg?utm_source=commons.wikimedia.org&utm_campaign=imageinfo&utm_content=thumbnail	https://cdn-icons-png.flaticon.com/128/10138/10138541.png
themes	主题	https://thumb.wikimedia.org/wikipedia/commons/thumb/b/b8/Margaret_Mead_Themes_de_culture_de_la_France_louis_maitrier.jpg/250px-Margaret_Mead_Themes_de_culture_de_la_France_louis_maitrier.jpg?utm_source=commons.wikimedia.org&utm_campaign=imageinfo&utm_content=thumbnail	https://ts2.mm.bing.net/th?id=OIP.GhdgtfE1Li4fAkCVnjNDNgAAAA&pid=15.1
then	然后	https://thumb.wikimedia.org/wikipedia/commons/thumb/1/17/Tang-hores1.jpg/250px-Tang-hores1.jpg?utm_source=commons.wikimedia.org&utm_campaign=imageinfo&utm_content=thumbnail	https://cdn-icons-png.flaticon.com/128/9641/9641921.png
there	那里	https://thumb.wikimedia.org/wikipedia/commons/thumb/6/62/Fault_types_TypesDeFailles.jpg/120px-Fault_types_TypesDeFailles.jpg?utm_source=commons.wikimedia.org&utm_campaign=imageinfo&utm_content=thumbnail	https://cdn-icons-png.flaticon.com/128/4966/4966280.png
they	他们	https://thumb.wikimedia.org/wikipedia/commons/thumb/1/1b/Them_Dark_symphony_of_Death.jpg/250px-Them_Dark_symphony_of_Death.jpg?utm_source=commons.wikimedia.org&utm_campaign=imageinfo&utm_content=thumbnail	https://cdn-icons-png.flaticon.com/128/11107/11107550.png
thing	事物	https://upload.wikimedia.org/wikipedia/commons/a/ac/Jeanne_Eagels_in_The_Wonderful_Thing_3.jpg?utm_source=commons.wikimedia.org&utm_campaign=imageinfo&utm_content=thumbnail_unscaled	https://ts1.mm.bing.net/th?id=OIF.95FUgJQF3fo95mjmMpMBfw&pid=15.1
third	第三	https://thumb.wikimedia.org/wikipedia/commons/thumb/d/d2/Third_Avenue_-_geograph.org.uk_-_752704.jpg/250px-Third_Avenue_-_geograph.org.uk_-_752704.jpg?utm_source=commons.wikimedia.org&utm_campaign=imageinfo&utm_content=thumbnail	https://ts2.mm.bing.net/th?id=OIP.Z6i3GjX5Pdqf49xa9l66WwAAAA&pid=15.1
those	那些	https://upload.wikimedia.org/wikipedia/commons/8/80/Those_Love_Pangs.jpg?utm_source=commons.wikimedia.org&utm_campaign=imageinfo&utm_content=thumbnail_unscaled	https://ts2.mm.bing.net/th?id=OIP.c7yeEg-hQWgw8hYNOMs2TQAAAA&pid=15.1
thoughtfully	周到地		https://ts4.mm.bing.net/th?id=OIP.CueQgWTyID9_Ekh8hvYdRQAAAA&pid=15.1
thrash	抖动	https://thumb.wikimedia.org/wikipedia/commons/thumb/9/94/William_G_Thrash.jpg/250px-William_G_Thrash.jpg?utm_source=commons.wikimedia.org&utm_campaign=imageinfo&utm_content=thumbnail	https://images.icon-icons.com/3002/PNG/96/paper_bin_trash_icon_187876.png
thread	线程	https://thumb.wikimedia.org/wikipedia/commons/thumb/6/6a/Buttress_thread_form.png/250px-Buttress_thread_form.png?utm_source=commons.wikimedia.org&utm_campaign=imageinfo&utm_content=thumbnail	https://cdn-icons-png.flaticon.com/128/3223/3223969.png
threads	线程	https://thumb.wikimedia.org/wikipedia/commons/thumb/2/20/Threads_%28Informatik%29.png/250px-Threads_%28Informatik%29.png?utm_source=commons.wikimedia.org&utm_campaign=imageinfo&utm_content=thumbnail	https://ts1.mm.bing.net/th?id=OIP.p2WihoQ6YJRyuKFIKqVJRgAAAA&pid=15.1
threat	威胁	https://thumb.wikimedia.org/wikipedia/commons/thumb/6/60/Stereotype_threat_bw.jpg/250px-Stereotype_threat_bw.jpg?utm_source=commons.wikimedia.org&utm_campaign=imageinfo&utm_content=thumbnail	https://cdn-icons-png.flaticon.com/128/15254/15254552.png
threats	威胁	https://thumb.wikimedia.org/wikipedia/commons/thumb/5/5c/Threats_-_geograph.org.uk_-_233321.jpg/250px-Threats_-_geograph.org.uk_-_233321.jpg?utm_source=commons.wikimedia.org&utm_campaign=imageinfo&utm_content=thumbnail	https://cdn-icons-png.flaticon.com/128/11651/11651032.png
three	三	https://thumb.wikimedia.org/wikipedia/commons/thumb/2/20/Three_generals_-_Anton_von_Werner.jpg/250px-Three_generals_-_Anton_von_Werner.jpg?utm_source=commons.wikimedia.org&utm_campaign=imageinfo&utm_content=thumbnail	https://ts4.mm.bing.net/th?id=OIP.gZJPG35rMcvLFfNd3isO3AAAAA&pid=15.1
thresholds	阈值	https://upload.wikimedia.org/wikipedia/commons/b/b1/Stamp_of_Tajikistan_-_2003_-_Colnect_421592_-_Mining_river_with_thresholds_by_Shkolenro_Irina.jpeg?utm_source=commons.wikimedia.org&utm_campaign=imageinfo&utm_content=thumbnail_unscaled	https://cdn-icons-png.flaticon.com/128/12513/12513738.png
thrive	蓬勃	https://thumb.wikimedia.org/wikipedia/commons/thumb/4/4d/ThriveSupplementFacts.png/250px-ThriveSupplementFacts.png?utm_source=commons.wikimedia.org&utm_campaign=imageinfo&utm_content=thumbnail	https://ts1.explicit.bing.net/th?id=OIP.nKUBDg4iZWEvl35SW908KQAAAA&pid=15.1
through	通过	https://thumb.wikimedia.org/wikipedia/commons/thumb/2/25/Smilin%27_Through_%281922%29_-_2.jpg/120px-Smilin%27_Through_%281922%29_-_2.jpg?utm_source=commons.wikimedia.org&utm_campaign=imageinfo&utm_content=thumbnail	https://icons.iconarchive.com/icons/iconsmind/outline/128/Arrow-Through-icon.png
throughout	贯穿	https://thumb.wikimedia.org/wikipedia/commons/thumb/2/21/Ursa_Major.gif/250px-Ursa_Major.gif?utm_source=commons.wikimedia.org&utm_campaign=imageinfo&utm_content=thumbnail	https://ts4.mm.bing.net/th?id=OIP.TI4WtnpQfwpr_xB3uKiLggAAAA&pid=15.1
throughput	吞吐	https://thumb.wikimedia.org/wikipedia/commons/thumb/c/ce/Legitimation_Throughput.png/250px-Legitimation_Throughput.png?utm_source=commons.wikimedia.org&utm_campaign=imageinfo&utm_content=thumbnail	https://cdn-icons-png.flaticon.com/128/18168/18168744.png
ticket	工单	https://thumb.wikimedia.org/wikipedia/commons/thumb/e/ea/Ticket-kenilworth-gold-cup.jpg/250px-Ticket-kenilworth-gold-cup.jpg?utm_source=commons.wikimedia.org&utm_campaign=imageinfo&utm_content=thumbnail	https://cdn-icons-png.flaticon.com/128/1517/1517692.png
ticketing	工单	https://thumb.wikimedia.org/wikipedia/commons/thumb/e/ea/Ticket-kenilworth-gold-cup.jpg/250px-Ticket-kenilworth-gold-cup.jpg?utm_source=commons.wikimedia.org&utm_campaign=imageinfo&utm_content=thumbnail	https://cdn-icons-png.flaticon.com/128/1517/1517692.png
tickets	工单	https://thumb.wikimedia.org/wikipedia/commons/thumb/5/5a/Tickets_to_the_opening_meeting_of_the_Constituent_Assembly_of_Lithuania%2C_1920.jpg/120px-Tickets_to_the_opening_meeting_of_the_Constituent_Assembly_of_Lithuania%2C_1920.jpg?utm_source=commons.wikimedia.org&utm_campaign=imageinfo&utm_content=thumbnail	https://cdn-icons-png.flaticon.com/128/320/320416.png
tidy	整理	https://thumb.wikimedia.org/wikipedia/commons/thumb/3/34/Tidy_Postbox_-_geograph.org.uk_-_553830.jpg/250px-Tidy_Postbox_-_geograph.org.uk_-_553830.jpg?utm_source=commons.wikimedia.org&utm_campaign=imageinfo&utm_content=thumbnail	https://ts3.mm.bing.net/th?id=OIP.asNJda71foI59w8SwLns0wAAAA&pid=15.1
tier	层级	https://thumb.wikimedia.org/wikipedia/commons/thumb/c/c1/The_Roaches_-_lower_tier_-_geograph.org.uk_-_1482644.jpg/250px-The_Roaches_-_lower_tier_-_geograph.org.uk_-_1482644.jpg?utm_source=commons.wikimedia.org&utm_campaign=imageinfo&utm_content=thumbnail	https://cdn-icons-png.flaticon.com/128/64/64440.png
tiers	层级	https://upload.wikimedia.org/wikipedia/commons/f/f7/Tiers_de_sou_or_Dagobert_Ier.jpg?utm_source=commons.wikimedia.org&utm_campaign=imageinfo&utm_content=thumbnail_unscaled	https://cdn-icons-png.flaticon.com/128/64/64440.png
tight	紧	https://thumb.wikimedia.org/wikipedia/commons/thumb/2/29/Chris_Baker_%28tight_end%29.JPG/250px-Chris_Baker_%28tight_end%29.JPG?utm_source=commons.wikimedia.org&utm_campaign=imageinfo&utm_content=thumbnail	https://images.icon-icons.com/3252/PNG/96/text_position_tight_regular_icon_204769.png
tightly	紧密地	https://thumb.wikimedia.org/wikipedia/commons/thumb/3/3c/Tightly_moored_-_geograph.org.uk_-_720578.jpg/250px-Tightly_moored_-_geograph.org.uk_-_720578.jpg?utm_source=commons.wikimedia.org&utm_campaign=imageinfo&utm_content=thumbnail	https://ts2.mm.bing.net/th?id=OIP.c5TFycSWBT1z5l4jM1dIFQAAAA&pid=15.1
time	时间	https://thumb.wikimedia.org/wikipedia/commons/thumb/9/92/Time_Magazine_-_first_cover.jpg/250px-Time_Magazine_-_first_cover.jpg?utm_source=commons.wikimedia.org&utm_campaign=imageinfo&utm_content=thumbnail	https://ts3.mm.bing.net/th?id=OIP.Ljnc603mrFTtLlhn9jpR5gAAAA&pid=15.1
timed	计时		https://ts1.mm.bing.net/th?id=OIP.5rvtXgWXUaNS66BNOwDG8wAAAA&pid=15.1
timeline	时间线	https://thumb.wikimedia.org/wikipedia/commons/thumb/4/4d/Timeline-example.jpg/250px-Timeline-example.jpg?utm_source=commons.wikimedia.org&utm_campaign=imageinfo&utm_content=thumbnail	https://cdn-icons-png.flaticon.com/128/4127/4127130.png
timelines	时间线	https://thumb.wikimedia.org/wikipedia/commons/thumb/4/4d/Timeline-example.jpg/250px-Timeline-example.jpg?utm_source=commons.wikimedia.org&utm_campaign=imageinfo&utm_content=thumbnail	https://cdn-icons-png.flaticon.com/128/4127/4127130.png
timely	及时	https://thumb.wikimedia.org/wikipedia/commons/thumb/8/86/Timely_reflections_-_geograph.org.uk_-_1335618.jpg/250px-Timely_reflections_-_geograph.org.uk_-_1335618.jpg?utm_source=commons.wikimedia.org&utm_campaign=imageinfo&utm_content=thumbnail	https://cdn-icons-png.flaticon.com/128/4127/4127130.png
timeout	超时	https://upload.wikimedia.org/wikipedia/commons/d/d4/Charles_Tapper_During_Timeout%2C_March_2010.jpg?utm_source=commons.wikimedia.org&utm_campaign=imageinfo&utm_content=thumbnail_unscaled	https://ts3.mm.bing.net/th?id=OIP.rFcxTctBh7NfxapfBQnwOgAAAA&pid=15.1
timeouts	超时	https://thumb.wikimedia.org/wikipedia/commons/thumb/2/2c/Irssi_ident_timeout.png/250px-Irssi_ident_timeout.png?utm_source=commons.wikimedia.org&utm_campaign=imageinfo&utm_content=thumbnail	https://ts3.mm.bing.net/th?id=OIP.rFcxTctBh7NfxapfBQnwOgAAAA&pid=15.1
timers	计时器	https://thumb.wikimedia.org/wikipedia/commons/thumb/8/8e/Why_Do_Timers_Exist%3F.webp/250px-Why_Do_Timers_Exist%3F.webp?utm_source=commons.wikimedia.org&utm_campaign=imageinfo&utm_content=thumbnail	https://ts1.mm.bing.net/th?id=OIP.RonQ0U8on-xXPUpdpke6ngAAAA&pid=15.1
times	次数	https://thumb.wikimedia.org/wikipedia/commons/thumb/b/bd/New_York_Times_-_faked_Spoonerisms_1928.jpg/250px-New_York_Times_-_faked_Spoonerisms_1928.jpg?utm_source=commons.wikimedia.org&utm_campaign=imageinfo&utm_content=thumbnail	https://ts3.mm.bing.net/th?id=OIP.Ljnc603mrFTtLlhn9jpR5gAAAA&pid=15.1
timestamp	时间戳	https://thumb.wikimedia.org/wikipedia/commons/thumb/5/54/Timestamp.JPG/250px-Timestamp.JPG?utm_source=commons.wikimedia.org&utm_campaign=imageinfo&utm_content=thumbnail	https://cdn-icons-png.flaticon.com/128/848/848645.png
timestamps	时间戳	https://thumb.wikimedia.org/wikipedia/commons/thumb/b/b2/OpenTimestamps_logo.png/250px-OpenTimestamps_logo.png?utm_source=commons.wikimedia.org&utm_campaign=imageinfo&utm_content=thumbnail	https://ts1.mm.bing.net/th?id=OIP.n4bYyTMkbhWX5Andkxt1GQAAAA&pid=15.1
timing	时机	https://thumb.wikimedia.org/wikipedia/commons/thumb/7/77/SR_FF_timing_diagram.png/250px-SR_FF_timing_diagram.png?utm_source=commons.wikimedia.org&utm_campaign=imageinfo&utm_content=thumbnail	https://ts4.mm.bing.net/th?id=OIP.nhdPHmi7Ofw_6_lJgUZAKQAAAA&pid=15.1
tiny	微小		https://cdn-icons-png.flaticon.com/128/4170/4170048.png
tired	疲惫	https://upload.wikimedia.org/wikipedia/commons/6/6b/Tired_Face.png?utm_source=commons.wikimedia.org&utm_campaign=imageinfo&utm_content=thumbnail_unscaled	https://cdn-icons-png.flaticon.com/128/2805/2805864.png
title	标题	https://thumb.wikimedia.org/wikipedia/commons/thumb/9/9a/Ruby_Moon-Houldson_and_Logan_Wade_at_Title_Signing.jpg/250px-Ruby_Moon-Houldson_and_Logan_Wade_at_Title_Signing.jpg?utm_source=commons.wikimedia.org&utm_campaign=imageinfo&utm_content=thumbnail	https://cdn-icons-png.flaticon.com/128/4693/4693265.png
titles	标题	https://upload.wikimedia.org/wikipedia/commons/6/60/Unratified_titles_of_nobility_amendment.png?utm_source=commons.wikimedia.org&utm_campaign=imageinfo&utm_content=thumbnail_unscaled	https://cdn-icons-png.flaticon.com/128/4693/4693265.png
tls	TLS	https://upload.wikimedia.org/wikipedia/commons/4/41/SSL_Symbol.png?utm_source=commons.wikimedia.org&utm_campaign=imageinfo&utm_content=thumbnail_unscaled	https://cdn-icons-png.flaticon.com/128/4896/4896619.png
to	去		
together	一起	https://thumb.wikimedia.org/wikipedia/commons/thumb/2/21/Stronger_Together_image.png/250px-Stronger_Together_image.png?utm_source=commons.wikimedia.org&utm_campaign=imageinfo&utm_content=thumbnail	https://ts4.mm.bing.net/th?id=OIP.oqYK239VyKEoFMKEiH9JQwAAAA&pid=15.1
toil	苦活	https://thumb.wikimedia.org/wikipedia/commons/thumb/7/74/They_toil_not%2C_neither_do_they_spin.jpg/250px-They_toil_not%2C_neither_do_they_spin.jpg?utm_source=commons.wikimedia.org&utm_campaign=imageinfo&utm_content=thumbnail	https://ts3.mm.bing.net/th?id=OIP.kfEOVGrHhOM27FVXEbo58QAAAA&pid=15.1
token	令牌	https://thumb.wikimedia.org/wikipedia/commons/thumb/a/a6/Postal_test_token-A_UNIQUE_THING-.jpeg/250px-Postal_test_token-A_UNIQUE_THING-.jpeg?utm_source=commons.wikimedia.org&utm_campaign=imageinfo&utm_content=thumbnail	https://ts3.mm.bing.net/th?id=OIP.pFs9VTJsBTlOcAEmqC3HBAAAAA&pid=15.1
tokenization	令牌化	https://thumb.wikimedia.org/wikipedia/commons/thumb/a/a4/All-Wiki_Weighted_Tokenization_Accuracy.png/250px-All-Wiki_Weighted_Tokenization_Accuracy.png?utm_source=commons.wikimedia.org&utm_campaign=imageinfo&utm_content=thumbnail	https://ts3.mm.bing.net/th?id=OIP.mZuVn0VMojQTHjJQrtWblwAAAA&pid=15.1
tokenize	令牌化	https://thumb.wikimedia.org/wikipedia/commons/thumb/4/4f/Kyiv_Metro_token.jpg/250px-Kyiv_Metro_token.jpg?utm_source=commons.wikimedia.org&utm_campaign=imageinfo&utm_content=thumbnail	https://ts4.mm.bing.net/th?id=OIP.Hl5rYCq71Zj-qhshRtD3OgAAAA&pid=15.1
tokens	令牌	https://upload.wikimedia.org/wikipedia/commons/8/82/Cambodian_Lotus_Tokens_-_Scott_Semans_06.jpg?utm_source=commons.wikimedia.org&utm_campaign=imageinfo&utm_content=thumbnail_unscaled	https://ts1.mm.bing.net/th?id=OIP.BfHwuaIOMoAQcrvnYgovJAAAAA&pid=15.1
tone	语气		https://icons.iconarchive.com/icons/ampeross/qetto-2/128/tone-icon.png
too	太	https://thumb.wikimedia.org/wikipedia/commons/thumb/6/6a/All_This_and_Heaven_Too_trailer.JPG/250px-All_This_and_Heaven_Too_trailer.JPG?utm_source=commons.wikimedia.org&utm_campaign=imageinfo&utm_content=thumbnail	https://cdn-icons-png.flaticon.com/128/5626/5626940.png
tool	工具	https://thumb.wikimedia.org/wikipedia/commons/thumb/f/f6/Skimmer_Tool_%28PSF%29.png/250px-Skimmer_Tool_%28PSF%29.png?utm_source=commons.wikimedia.org&utm_campaign=imageinfo&utm_content=thumbnail	https://cdn-icons-png.flaticon.com/128/1077/1077198.png
tooling	工具	https://thumb.wikimedia.org/wikipedia/commons/thumb/1/13/Tooling_mortar_joints.jpg/250px-Tooling_mortar_joints.jpg?utm_source=commons.wikimedia.org&utm_campaign=imageinfo&utm_content=thumbnail	https://cdn-icons-png.flaticon.com/128/2249/2249549.png
tools	工具	https://thumb.wikimedia.org/wikipedia/commons/thumb/1/1b/Pitcairn_tools_1900_photo.png/120px-Pitcairn_tools_1900_photo.png?utm_source=commons.wikimedia.org&utm_campaign=imageinfo&utm_content=thumbnail	https://ts3.mm.bing.net/th?id=OIP.yoEAH2AOwfYyCY7Yd08PBQAAAA&pid=15.1
top	顶部	https://upload.wikimedia.org/wikipedia/commons/3/3c/TOP_signature.png?utm_source=commons.wikimedia.org&utm_campaign=imageinfo&utm_content=thumbnail_unscaled	https://ts3.mm.bing.net/th?id=OIP.oSUVYGw8oThRG1KNCKuQewAAAA&pid=15.1
topic	主题	https://thumb.wikimedia.org/wikipedia/commons/thumb/e/e1/Basic_topic_selection-How_to_navigate_to_topic_suggestions_on_CX_mobile.gif/120px-Basic_topic_selection-How_to_navigate_to_topic_suggestions_on_CX_mobile.gif?utm_source=commons.wikimedia.org&utm_campaign=imageinfo&utm_content=thumbnail	https://cdn-icons-png.flaticon.com/128/9431/9431852.png
topics	主题	https://thumb.wikimedia.org/wikipedia/commons/thumb/3/3c/Topics-User_Funnel.png/250px-Topics-User_Funnel.png?utm_source=commons.wikimedia.org&utm_campaign=imageinfo&utm_content=thumbnail	https://ts4.mm.bing.net/th?id=OIP.vDiWlxSTvGTXbgye3Z_dDQAAAA&pid=15.1
topology	拓扑	https://upload.wikimedia.org/wikipedia/commons/2/2f/Emulab_topology.png?utm_source=commons.wikimedia.org&utm_campaign=imageinfo&utm_content=thumbnail_unscaled	https://ts4.mm.bing.net/th?id=OIP.AbL8DzicWEy23ZpyLdrawwAAAA&pid=15.1
touching	触及	https://thumb.wikimedia.org/wikipedia/commons/thumb/7/7c/Touching_Souls_dedication_-_geograph.org.uk_-_277330.jpg/250px-Touching_Souls_dedication_-_geograph.org.uk_-_277330.jpg?utm_source=commons.wikimedia.org&utm_campaign=imageinfo&utm_content=thumbnail	https://cdn-icons-png.flaticon.com/128/3162/3162533.png
tough	艰难	https://thumb.wikimedia.org/wikipedia/commons/thumb/1/1a/Cushnie_and_Tough_Parish_Church_-_geograph.org.uk_-_613983.jpg/250px-Cushnie_and_Tough_Parish_Church_-_geograph.org.uk_-_613983.jpg?utm_source=commons.wikimedia.org&utm_campaign=imageinfo&utm_content=thumbnail	https://ts4.mm.bing.net/th?id=OIP.bidsGlQtLORc5VQn1foXlwAAAA&pid=15.1
toward	朝向		https://ts4.mm.bing.net/th?id=OIP.iBljk3v9-bIMwBZEe3PxMgAAAA&pid=15.1
town	城镇	https://thumb.wikimedia.org/wikipedia/commons/thumb/4/49/Medieval_town.png/250px-Medieval_town.png?utm_source=commons.wikimedia.org&utm_campaign=imageinfo&utm_content=thumbnail	https://cdn-icons-png.flaticon.com/128/5599/5599167.png
tracing	追踪	https://thumb.wikimedia.org/wikipedia/commons/thumb/5/5f/Van_Gogh_tracing_for_The_Courtesan.jpeg/120px-Van_Gogh_tracing_for_The_Courtesan.jpeg?utm_source=commons.wikimedia.org&utm_campaign=imageinfo&utm_content=thumbnail	https://ts3.mm.bing.net/th?id=OIP.MZCt0p14w5xJQgnUroz4oQAAAA&pid=15.1
track	跟踪	https://thumb.wikimedia.org/wikipedia/commons/thumb/6/60/Track_to_Field_Barn_-_geograph.org.uk_-_425141.jpg/250px-Track_to_Field_Barn_-_geograph.org.uk_-_425141.jpg?utm_source=commons.wikimedia.org&utm_campaign=imageinfo&utm_content=thumbnail	https://cdn-icons-png.flaticon.com/128/3088/3088999.png
trackers	跟踪器	https://thumb.wikimedia.org/wikipedia/commons/thumb/c/cd/The_searchers_Ford_Trailer_screenshot_%2813-crop%29.jpg/250px-The_searchers_Ford_Trailer_screenshot_%2813-crop%29.jpg?utm_source=commons.wikimedia.org&utm_campaign=imageinfo&utm_content=thumbnail	https://cdn-icons-png.flaticon.com/128/837/837881.png
tracking	跟踪	https://upload.wikimedia.org/wikipedia/commons/0/0e/Satellite_tracking_geometry.png?utm_source=commons.wikimedia.org&utm_campaign=imageinfo&utm_content=thumbnail_unscaled	https://cdn-icons-png.flaticon.com/128/3273/3273397.png
tracks	跟踪	https://thumb.wikimedia.org/wikipedia/commons/thumb/c/cb/Tyre_Tracks_-_geograph.org.uk_-_94592.jpg/250px-Tyre_Tracks_-_geograph.org.uk_-_94592.jpg?utm_source=commons.wikimedia.org&utm_campaign=imageinfo&utm_content=thumbnail	https://cdn-icons-png.flaticon.com/128/941/941101.png
trade	交易	https://thumb.wikimedia.org/wikipedia/commons/thumb/d/d3/Obsidian_trade_%28IV_millennium_BC%29.png/250px-Obsidian_trade_%28IV_millennium_BC%29.png?utm_source=commons.wikimedia.org&utm_campaign=imageinfo&utm_content=thumbnail	https://ts1.mm.bing.net/th?id=OIP.3nFPEZXmAcoBsi4Vb7-JYgAAAA&pid=15.1
trademarks	商标	https://upload.wikimedia.org/wikipedia/commons/2/29/Red-TM-symbol.PNG?utm_source=commons.wikimedia.org&utm_campaign=imageinfo&utm_content=thumbnail_unscaled	https://cdn-icons-png.flaticon.com/128/3146/3146124.png
tradeoffs	权衡	https://thumb.wikimedia.org/wikipedia/commons/thumb/2/2a/Eedverbond.gif/250px-Eedverbond.gif?utm_source=commons.wikimedia.org&utm_campaign=imageinfo&utm_content=thumbnail	https://ts4.mm.bing.net/th?id=OIP.wIJZ24cLWTzc7h41909lsQAAAA&pid=15.1
traffic	流量	https://thumb.wikimedia.org/wikipedia/commons/thumb/b/b7/Queuing_traffic_on_the_A3_approaching_the_M25_at_Wisley_-_geograph.org.uk_-_4576150.jpg/250px-Queuing_traffic_on_the_A3_approaching_the_M25_at_Wisley_-_geograph.org.uk_-_4576150.jpg?utm_source=commons.wikimedia.org&utm_campaign=imageinfo&utm_content=thumbnail	https://cdn-icons-png.flaticon.com/128/5599/5599570.png
trails	痕迹		https://cdn-icons-png.flaticon.com/128/100/100248.png
train	训练	https://thumb.wikimedia.org/wikipedia/commons/thumb/c/c0/Dotto_Train%2C_Esplanade_-_geograph.org.uk_-_530756.jpg/250px-Dotto_Train%2C_Esplanade_-_geograph.org.uk_-_530756.jpg?utm_source=commons.wikimedia.org&utm_campaign=imageinfo&utm_content=thumbnail	https://cdn-icons-png.flaticon.com/128/3267/3267449.png
trained	已训练	https://thumb.wikimedia.org/wikipedia/commons/thumb/6/6c/Special_meeting_at_the_Women%27s_Teacher_Training_Institute_in_Kabul.jpg/250px-Special_meeting_at_the_Women%27s_Teacher_Training_Institute_in_Kabul.jpg?utm_source=commons.wikimedia.org&utm_campaign=imageinfo&utm_content=thumbnail	https://ts1.mm.bing.net/th?id=OIP.okmHGYF_MCosvGhAJkam1QAAAA&pid=15.1
training	培训	https://thumb.wikimedia.org/wikipedia/commons/thumb/6/6c/Special_meeting_at_the_Women%27s_Teacher_Training_Institute_in_Kabul.jpg/250px-Special_meeting_at_the_Women%27s_Teacher_Training_Institute_in_Kabul.jpg?utm_source=commons.wikimedia.org&utm_campaign=imageinfo&utm_content=thumbnail	https://cdn-icons-png.flaticon.com/128/1654/1654346.png
trains	训练	https://thumb.wikimedia.org/wikipedia/commons/thumb/3/35/Planes%2C_Trains_and_Automobiles_-_geograph.org.uk_-_324569.jpg/250px-Planes%2C_Trains_and_Automobiles_-_geograph.org.uk_-_324569.jpg?utm_source=commons.wikimedia.org&utm_campaign=imageinfo&utm_content=thumbnail	https://ts1.mm.bing.net/th?id=OIP.ghI6gHANp3AwNCdakmZa_wAAAA&pid=15.1
transactional	事务	https://thumb.wikimedia.org/wikipedia/commons/thumb/b/bc/TransactionalAnalysis.gif/250px-TransactionalAnalysis.gif?utm_source=commons.wikimedia.org&utm_campaign=imageinfo&utm_content=thumbnail	https://cdn-icons-png.flaticon.com/128/3186/3186949.png
transactions	交易	https://upload.wikimedia.org/wikipedia/commons/3/3a/Philosophical_Transactions_-_Volume_013_-_p172b.png?utm_source=commons.wikimedia.org&utm_campaign=imageinfo&utm_content=thumbnail_unscaled	https://cdn-icons-png.flaticon.com/128/10781/10781368.png
transcripts	文字记录	https://thumb.wikimedia.org/wikipedia/commons/thumb/5/58/C4orf21_model_as_proposed_by_Phyre_2.0._Regulator_of_nonsense_transcripts._Hydrolase..png/250px-C4orf21_model_as_proposed_by_Phyre_2.0._Regulator_of_nonsense_transcripts._Hydrolase..png?utm_source=commons.wikimedia.org&utm_campaign=imageinfo&utm_content=thumbnail	https://cdn-icons-png.flaticon.com/128/5261/5261959.png
transfer	转移	https://thumb.wikimedia.org/wikipedia/commons/thumb/6/60/Transfer_function.png/250px-Transfer_function.png?utm_source=commons.wikimedia.org&utm_campaign=imageinfo&utm_content=thumbnail	https://cdn-icons-png.flaticon.com/128/876/876784.png
transform	转换	https://upload.wikimedia.org/wikipedia/commons/e/e4/Lorentz_transform_of_world_line.gif?utm_source=commons.wikimedia.org&utm_campaign=imageinfo&utm_content=thumbnail_unscaled	https://cdn-icons-png.flaticon.com/128/5352/5352490.png
transforms	转换	https://thumb.wikimedia.org/wikipedia/commons/thumb/6/6d/DIT-FFT-butterfly1.png/250px-DIT-FFT-butterfly1.png?utm_source=commons.wikimedia.org&utm_campaign=imageinfo&utm_content=thumbnail	https://ts4.mm.bing.net/th?id=OIP.L5aqNSWBPY6DXpC182iCrwAAAA&pid=15.1
transit	传输		https://ts3.mm.bing.net/th?id=OIP.LnjFJrDrWBP_oZdEtnInvgAAAA&pid=15.1
transitions	切换	https://thumb.wikimedia.org/wikipedia/commons/thumb/c/cb/Alternative_stable_states%2C_critical_transitions%2C_and_the_direction_of_critical_slowing_down.png/250px-Alternative_stable_states%2C_critical_transitions%2C_and_the_direction_of_critical_slowing_down.png?utm_source=commons.wikimedia.org&utm_campaign=imageinfo&utm_content=thumbnail	https://cdn3.iconfinder.com/data/icons/miscellaneous-222-line/128/transition_epidemic_transit_change_move_transformation_changeover_progress_restart-128.png
translate	翻译	https://thumb.wikimedia.org/wikipedia/commons/thumb/7/75/Translate_manual_-_Combating_vandalism_-_1._Translate_tab.png/250px-Translate_manual_-_Combating_vandalism_-_1._Translate_tab.png?utm_source=commons.wikimedia.org&utm_campaign=imageinfo&utm_content=thumbnail	https://ts1.mm.bing.net/th?id=OIP.pRUowfvI5mByQdFNHTr49gAAAA&pid=15.1
translation	翻译	https://thumb.wikimedia.org/wikipedia/commons/thumb/b/bd/Translation_geometry2.png/250px-Translation_geometry2.png?utm_source=commons.wikimedia.org&utm_campaign=imageinfo&utm_content=thumbnail	https://cdn-icons-png.flaticon.com/128/632/632904.png
translations	翻译	https://thumb.wikimedia.org/wikipedia/commons/thumb/7/7c/Published_translations_do_not_show_a_user%27s_translations_but_are_falsely_linked_as_%22translations%22_in_dropdown_%28de%29.png/250px-Published_translations_do_not_show_a_user%27s_translations_but_are_falsely_linked_as_%22translations%22_in_dropdown_%28de%29.png?utm_source=commons.wikimedia.org&utm_campaign=imageinfo&utm_content=thumbnail	https://cdn-icons-png.flaticon.com/128/8361/8361117.png
transparent	透明	https://upload.wikimedia.org/wikipedia/commons/9/9e/Inov-8-Logo-White-Transparent-3.png?utm_source=commons.wikimedia.org&utm_campaign=imageinfo&utm_content=thumbnail_unscaled	https://cdn-icons-png.flaticon.com/128/1076/1076744.png
trap	陷阱	https://thumb.wikimedia.org/wikipedia/commons/thumb/3/3f/Beaver_trap_1892.jpg/250px-Beaver_trap_1892.jpg?utm_source=commons.wikimedia.org&utm_campaign=imageinfo&utm_content=thumbnail	https://cdn-icons-png.flaticon.com/128/1167/1167721.png
travel	旅行	https://upload.wikimedia.org/wikipedia/commons/a/ac/Time-travel-illustration3.gif?utm_source=commons.wikimedia.org&utm_campaign=imageinfo&utm_content=thumbnail_unscaled	https://cdn-icons-png.flaticon.com/128/201/201623.png
treasury	资金	https://upload.wikimedia.org/wikipedia/commons/d/d1/South_Wing_Treasury_Capitol.jpg?utm_source=commons.wikimedia.org&utm_campaign=imageinfo&utm_content=thumbnail_unscaled	https://cdn-icons-png.flaticon.com/128/18253/18253655.png
treat	对待	https://thumb.wikimedia.org/wikipedia/commons/thumb/2/2f/Robert_Treat_Paine_portrait.jpg/250px-Robert_Treat_Paine_portrait.jpg?utm_source=commons.wikimedia.org&utm_campaign=imageinfo&utm_content=thumbnail	https://ts4.mm.bing.net/th?id=OIP.fFCriPNCZPVy7PpVsiv0pQHaHa&pid=15.1
tree	树	https://thumb.wikimedia.org/wikipedia/commons/thumb/4/4e/T-tree_Node_Structure.png/250px-T-tree_Node_Structure.png?utm_source=commons.wikimedia.org&utm_campaign=imageinfo&utm_content=thumbnail	https://cdn-icons-png.flaticon.com/128/489/489969.png
trees	树		https://ts1.mm.bing.net/th?id=OIP.-CGOpdXhTc1OF3c5JSMW7QAAAA&pid=15.1
trends	趋势	https://thumb.wikimedia.org/wikipedia/commons/thumb/8/8c/Google_Trends_Logo.png/250px-Google_Trends_Logo.png?utm_source=commons.wikimedia.org&utm_campaign=imageinfo&utm_content=thumbnail	https://ts1.mm.bing.net/th?id=OIP.qD1HmpYub0yG8QDqpVNVDQAAAA&pid=15.1
triage	分诊	https://thumb.wikimedia.org/wikipedia/commons/thumb/b/b4/Renovated_triage-lavoir-de-peronnes_hainaut_belgium_2010_march_DSC3816.jpg/250px-Renovated_triage-lavoir-de-peronnes_hainaut_belgium_2010_march_DSC3816.jpg?utm_source=commons.wikimedia.org&utm_campaign=imageinfo&utm_content=thumbnail	https://ts1.mm.bing.net/th?id=OIP.-gsVr2at12uo8lVd8tpNrgAAAA&pid=15.1
trial	试验	https://thumb.wikimedia.org/wikipedia/commons/thumb/7/77/Friedrich_Jeckeln_on_trial.jpg/250px-Friedrich_Jeckeln_on_trial.jpg?utm_source=commons.wikimedia.org&utm_campaign=imageinfo&utm_content=thumbnail	https://cdn-icons-png.flaticon.com/128/5626/5626117.png
trials	试验	https://thumb.wikimedia.org/wikipedia/commons/thumb/e/e8/Sheepdog_trials_site%2C_Inverlochlarig_-_geograph.org.uk_-_1534980.jpg/250px-Sheepdog_trials_site%2C_Inverlochlarig_-_geograph.org.uk_-_1534980.jpg?utm_source=commons.wikimedia.org&utm_campaign=imageinfo&utm_content=thumbnail	https://cdn-icons-png.flaticon.com/128/5625/5625750.png
tricks	技巧	https://thumb.wikimedia.org/wikipedia/commons/thumb/e/eb/Tricks_n_Treats.png/250px-Tricks_n_Treats.png?utm_source=commons.wikimedia.org&utm_campaign=imageinfo&utm_content=thumbnail	https://cdn-icons-png.flaticon.com/128/12695/12695893.png
trigger	触发	https://thumb.wikimedia.org/wikipedia/commons/thumb/c/c7/Wiki-trigger-schmitt2.png/250px-Wiki-trigger-schmitt2.png?utm_source=commons.wikimedia.org&utm_campaign=imageinfo&utm_content=thumbnail	https://cdn1.iconfinder.com/data/icons/hand-gestures-116/48/tap_finger_touchpoint_trigger_activation_hands_and_gestures-128.png
truncation	截断	https://thumb.wikimedia.org/wikipedia/commons/thumb/a/a8/Truncated_bladelet.png/250px-Truncated_bladelet.png?utm_source=commons.wikimedia.org&utm_campaign=imageinfo&utm_content=thumbnail	https://ts4.mm.bing.net/th?id=OIP.AFjmkxZQlZndVqhxYWSQNAAAAA&pid=15.1
trust	信任	https://thumb.wikimedia.org/wikipedia/commons/thumb/b/b3/White_trust_with_red_banners_in_back.png/250px-White_trust_with_red_banners_in_back.png?utm_source=commons.wikimedia.org&utm_campaign=imageinfo&utm_content=thumbnail	https://ts4.mm.bing.net/th?id=OIP.sssgScQU8FN_lzK1pZGvqAAAAA&pid=15.1
trusts	信任	https://thumb.wikimedia.org/wikipedia/commons/thumb/e/ea/Standard_Trusts_Co_Bldg_Saskatoon_exterior.png/250px-Standard_Trusts_Co_Bldg_Saskatoon_exterior.png?utm_source=commons.wikimedia.org&utm_campaign=imageinfo&utm_content=thumbnail	https://cdn-icons-png.flaticon.com/128/3967/3967544.png
trustworthy	可信	https://thumb.wikimedia.org/wikipedia/commons/thumb/2/28/Safe_in_Trustworthy_hands_-_geograph.org.uk_-_1208726.jpg/250px-Safe_in_Trustworthy_hands_-_geograph.org.uk_-_1208726.jpg?utm_source=commons.wikimedia.org&utm_campaign=imageinfo&utm_content=thumbnail	https://cdn-icons-png.flaticon.com/128/5151/5151111.png
truth	事实	https://thumb.wikimedia.org/wikipedia/commons/thumb/a/a6/Day%2C_Fred_Holland_%281864-1933%29_-_1898_-_Beauty_is_Truth%2C_Truth_is_Beauty.jpg/250px-Day%2C_Fred_Holland_%281864-1933%29_-_1898_-_Beauty_is_Truth%2C_Truth_is_Beauty.jpg?utm_source=commons.wikimedia.org&utm_campaign=imageinfo&utm_content=thumbnail	https://cdn-icons-png.flaticon.com/128/15748/15748243.png
try	尝试	https://upload.wikimedia.org/wikipedia/commons/d/d7/Try_Sutrisno.jpg?utm_source=commons.wikimedia.org&utm_campaign=imageinfo&utm_content=thumbnail_unscaled	https://cdn-icons-png.flaticon.com/128/5110/5110726.png
ttls	TTL	https://thumb.wikimedia.org/wikipedia/commons/thumb/8/83/TTL.png/250px-TTL.png?utm_source=commons.wikimedia.org&utm_campaign=imageinfo&utm_content=thumbnail	https://ts3.mm.bing.net/th?id=OIP.hG5izrYnHN9GVVEAqa81eQAAAA&pid=15.1
tuesday	周二	https://thumb.wikimedia.org/wikipedia/commons/thumb/5/5d/Red_Jinn-King_of_Tuesday.png/250px-Red_Jinn-King_of_Tuesday.png?utm_source=commons.wikimedia.org&utm_campaign=imageinfo&utm_content=thumbnail	https://cdn-icons-png.flaticon.com/128/7886/7886535.png
tune	调整	https://upload.wikimedia.org/wikipedia/commons/2/2c/Ben_Tune_cropped.jpg?utm_source=commons.wikimedia.org&utm_campaign=imageinfo&utm_content=thumbnail_unscaled	https://ts4.mm.bing.net/th?id=OIP.XJTBuSz4Z2piu7PjcKSLHAAAAA&pid=15.1
turn	变成	https://thumb.wikimedia.org/wikipedia/commons/thumb/e/e7/TAR_U-Turn_clue.png/120px-TAR_U-Turn_clue.png?utm_source=commons.wikimedia.org&utm_campaign=imageinfo&utm_content=thumbnail	https://ts4.mm.bing.net/th?id=OIP.W3FnZXJi5EN2OEaIIdc6ZQAAAA&pid=15.1
turning	转变	https://thumb.wikimedia.org/wikipedia/commons/thumb/6/6d/Malm%C3%B6_Turning_Torso.JPG/250px-Malm%C3%B6_Turning_Torso.JPG?utm_source=commons.wikimedia.org&utm_campaign=imageinfo&utm_content=thumbnail	https://ts1.mm.bing.net/th?id=OIP.K3rdKgzyEnm8q0jB8ATebgAAAA&pid=15.1
turns	变成	https://thumb.wikimedia.org/wikipedia/commons/thumb/1/1c/Magenta_Turns_to_Red_-_geograph.org.uk_-_776984.jpg/250px-Magenta_Turns_to_Red_-_geograph.org.uk_-_776984.jpg?utm_source=commons.wikimedia.org&utm_campaign=imageinfo&utm_content=thumbnail	https://ts1.mm.bing.net/th?id=OIP.vkwnq8gbYg-tmZUuG8M_MQAAAA&pid=15.1
tutorials	教程	https://thumb.wikimedia.org/wikipedia/commons/thumb/e/e5/Text-book_of_comparative_anatomy_%281898%29_%2814592418960%29.jpg/120px-Text-book_of_comparative_anatomy_%281898%29_%2814592418960%29.jpg?utm_source=commons.wikimedia.org&utm_campaign=imageinfo&utm_content=thumbnail	https://cdn-icons-png.flaticon.com/128/554/554510.png
twice	两次	https://thumb.wikimedia.org/wikipedia/commons/thumb/b/bf/Twice_Dance_the_Night_Away_-_logo.png/250px-Twice_Dance_the_Night_Away_-_logo.png?utm_source=commons.wikimedia.org&utm_campaign=imageinfo&utm_content=thumbnail	https://ts4.mm.bing.net/th?id=OIP.ywuxtsOyzq28U-BhvhpVjQAAAA&pid=15.1
twins	双生		https://cdn-icons-png.flaticon.com/128/4540/4540746.png
two	二	https://thumb.wikimedia.org/wikipedia/commons/thumb/0/07/Number_2_in_Assamese_language.png/250px-Number_2_in_Assamese_language.png?utm_source=commons.wikimedia.org&utm_campaign=imageinfo&utm_content=thumbnail	https://ts2.mm.bing.net/th?id=OIP.ANERlWYvo_vyd3cfWBPU-AAAAA&pid=15.1
type	类型	https://thumb.wikimedia.org/wikipedia/commons/thumb/5/5e/Chinese_Type_039A_submarine.jpg/250px-Chinese_Type_039A_submarine.jpg?utm_source=commons.wikimedia.org&utm_campaign=imageinfo&utm_content=thumbnail	https://cdn-icons-png.flaticon.com/128/1188/1188519.png
types	类型	https://thumb.wikimedia.org/wikipedia/commons/thumb/a/a0/Types_of_doors.png/120px-Types_of_doors.png?utm_source=commons.wikimedia.org&utm_campaign=imageinfo&utm_content=thumbnail	https://cdn-icons-png.flaticon.com/128/9031/9031996.png
typing	输入	https://thumb.wikimedia.org/wikipedia/commons/thumb/9/9d/Typingofthedead.jpg/250px-Typingofthedead.jpg?utm_source=commons.wikimedia.org&utm_campaign=imageinfo&utm_content=thumbnail	https://cdn-icons-png.flaticon.com/128/1188/1188519.png
typologies	类型	https://thumb.wikimedia.org/wikipedia/commons/thumb/a/a8/Typologies_du_travail_et_%C3%A9conomies_correspondantes.jpg/250px-Typologies_du_travail_et_%C3%A9conomies_correspondantes.jpg?utm_source=commons.wikimedia.org&utm_campaign=imageinfo&utm_content=thumbnail	https://ts2.mm.bing.net/th?id=OIP.3grLnzvivMXizK1tgQNY9AAAAA&pid=15.1
ui	界面		
unambiguous	无歧义	https://thumb.wikimedia.org/wikipedia/commons/thumb/2/21/Spinning_Dancer.gif/250px-Spinning_Dancer.gif?utm_source=commons.wikimedia.org&utm_campaign=imageinfo&utm_content=thumbnail	https://ts1.mm.bing.net/th?id=OIP.99tTDkcT20aN0iVfuNCYZQAAAA&pid=15.1
unanswered	未回答	https://thumb.wikimedia.org/wikipedia/commons/thumb/7/7a/Mentor_dashboard_mobile_unanswered_questions.png/120px-Mentor_dashboard_mobile_unanswered_questions.png?utm_source=commons.wikimedia.org&utm_campaign=imageinfo&utm_content=thumbnail	https://ts2.mm.bing.net/th?id=OIP.er5mRgag34tmIIQDDjcnCQAAAA&pid=15.1
unblock	解除阻塞	https://thumb.wikimedia.org/wikipedia/commons/thumb/e/e7/CSVLoader_Unblock.jpg/250px-CSVLoader_Unblock.jpg?utm_source=commons.wikimedia.org&utm_campaign=imageinfo&utm_content=thumbnail	https://ts2.mm.bing.net/th?id=OIP.fQLw8P4S7IHn4QuOIYqCRQAAAA&pid=15.1
unclaimed	未认领	https://thumb.wikimedia.org/wikipedia/commons/thumb/a/a2/Aviso_CRCFP_Leilao_S._Apolonia_-_Diario_Illustrado_330_1873.jpg/60px-Aviso_CRCFP_Leilao_S._Apolonia_-_Diario_Illustrado_330_1873.jpg?utm_source=commons.wikimedia.org&utm_campaign=imageinfo&utm_content=thumbnail	https://ts4.mm.bing.net/th?id=OIP.3cszndz-T_UfQ3QdiG7D2AAAAA&pid=15.1
unclear	不清	https://thumb.wikimedia.org/wikipedia/commons/thumb/0/0d/Antigono6_%28Joseph_Schuster%29_%28role_unclear%29.jpg/250px-Antigono6_%28Joseph_Schuster%29_%28role_unclear%29.jpg?utm_source=commons.wikimedia.org&utm_campaign=imageinfo&utm_content=thumbnail	https://ts4.mm.bing.net/th?id=OIP.RBcud_ie1LQt74xYUHGMmgAAAA&pid=15.1
under	在下		https://ts1.mm.bing.net/th?id=OIP.zjBlk9pGiiVL6FQdUhMY6gAAAA&pid=15.1
understand	理解	https://upload.wikimedia.org/wikipedia/commons/9/92/Please_understand_me_cover.jpg?utm_source=commons.wikimedia.org&utm_campaign=imageinfo&utm_content=thumbnail_unscaled	https://cdn-icons-png.flaticon.com/128/610/610319.png
understandable	可理解	https://thumb.wikimedia.org/wikipedia/commons/thumb/9/98/Grasp.jpg/250px-Grasp.jpg?utm_source=commons.wikimedia.org&utm_campaign=imageinfo&utm_content=thumbnail	https://ts3.mm.bing.net/th?id=OIP.ftZJHUCoh-nwNdq2LVIjpwAAAA&pid=15.1
undo	撤销	https://upload.wikimedia.org/wikipedia/commons/0/08/WikEd_undo_all.png?utm_source=commons.wikimedia.org&utm_campaign=imageinfo&utm_content=thumbnail_unscaled	https://cdn-icons-png.flaticon.com/128/32/32216.png
unfinished	未完成	https://thumb.wikimedia.org/wikipedia/commons/thumb/7/7a/Unfinished_game_-_geograph.org.uk_-_604493.jpg/250px-Unfinished_game_-_geograph.org.uk_-_604493.jpg?utm_source=commons.wikimedia.org&utm_campaign=imageinfo&utm_content=thumbnail	https://cdn-icons-png.flaticon.com/128/18609/18609478.png
ungated	无门槛	https://thumb.wikimedia.org/wikipedia/commons/thumb/7/76/Footpath_towards_Kinder_Reservoir%2C_Booth_-_geograph.org.uk_-_222373.jpg/250px-Footpath_towards_Kinder_Reservoir%2C_Booth_-_geograph.org.uk_-_222373.jpg?utm_source=commons.wikimedia.org&utm_campaign=imageinfo&utm_content=thumbnail	https://ts3.mm.bing.net/th?id=OIP.Bf_xIaAgxjoxW6RgWIqhCgAAAA&pid=15.1
unhealthy	不健康	https://thumb.wikimedia.org/wikipedia/commons/thumb/6/6e/Unhealthy_looking_Burn%5E_-_geograph.org.uk_-_616592.jpg/250px-Unhealthy_looking_Burn%5E_-_geograph.org.uk_-_616592.jpg?utm_source=commons.wikimedia.org&utm_campaign=imageinfo&utm_content=thumbnail	https://cdn-icons-png.flaticon.com/128/5779/5779627.png
unique	唯一	https://thumb.wikimedia.org/wikipedia/commons/thumb/4/4c/Unique_Photo_logo.jpg/250px-Unique_Photo_logo.jpg?utm_source=commons.wikimedia.org&utm_campaign=imageinfo&utm_content=thumbnail	https://cdn-icons-png.flaticon.com/128/3295/3295518.png
unit	单元	https://thumb.wikimedia.org/wikipedia/commons/thumb/b/bc/Unit_731_-_Complex.jpg/250px-Unit_731_-_Complex.jpg?utm_source=commons.wikimedia.org&utm_campaign=imageinfo&utm_content=thumbnail	https://ts2.mm.bing.net/th?id=OIP.oKBWcb431_KjGICtV1XxVgAAAA&pid=15.1
units	单元	https://thumb.wikimedia.org/wikipedia/commons/thumb/2/23/Natural_units_speed_of_light_we.png/250px-Natural_units_speed_of_light_we.png?utm_source=commons.wikimedia.org&utm_campaign=imageinfo&utm_content=thumbnail	https://ts2.mm.bing.net/th?id=OIP.oKBWcb431_KjGICtV1XxVgAAAA&pid=15.1
unlock	解锁	https://upload.wikimedia.org/wikipedia/commons/3/31/Unlocked.png?utm_source=commons.wikimedia.org&utm_campaign=imageinfo&utm_content=thumbnail_unscaled	https://icons.iconarchive.com/icons/hopstarter/soft-scraps/128/Lock-Unlock-icon.png
unlocked	已解锁		https://icons.iconarchive.com/icons/microsoft/fluentui-emoji-flat/128/Unlocked-Flat-icon.png
unofficial	非官方	https://thumb.wikimedia.org/wikipedia/commons/thumb/f/fa/Unofficial_entrance_-_geograph.org.uk_-_278092.jpg/250px-Unofficial_entrance_-_geograph.org.uk_-_278092.jpg?utm_source=commons.wikimedia.org&utm_campaign=imageinfo&utm_content=thumbnail	https://ts2.mm.bing.net/th?id=OIP.4pNbjjLeFFN6xLrIKIjgOgAAAA&pid=15.1
unsafe	不安全	https://thumb.wikimedia.org/wikipedia/commons/thumb/c/c6/Northbourne%2C_this_postbox_is_unsafe_-_geograph.org.uk_-_3977820.jpg/250px-Northbourne%2C_this_postbox_is_unsafe_-_geograph.org.uk_-_3977820.jpg?utm_source=commons.wikimedia.org&utm_campaign=imageinfo&utm_content=thumbnail	https://ts4.mm.bing.net/th?id=OIP.APHHKZ1zwe3qMIgK64vrbAAAAA&pid=15.1
unsubscribe	退订	https://thumb.wikimedia.org/wikipedia/commons/thumb/0/06/Unsubscribe_from_the_governor_from_the_German_land.png/120px-Unsubscribe_from_the_governor_from_the_German_land.png?utm_source=commons.wikimedia.org&utm_campaign=imageinfo&utm_content=thumbnail	https://cdn-icons-png.flaticon.com/128/5822/5822131.png
until	直到	https://thumb.wikimedia.org/wikipedia/commons/thumb/e/e9/Imperial_Iranian_Air_Force_OR-2_-_Sarjukhe_%28until_1962%29.gif/120px-Imperial_Iranian_Air_Force_OR-2_-_Sarjukhe_%28until_1962%29.gif?utm_source=commons.wikimedia.org&utm_campaign=imageinfo&utm_content=thumbnail	https://cdn.icon-icons.com/icons2/7/PNG/128/arrow_until_1239.png
unused	未使用	https://thumb.wikimedia.org/wikipedia/commons/thumb/a/a5/Unused_pylon_near_Lode_-_geograph.org.uk_-_110057.jpg/250px-Unused_pylon_near_Lode_-_geograph.org.uk_-_110057.jpg?utm_source=commons.wikimedia.org&utm_campaign=imageinfo&utm_content=thumbnail	https://ts3.mm.bing.net/th?id=OIP.-Y-MjnXcG3zjAerBfstPDgAAAA&pid=15.1
unwanted	unwanted	https://upload.wikimedia.org/wikipedia/commons/d/d4/Unwanted_Witness.png?utm_source=commons.wikimedia.org&utm_campaign=imageinfo&utm_content=thumbnail_unscaled	https://ts3.mm.bing.net/th?id=OIP.AHk5wn6PY5wC5SXHhrolngAAAA&pid=15.1
up	上		
update	更新	https://thumb.wikimedia.org/wikipedia/commons/thumb/7/7d/Screenshot-Update_Manager.png/250px-Screenshot-Update_Manager.png?utm_source=commons.wikimedia.org&utm_campaign=imageinfo&utm_content=thumbnail	https://cdn-icons-png.flaticon.com/128/5267/5267942.png
updated	已更新	https://thumb.wikimedia.org/wikipedia/commons/thumb/6/66/Missouri_in_United_States_%28updated%29.png/250px-Missouri_in_United_States_%28updated%29.png?utm_source=commons.wikimedia.org&utm_campaign=imageinfo&utm_content=thumbnail	https://cdn-icons-png.flaticon.com/128/5625/5625789.png
updates	更新	https://thumb.wikimedia.org/wikipedia/commons/thumb/f/f8/Sparkle_Test_App_Check_for_updates_on_startup%3F.png/250px-Sparkle_Test_App_Check_for_updates_on_startup%3F.png?utm_source=commons.wikimedia.org&utm_campaign=imageinfo&utm_content=thumbnail	https://cdn-icons-png.flaticon.com/128/5267/5267942.png
upgrade	升级	https://thumb.wikimedia.org/wikipedia/commons/thumb/3/33/AEH52_Econet_Upgrade_open_box.jpg/250px-AEH52_Econet_Upgrade_open_box.jpg?utm_source=commons.wikimedia.org&utm_campaign=imageinfo&utm_content=thumbnail	https://cdn-icons-png.flaticon.com/128/14018/14018649.png
upgrades	升级		https://cdn-icons-png.flaticon.com/128/14018/14018797.png
uplink	上行	https://thumb.wikimedia.org/wikipedia/commons/thumb/d/d4/Uplink_y_Downlink.jpg/250px-Uplink_y_Downlink.jpg?utm_source=commons.wikimedia.org&utm_campaign=imageinfo&utm_content=thumbnail	https://ts4.mm.bing.net/th?id=OIP.J1dTQGp9PO9a3e_im7Z6QgAAAA&pid=15.1
uploads	上传	https://upload.wikimedia.org/wikipedia/commons/b/bf/Fairytale_upload.png?utm_source=commons.wikimedia.org&utm_campaign=imageinfo&utm_content=thumbnail_unscaled	https://ts3.mm.bing.net/th?id=OIP.DFEpYa0TCDX1JfVW3-o14wAAAA&pid=15.1
ups	上升	https://thumb.wikimedia.org/wikipedia/commons/thumb/b/b7/Off_line_ups.png/250px-Off_line_ups.png?utm_source=commons.wikimedia.org&utm_campaign=imageinfo&utm_content=thumbnail	https://cdn-icons-png.flaticon.com/128/11813/11813903.png
upside	上行	https://thumb.wikimedia.org/wikipedia/commons/thumb/4/41/Upside_Down_Road_Sign_-_geograph.org.uk_-_1045692.jpg/250px-Upside_Down_Road_Sign_-_geograph.org.uk_-_1045692.jpg?utm_source=commons.wikimedia.org&utm_campaign=imageinfo&utm_content=thumbnail	https://cdn-icons-png.flaticon.com/128/3227/3227690.png
uptime	正常运行	https://thumb.wikimedia.org/wikipedia/commons/thumb/2/2b/XO_classroom_network.jpg/250px-XO_classroom_network.jpg?utm_source=commons.wikimedia.org&utm_campaign=imageinfo&utm_content=thumbnail	https://ts3.mm.bing.net/th?id=OIP.XClzHhRwpVuvyCc8xpBMagAAAA&pid=15.1
urgent	紧急	https://thumb.wikimedia.org/wikipedia/commons/thumb/8/88/URGENT_TAXIS%2C_Omagh_-_geograph.org.uk_-_137935.jpg/120px-URGENT_TAXIS%2C_Omagh_-_geograph.org.uk_-_137935.jpg?utm_source=commons.wikimedia.org&utm_campaign=imageinfo&utm_content=thumbnail	https://cdn-icons-png.flaticon.com/128/9733/9733458.png
urging	敦促	https://thumb.wikimedia.org/wikipedia/commons/thumb/7/78/Bishop_Tuigg_urging_the_Pittsburgh_rioters_to_desist.jpg/250px-Bishop_Tuigg_urging_the_Pittsburgh_rioters_to_desist.jpg?utm_source=commons.wikimedia.org&utm_campaign=imageinfo&utm_content=thumbnail	https://ts2.mm.bing.net/th?id=OIP.z7BI433xskxxadd00II_8QAAAA&pid=15.1
usable	可用	https://upload.wikimedia.org/wikipedia/commons/0/00/Usability_Fader.jpg?utm_source=commons.wikimedia.org&utm_campaign=imageinfo&utm_content=thumbnail_unscaled	https://ts3.mm.bing.net/th?id=OIP.hC8J9r7DDCLl7oGVnR28EgAAAA&pid=15.1
usage	用量	https://thumb.wikimedia.org/wikipedia/commons/thumb/9/98/Rabaska_Usage_Contemporain.jpg/250px-Rabaska_Usage_Contemporain.jpg?utm_source=commons.wikimedia.org&utm_campaign=imageinfo&utm_content=thumbnail	https://ts3.mm.bing.net/th?id=OIP.k8L0o0LuRw0D84xQnki-ogAAAA&pid=15.1
use	使用	https://thumb.wikimedia.org/wikipedia/commons/thumb/1/12/Function_Extremes.png/250px-Function_Extremes.png?utm_source=commons.wikimedia.org&utm_campaign=imageinfo&utm_content=thumbnail	https://ts4.mm.bing.net/th?id=OIP.k8L0o0LuRw0D84xQnki-ogAAAA&pid=15.1
used	已使用		https://ts2.mm.bing.net/th?id=OIP.pTY7MzTZzHUtctBPog--MgAAAA&pid=15.1
useful	有用	https://thumb.wikimedia.org/wikipedia/commons/thumb/5/56/Live_to_be_Useful_%28001%29.png/250px-Live_to_be_Useful_%28001%29.png?utm_source=commons.wikimedia.org&utm_campaign=imageinfo&utm_content=thumbnail	https://cdn-icons-png.flaticon.com/128/2387/2387679.png
user	用户	https://upload.wikimedia.org/wikipedia/commons/c/c7/User-FastFission-brain.gif?utm_source=commons.wikimedia.org&utm_campaign=imageinfo&utm_content=thumbnail_unscaled	https://cdn-icons-png.flaticon.com/128/9187/9187604.png
users	用户	https://thumb.wikimedia.org/wikipedia/commons/thumb/a/ad/Consider_Other_Users_-_geograph.org.uk_-_1160255.jpg/250px-Consider_Other_Users_-_geograph.org.uk_-_1160255.jpg?utm_source=commons.wikimedia.org&utm_campaign=imageinfo&utm_content=thumbnail	https://icons.iconarchive.com/icons/custom-icon-design/pretty-office-8/128/Users-icon.png
uses	使用	https://thumb.wikimedia.org/wikipedia/commons/thumb/4/44/Blason-fr-ville-Uzes-3D.png/250px-Blason-fr-ville-Uzes-3D.png?utm_source=commons.wikimedia.org&utm_campaign=imageinfo&utm_content=thumbnail	https://icons.iconarchive.com/icons/custom-icon-design/silky-line-user/128/users-icon.png
using	使用	https://thumb.wikimedia.org/wikipedia/commons/thumb/d/d5/Freqdoublermade_using_triodes.png/250px-Freqdoublermade_using_triodes.png?utm_source=commons.wikimedia.org&utm_campaign=imageinfo&utm_content=thumbnail	https://ts3.mm.bing.net/th?id=OIP.k8L0o0LuRw0D84xQnki-ogAAAA&pid=15.1
utc	UTC	https://thumb.wikimedia.org/wikipedia/commons/thumb/d/d8/UTC_hue4map_X_region_Africa.png/250px-UTC_hue4map_X_region_Africa.png?utm_source=commons.wikimedia.org&utm_campaign=imageinfo&utm_content=thumbnail	https://icons.iconarchive.com/icons/icons8/windows-8/128/Time-Timezone-Utc-icon.png
vacancy	空缺	https://thumb.wikimedia.org/wikipedia/commons/thumb/4/40/Vacancy_diffusion.gif/250px-Vacancy_diffusion.gif?utm_source=commons.wikimedia.org&utm_campaign=imageinfo&utm_content=thumbnail	https://cdn-icons-png.flaticon.com/128/5474/5474166.png
vague	模糊	https://thumb.wikimedia.org/wikipedia/commons/thumb/2/24/Vague_Religious_Feelings.jpg/250px-Vague_Religious_Feelings.jpg?utm_source=commons.wikimedia.org&utm_campaign=imageinfo&utm_content=thumbnail	https://cdn-icons-png.flaticon.com/128/3313/3313341.png
valid	有效	https://thumb.wikimedia.org/wikipedia/commons/thumb/e/e7/Soccer_Modern_Valid_Pass.gif/250px-Soccer_Modern_Valid_Pass.gif?utm_source=commons.wikimedia.org&utm_campaign=imageinfo&utm_content=thumbnail	https://cdn-icons-png.flaticon.com/128/18295/18295118.png
validate	验证	https://upload.wikimedia.org/wikipedia/commons/d/df/US_Soldiers_validate_quick_reaction_skills_DVIDS360503.jpg?utm_source=commons.wikimedia.org&utm_campaign=imageinfo&utm_content=thumbnail_unscaled	https://cdn-icons-png.flaticon.com/128/18295/18295118.png
valuable	有价值	https://thumb.wikimedia.org/wikipedia/commons/thumb/0/07/Queen%27s_Commendation_for_Valuable_Service%2C_on_ribbon_and_as_a_pin_on_civilian_dress.jpg/250px-Queen%27s_Commendation_for_Valuable_Service%2C_on_ribbon_and_as_a_pin_on_civilian_dress.jpg?utm_source=commons.wikimedia.org&utm_campaign=imageinfo&utm_content=thumbnail	https://ts4.mm.bing.net/th?id=OIP.IQ_bqdbtQyxilXJELNCfVAAAAA&pid=15.1
valuations	估值	https://thumb.wikimedia.org/wikipedia/commons/thumb/e/ec/St_Basils_Cathedral-500px.jpg/250px-St_Basils_Cathedral-500px.jpg?utm_source=commons.wikimedia.org&utm_campaign=imageinfo&utm_content=thumbnail	https://ts1.mm.bing.net/th?id=OIP.AUfIwKiSxhIG13QGSvfpPwAAAA&pid=15.1
value	价值	https://thumb.wikimedia.org/wikipedia/commons/thumb/6/6e/Value_chain.gif/250px-Value_chain.gif?utm_source=commons.wikimedia.org&utm_campaign=imageinfo&utm_content=thumbnail	https://cdn-icons-png.flaticon.com/128/10074/10074848.png
values	值	https://thumb.wikimedia.org/wikipedia/commons/thumb/7/71/%22Giving_Voice_to_Values%22_Series.png/250px-%22Giving_Voice_to_Values%22_Series.png?utm_source=commons.wikimedia.org&utm_campaign=imageinfo&utm_content=thumbnail	https://cdn-icons-png.flaticon.com/128/16257/16257174.png
vanity	虚荣	https://thumb.wikimedia.org/wikipedia/commons/thumb/0/03/Stanley_in_Vanity_Fair.jpg/250px-Stanley_in_Vanity_Fair.jpg?utm_source=commons.wikimedia.org&utm_campaign=imageinfo&utm_content=thumbnail	https://ts2.mm.bing.net/th?id=OIP.1KEk-K8rJc4RFHkdu0eexQAAAA&pid=15.1
variable	变量	https://thumb.wikimedia.org/wikipedia/commons/thumb/e/e6/Variable_value_stamp.GIF/250px-Variable_value_stamp.GIF?utm_source=commons.wikimedia.org&utm_campaign=imageinfo&utm_content=thumbnail	https://icons.iconarchive.com/icons/icons8/windows-8/128/Programming-Variable-icon.png
variables	变量	https://thumb.wikimedia.org/wikipedia/commons/thumb/a/a0/Cepheid_varible_star_limit_cycle.png/250px-Cepheid_varible_star_limit_cycle.png?utm_source=commons.wikimedia.org&utm_campaign=imageinfo&utm_content=thumbnail	https://icons.iconarchive.com/icons/icons8/windows-8/128/Programming-Variable-icon.png
variants	变体	https://thumb.wikimedia.org/wikipedia/commons/thumb/7/74/Grumman_OV-1_Mohawk_proposed_variants_silhouettes.png/250px-Grumman_OV-1_Mohawk_proposed_variants_silhouettes.png?utm_source=commons.wikimedia.org&utm_campaign=imageinfo&utm_content=thumbnail	https://ts1.mm.bing.net/th?id=OIP.VoDPkpTcQYElR7aq9VXsywAAAA&pid=15.1
vaults	保险库	https://thumb.wikimedia.org/wikipedia/commons/thumb/e/e6/The_Wine_Vaults_-_geograph.org.uk_-_328405.jpg/250px-The_Wine_Vaults_-_geograph.org.uk_-_328405.jpg?utm_source=commons.wikimedia.org&utm_campaign=imageinfo&utm_content=thumbnail	https://ts1.mm.bing.net/th?id=OIP.sDSvmaRheZsredNFB5bMXQAAAA&pid=15.1
vectors	向量	https://upload.wikimedia.org/wikipedia/commons/5/5b/Addition_af_vektorer.png?utm_source=commons.wikimedia.org&utm_campaign=imageinfo&utm_content=thumbnail_unscaled	https://ts1.mm.bing.net/th?id=OIP.-xdwpWo1Leii6syEofq6lAAAAA&pid=15.1
vendor	供应商		https://cdn-icons-png.flaticon.com/128/1291/1291735.png
vendors	供应商	https://thumb.wikimedia.org/wikipedia/commons/thumb/4/4b/Basket-vendors_-_p488.jpg/250px-Basket-vendors_-_p488.jpg?utm_source=commons.wikimedia.org&utm_campaign=imageinfo&utm_content=thumbnail	https://cdn-icons-png.flaticon.com/128/1291/1291735.png
venue	场地	https://thumb.wikimedia.org/wikipedia/commons/thumb/4/48/The_Best_Wedding_Venue_In_Bangalore.jpg/250px-The_Best_Wedding_Venue_In_Bangalore.jpg?utm_source=commons.wikimedia.org&utm_campaign=imageinfo&utm_content=thumbnail	https://ts3.mm.bing.net/th?id=OIP.VWde4rSY1njQDu2Nev46DAAAAA&pid=15.1
verbal	口头	https://thumb.wikimedia.org/wikipedia/commons/thumb/5/53/SAT-verbal-by-race-ethnicity.png/250px-SAT-verbal-by-race-ethnicity.png?utm_source=commons.wikimedia.org&utm_campaign=imageinfo&utm_content=thumbnail	https://ts4.mm.bing.net/th?id=OIP._cLlhvqLg_1kV66Z5bxuZAAAAA&pid=15.1
verified	已验证	https://upload.wikimedia.org/wikipedia/commons/a/ac/Verified-account.png?utm_source=commons.wikimedia.org&utm_campaign=imageinfo&utm_content=thumbnail_unscaled	https://cdn-icons-png.flaticon.com/128/17002/17002169.png
verifies	验证	https://upload.wikimedia.org/wikipedia/commons/e/eb/Verification_of_Human_Rights_in_Guatemala_Medal_ribbon.png?utm_source=commons.wikimedia.org&utm_campaign=imageinfo&utm_content=thumbnail_unscaled	https://cdn-icons-png.flaticon.com/128/17002/17002169.png
verify	验证	https://thumb.wikimedia.org/wikipedia/commons/thumb/4/40/Dolphin_verify_001.png/250px-Dolphin_verify_001.png?utm_source=commons.wikimedia.org&utm_campaign=imageinfo&utm_content=thumbnail	https://ts2.mm.bing.net/th?id=OIP.tpW2SKeCWhtodxI7CRRLpAAAAA&pid=15.1
version	版本	https://thumb.wikimedia.org/wikipedia/commons/thumb/1/18/Watts_%E2%80%93_Hope_%28rainbow_version%29.jpg/250px-Watts_%E2%80%93_Hope_%28rainbow_version%29.jpg?utm_source=commons.wikimedia.org&utm_campaign=imageinfo&utm_content=thumbnail	https://cdn-icons-png.flaticon.com/128/5376/5376391.png
versioning	版本管理	https://thumb.wikimedia.org/wikipedia/commons/thumb/5/5b/GoldNuggetUSGOV.jpg/250px-GoldNuggetUSGOV.jpg?utm_source=commons.wikimedia.org&utm_campaign=imageinfo&utm_content=thumbnail	https://cdn-icons-png.flaticon.com/128/2535/2535569.png
versions	版本	https://thumb.wikimedia.org/wikipedia/commons/thumb/7/77/Versions_non-relues.png/250px-Versions_non-relues.png?utm_source=commons.wikimedia.org&utm_campaign=imageinfo&utm_content=thumbnail	https://cdn-icons-png.flaticon.com/128/2535/2535569.png
vesting	归属	https://upload.wikimedia.org/wikipedia/commons/3/39/Hard_vest.jpg?utm_source=commons.wikimedia.org&utm_campaign=imageinfo&utm_content=thumbnail_unscaled	https://ts1.mm.bing.net/th?id=OIP.T0U-0rUfTXmSuxfoawc7AAAAAA&pid=15.1
video	视频		https://ts2.mm.bing.net/th?id=OIP.DzbBFHA938ZPMsjrrnRbswAAAA&pid=15.1
viewed	已查看	https://thumb.wikimedia.org/wikipedia/commons/thumb/b/b7/Fritton_Decoy_viewed_from_footpath_-_geograph.org.uk_-_806146.jpg/250px-Fritton_Decoy_viewed_from_footpath_-_geograph.org.uk_-_806146.jpg?utm_source=commons.wikimedia.org&utm_campaign=imageinfo&utm_content=thumbnail	https://ts4.mm.bing.net/th?id=OIP.Jx9e7mMWaN7JHxlWJuZTYwAAAA&pid=15.1
viewers	观看者	https://upload.wikimedia.org/wikipedia/commons/3/3c/PPV_Viewers_choice_old_logo.png?utm_source=commons.wikimedia.org&utm_campaign=imageinfo&utm_content=thumbnail_unscaled	https://ts4.mm.bing.net/th?id=OIP.CqooGut3aTAiZCM8L9XEEAAAAA&pid=15.1
vigilant	警惕	https://upload.wikimedia.org/wikipedia/commons/8/8f/A_U._S._soldier_cleans_her_M-16_at_Camp_Doha%2C_Kuwait_during_Operation_Vigilant_Warrior.jpg?utm_source=commons.wikimedia.org&utm_campaign=imageinfo&utm_content=thumbnail_unscaled	https://cdn-icons-png.flaticon.com/128/16318/16318613.png
violate	违反	https://thumb.wikimedia.org/wikipedia/commons/thumb/2/2a/Telegram_message_-_bot_violated_local_laws.png/250px-Telegram_message_-_bot_violated_local_laws.png?utm_source=commons.wikimedia.org&utm_campaign=imageinfo&utm_content=thumbnail	https://ts2.mm.bing.net/th?id=OIP.R6koQU3_MKS6K8sunD7V9QAAAA&pid=15.1
visibility	可见性	https://upload.wikimedia.org/wikipedia/commons/f/f5/Visibility_of_an_expressway_on_a_foggy_day.jpg?utm_source=commons.wikimedia.org&utm_campaign=imageinfo&utm_content=thumbnail_unscaled	https://cdn-icons-png.flaticon.com/128/1063/1063144.png
visible	可见	https://thumb.wikimedia.org/wikipedia/commons/thumb/5/5d/Visible-spectrum.jpg/250px-Visible-spectrum.jpg?utm_source=commons.wikimedia.org&utm_campaign=imageinfo&utm_content=thumbnail	https://cdn-icons-png.flaticon.com/128/3694/3694203.png
visibly	明显地	https://thumb.wikimedia.org/wikipedia/commons/thumb/9/96/Dog_of_Noorland_from_1915.JPG/250px-Dog_of_Noorland_from_1915.JPG?utm_source=commons.wikimedia.org&utm_campaign=imageinfo&utm_content=thumbnail	https://ts2.mm.bing.net/th?id=OIP.8wHayaXWOh4PGkaKpTtLMAAAAA&pid=15.1
vision	愿景	https://thumb.wikimedia.org/wikipedia/commons/thumb/e/e8/EB1911_Vision_-_Localization_of_Visual_Perceptions.jpg/250px-EB1911_Vision_-_Localization_of_Visual_Perceptions.jpg?utm_source=commons.wikimedia.org&utm_campaign=imageinfo&utm_content=thumbnail	https://cdn-icons-png.flaticon.com/128/14244/14244650.png
visitor	访客	https://thumb.wikimedia.org/wikipedia/commons/thumb/b/b6/Visitor_Centre%2C_Goodrich_Castle_-_geograph.org.uk_-_472694.jpg/250px-Visitor_Centre%2C_Goodrich_Castle_-_geograph.org.uk_-_472694.jpg?utm_source=commons.wikimedia.org&utm_campaign=imageinfo&utm_content=thumbnail	https://cdn-icons-png.flaticon.com/128/3759/3759949.png
visits	参观	https://thumb.wikimedia.org/wikipedia/commons/thumb/6/65/French_Hill_visits_Bryant_Police_Department_02.jpg/250px-French_Hill_visits_Bryant_Police_Department_02.jpg?utm_source=commons.wikimedia.org&utm_campaign=imageinfo&utm_content=thumbnail	https://cdn-icons-png.flaticon.com/128/753/753114.png
visual	视觉		https://cdn-icons-png.flaticon.com/128/2557/2557436.png
visualize	可视化	https://thumb.wikimedia.org/wikipedia/commons/thumb/0/0a/Visualize_First_Logo.png/250px-Visualize_First_Logo.png?utm_source=commons.wikimedia.org&utm_campaign=imageinfo&utm_content=thumbnail	https://ts3.mm.bing.net/th?id=OIP.pBCnNcAqtMkvQeTvH1lLSwAAAA&pid=15.1
vocabulary	词汇	https://thumb.wikimedia.org/wikipedia/commons/thumb/5/55/Vocabulary_Beyhive.jpg/250px-Vocabulary_Beyhive.jpg?utm_source=commons.wikimedia.org&utm_campaign=imageinfo&utm_content=thumbnail	https://cdn-icons-png.flaticon.com/128/10089/10089782.png
voice	语音	https://thumb.wikimedia.org/wikipedia/commons/thumb/7/71/%22Giving_Voice_to_Values%22_Series.png/250px-%22Giving_Voice_to_Values%22_Series.png?utm_source=commons.wikimedia.org&utm_campaign=imageinfo&utm_content=thumbnail	https://cdn-icons-png.flaticon.com/128/2258/2258910.png
volume	音量	https://thumb.wikimedia.org/wikipedia/commons/thumb/b/be/The_Yellow_Book_-_Volume_6_-_Frontispiece.png/120px-The_Yellow_Book_-_Volume_6_-_Frontispiece.png?utm_source=commons.wikimedia.org&utm_campaign=imageinfo&utm_content=thumbnail	https://ts4.mm.bing.net/th?id=OIP.3AdIDlexJIR154MdVlI8kAAAAA&pid=15.1
volumes	卷	https://thumb.wikimedia.org/wikipedia/commons/thumb/b/be/The_Yellow_Book_-_Volume_6_-_Frontispiece.png/120px-The_Yellow_Book_-_Volume_6_-_Frontispiece.png?utm_source=commons.wikimedia.org&utm_campaign=imageinfo&utm_content=thumbnail	https://images.icon-icons.com/196/PNG/128/volume_23674.png
volumetric	容量	https://upload.wikimedia.org/wikipedia/commons/d/d5/Volumetric_flask_with_eye.jpg?utm_source=commons.wikimedia.org&utm_campaign=imageinfo&utm_content=thumbnail_unscaled	https://ts2.mm.bing.net/th?id=OIP.pgj-RMuWV9558V3QMmUfhAAAAA&pid=15.1
volunteer	志愿者	https://thumb.wikimedia.org/wikipedia/commons/thumb/0/0a/L-1887-Volunteer-2.jpg/250px-L-1887-Volunteer-2.jpg?utm_source=commons.wikimedia.org&utm_campaign=imageinfo&utm_content=thumbnail	https://ts3.mm.bing.net/th?id=OIP.nzj9uc8qHvl8ygbuUp7k1AAAAA&pid=15.1
volunteers	志愿者	https://thumb.wikimedia.org/wikipedia/commons/thumb/1/1a/J._D._Graber_with_relief_work_volunteers%2C_India%2C_1967_%2816804355687%29.jpg/250px-J._D._Graber_with_relief_work_volunteers%2C_India%2C_1967_%2816804355687%29.jpg?utm_source=commons.wikimedia.org&utm_campaign=imageinfo&utm_content=thumbnail	https://ts2.mm.bing.net/th?id=OIP.YUuYuvHd2c5h-rkSbnfU_AAAAA&pid=15.1
vote	投票	https://upload.wikimedia.org/wikipedia/commons/1/1a/Go_Vote_Miami.jpg?utm_source=commons.wikimedia.org&utm_campaign=imageinfo&utm_content=thumbnail_unscaled	https://cdn-icons-png.flaticon.com/128/927/927295.png
votes	投票	https://thumb.wikimedia.org/wikipedia/commons/thumb/e/e7/Votes_for_Women_Buttons.jpg/250px-Votes_for_Women_Buttons.jpg?utm_source=commons.wikimedia.org&utm_campaign=imageinfo&utm_content=thumbnail	https://images.icon-icons.com/2586/PNG/96/vote_icon_154285.png
voting	投票		https://cdn-icons-png.flaticon.com/128/9809/9809609.png
vulnerabilities	漏洞	https://thumb.wikimedia.org/wikipedia/commons/thumb/c/c1/Example_Table_of_Vulnerabilities_.jpg/250px-Example_Table_of_Vulnerabilities_.jpg?utm_source=commons.wikimedia.org&utm_campaign=imageinfo&utm_content=thumbnail	https://cdn-icons-png.flaticon.com/128/18100/18100967.png
vulnerability	漏洞	https://thumb.wikimedia.org/wikipedia/commons/thumb/e/ea/CSMA_vulnerability_interval.png/250px-CSMA_vulnerability_interval.png?utm_source=commons.wikimedia.org&utm_campaign=imageinfo&utm_content=thumbnail	https://cdn-icons-png.flaticon.com/128/10961/10961341.png
vulnerable	易受攻击	https://upload.wikimedia.org/wikipedia/commons/b/b4/Misuse_case_-_Vulnerable_Use_Case.png?utm_source=commons.wikimedia.org&utm_campaign=imageinfo&utm_content=thumbnail_unscaled	https://cdn-icons-png.flaticon.com/128/16873/16873623.png
waf	WAF	https://upload.wikimedia.org/wikipedia/commons/5/5f/WA_target_with_arrows_bcccindy_casito.png?utm_source=commons.wikimedia.org&utm_campaign=imageinfo&utm_content=thumbnail_unscaled	https://icons.veryicon.com/png/128/system/inspur-cloud-icon/web-application-firewall-waf.png
wait	等待	https://upload.wikimedia.org/wikipedia/commons/c/c3/Signature_of_Norman_Wait_Harris.png?utm_source=commons.wikimedia.org&utm_campaign=imageinfo&utm_content=thumbnail_unscaled	https://cdn-icons-png.flaticon.com/128/1027/1027650.png
waiting	等待	https://thumb.wikimedia.org/wikipedia/commons/thumb/4/4f/Waiting_Room%5E_-_geograph.org.uk_-_730613.jpg/250px-Waiting_Room%5E_-_geograph.org.uk_-_730613.jpg?utm_source=commons.wikimedia.org&utm_campaign=imageinfo&utm_content=thumbnail	https://cdn-icons-png.flaticon.com/128/1027/1027650.png
waitlist	候补名单	https://thumb.wikimedia.org/wikipedia/commons/thumb/5/5b/Interface_met_Appinventor_manus_robot1.jpg/120px-Interface_met_Appinventor_manus_robot1.jpg?utm_source=commons.wikimedia.org&utm_campaign=imageinfo&utm_content=thumbnail	https://ts4.mm.bing.net/th?id=OIP.3eh7zt4oXdhQmoIL3Q7phAAAAA&pid=15.1
waitlists	候补名单	https://thumb.wikimedia.org/wikipedia/commons/thumb/e/e0/VEX_Robotics_World_Championship.jpg/250px-VEX_Robotics_World_Championship.jpg?utm_source=commons.wikimedia.org&utm_campaign=imageinfo&utm_content=thumbnail	https://ts4.mm.bing.net/th?id=OIP.1iGmyPb1aqiz_-TZnFADZwAAAA&pid=15.1
wake	唤醒	https://thumb.wikimedia.org/wikipedia/commons/thumb/3/3c/Wake_County_Public_Safety_Center_cropped.jpeg/250px-Wake_County_Public_Safety_Center_cropped.jpeg?utm_source=commons.wikimedia.org&utm_campaign=imageinfo&utm_content=thumbnail	https://cdn-icons-png.flaticon.com/128/10378/10378605.png
walks	步行	https://thumb.wikimedia.org/wikipedia/commons/thumb/7/73/VA_Labor_Walks_%288076954798%29.jpg/250px-VA_Labor_Walks_%288076954798%29.jpg?utm_source=commons.wikimedia.org&utm_campaign=imageinfo&utm_content=thumbnail	https://ts2.mm.bing.net/th?id=OIP.B_i-1TwZwh5TLIE2UcsAlwAAAA&pid=15.1
wall	墙		https://cdn-icons-png.flaticon.com/128/844/844978.png
wandering	游荡	https://thumb.wikimedia.org/wikipedia/commons/thumb/5/5e/Wandering_Jew.jpg/250px-Wandering_Jew.jpg?utm_source=commons.wikimedia.org&utm_campaign=imageinfo&utm_content=thumbnail	https://ts1.mm.bing.net/th?id=OIP.w0Uv_Jvv2yCIH6kQqplhYQAAAA&pid=15.1
want	想要	https://thumb.wikimedia.org/wikipedia/commons/thumb/c/c0/I_want_you.jpg/250px-I_want_you.jpg?utm_source=commons.wikimedia.org&utm_campaign=imageinfo&utm_content=thumbnail	https://cdn-icons-png.flaticon.com/128/4861/4861012.png
wants	想要	https://upload.wikimedia.org/wikipedia/commons/7/70/Jimbo_wants_you2.jpg?utm_source=commons.wikimedia.org&utm_campaign=imageinfo&utm_content=thumbnail_unscaled	https://cdn-icons-png.flaticon.com/128/4776/4776025.png
war	战争	https://thumb.wikimedia.org/wikipedia/commons/thumb/3/3f/Illinois_Journal-_Canadian_news_from_the_war_-_DPLA_-_05882bd796eb14b92995d39689667897_%28page_2%29.jpg/120px-Illinois_Journal-_Canadian_news_from_the_war_-_DPLA_-_05882bd796eb14b92995d39689667897_%28page_2%29.jpg?utm_source=commons.wikimedia.org&utm_campaign=imageinfo&utm_content=thumbnail	https://cdn-icons-png.flaticon.com/128/473/473491.png
warehouse	仓库	https://thumb.wikimedia.org/wikipedia/commons/thumb/c/c0/Former_Warehouse%2C_Worcester_-_geograph.org.uk_-_209392.jpg/250px-Former_Warehouse%2C_Worcester_-_geograph.org.uk_-_209392.jpg?utm_source=commons.wikimedia.org&utm_campaign=imageinfo&utm_content=thumbnail	https://cdn-icons-png.flaticon.com/128/1350/1350237.png
warm	温暖	https://upload.wikimedia.org/wikipedia/commons/2/27/Warming%2CEugen-c1900.jpg?utm_source=commons.wikimedia.org&utm_campaign=imageinfo&utm_content=thumbnail_unscaled	https://ts4.mm.bing.net/th?id=OIP.GW5w6OGmpJmByiR5u3uo9QAAAA&pid=15.1
warn	警告	https://thumb.wikimedia.org/wikipedia/commons/thumb/3/33/RedWarnRollbackIcons.png/250px-RedWarnRollbackIcons.png?utm_source=commons.wikimedia.org&utm_campaign=imageinfo&utm_content=thumbnail	https://cdn-icons-png.flaticon.com/128/1680/1680012.png
warnings	警告	https://thumb.wikimedia.org/wikipedia/commons/thumb/4/42/Warningsignhi.png/250px-Warningsignhi.png?utm_source=commons.wikimedia.org&utm_campaign=imageinfo&utm_content=thumbnail	https://cdn-icons-png.flaticon.com/128/594/594801.png
was	曾是	https://thumb.wikimedia.org/wikipedia/commons/thumb/e/e7/Was_scepter.jpg/250px-Was_scepter.jpg?utm_source=commons.wikimedia.org&utm_campaign=imageinfo&utm_content=thumbnail	https://ts2.mm.bing.net/th?id=OIP.GzPvBulvdOJ1FhDGddRc_AAAAA&pid=15.1
waste	浪费	https://thumb.wikimedia.org/wikipedia/commons/thumb/b/b4/WASTE_Users_List.jpg/120px-WASTE_Users_List.jpg?utm_source=commons.wikimedia.org&utm_campaign=imageinfo&utm_content=thumbnail	https://cdn-icons-png.flaticon.com/128/4465/4465654.png
wasteful	浪费	https://thumb.wikimedia.org/wikipedia/commons/thumb/2/21/Wasteful_Spending_By_The_ACLU.png/250px-Wasteful_Spending_By_The_ACLU.png?utm_source=commons.wikimedia.org&utm_campaign=imageinfo&utm_content=thumbnail	https://ts1.mm.bing.net/th?id=OIP.ZT-LE-y7SsyPT6C2o_jfoQAAAA&pid=15.1
watch	观察	https://thumb.wikimedia.org/wikipedia/commons/thumb/f/fe/Campaign_Watch_1915.jpg/250px-Campaign_Watch_1915.jpg?utm_source=commons.wikimedia.org&utm_campaign=imageinfo&utm_content=thumbnail	https://cdn-icons-png.flaticon.com/128/100/100320.png
watches	观察	https://thumb.wikimedia.org/wikipedia/commons/thumb/3/39/56_hour_Chronometer.jpg/250px-56_hour_Chronometer.jpg?utm_source=commons.wikimedia.org&utm_campaign=imageinfo&utm_content=thumbnail	https://cdn-icons-png.flaticon.com/128/9413/9413719.png
watching	观看	https://thumb.wikimedia.org/wikipedia/commons/thumb/2/2b/Bird_Watching_%28Selous1901%29_p198.jpg/250px-Bird_Watching_%28Selous1901%29_p198.jpg?utm_source=commons.wikimedia.org&utm_campaign=imageinfo&utm_content=thumbnail	https://cdn-icons-png.flaticon.com/128/17490/17490040.png
water	水	https://thumb.wikimedia.org/wikipedia/commons/thumb/3/37/Shallow_water_waves.gif/250px-Shallow_water_waves.gif?utm_source=commons.wikimedia.org&utm_campaign=imageinfo&utm_content=thumbnail	https://cdn-icons-png.flaticon.com/128/891/891691.png
way	方式	https://thumb.wikimedia.org/wikipedia/commons/thumb/5/50/Milky_Way_Project.jpg/250px-Milky_Way_Project.jpg?utm_source=commons.wikimedia.org&utm_campaign=imageinfo&utm_content=thumbnail	https://cdn-icons-png.flaticon.com/128/1179/1179054.png
we	我们		
wear	磨损	https://thumb.wikimedia.org/wikipedia/commons/thumb/2/20/The_C2C_cycle_route_dropping_down_to_the_River_Wear_-_geograph.org.uk_-_141449.jpg/250px-The_C2C_cycle_route_dropping_down_to_the_River_Wear_-_geograph.org.uk_-_141449.jpg?utm_source=commons.wikimedia.org&utm_campaign=imageinfo&utm_content=thumbnail	https://ts3.mm.bing.net/th?id=OIP.lnvtS3QKlPYZKg0-u_tbGgAAAA&pid=15.1
weather	天气	https://thumb.wikimedia.org/wikipedia/commons/thumb/1/17/Weather_vane_-_geograph.org.uk_-_778075.jpg/250px-Weather_vane_-_geograph.org.uk_-_778075.jpg?utm_source=commons.wikimedia.org&utm_campaign=imageinfo&utm_content=thumbnail	https://ts4.mm.bing.net/th?id=OIP.HqF49iuXD3_aOVR9uppyngAAAA&pid=15.1
web	网页	https://thumb.wikimedia.org/wikipedia/commons/thumb/f/fa/Spider_Web_Drawing.jpg/250px-Spider_Web_Drawing.jpg?utm_source=commons.wikimedia.org&utm_campaign=imageinfo&utm_content=thumbnail	https://cdn-icons-png.flaticon.com/128/5339/5339184.png
webinars	网络研讨会	https://thumb.wikimedia.org/wikipedia/commons/thumb/5/54/Wikimedia_Ukraine_web_conference_%285%29.jpg/250px-Wikimedia_Ukraine_web_conference_%285%29.jpg?utm_source=commons.wikimedia.org&utm_campaign=imageinfo&utm_content=thumbnail	https://cdn-icons-png.flaticon.com/128/9582/9582456.png
websites	网站		https://cdn-icons-png.flaticon.com/128/5339/5339184.png
week	周	https://thumb.wikimedia.org/wikipedia/commons/thumb/8/88/The_Blessed_Virgin_Mary%2C_Week_St_Mary_-_geograph.org.uk_-_210893.jpg/250px-The_Blessed_Virgin_Mary%2C_Week_St_Mary_-_geograph.org.uk_-_210893.jpg?utm_source=commons.wikimedia.org&utm_campaign=imageinfo&utm_content=thumbnail	https://ts3.mm.bing.net/th?id=OIP.rJSVLovqCcA7M-YiOYW9uwAAAA&pid=15.1
weekend	周末	https://thumb.wikimedia.org/wikipedia/commons/thumb/d/d7/Radio_1_big_weekend_transmitter.jpg/250px-Radio_1_big_weekend_transmitter.jpg?utm_source=commons.wikimedia.org&utm_campaign=imageinfo&utm_content=thumbnail	https://cdn-icons-png.flaticon.com/128/6107/6107282.png
weekly	每周	https://thumb.wikimedia.org/wikipedia/commons/thumb/2/22/Argosy_all_story_weekly_19231020.jpg/250px-Argosy_all_story_weekly_19231020.jpg?utm_source=commons.wikimedia.org&utm_campaign=imageinfo&utm_content=thumbnail	https://ts3.mm.bing.net/th?id=OIP.rJSVLovqCcA7M-YiOYW9uwAAAA&pid=15.1
weeks	周	https://thumb.wikimedia.org/wikipedia/commons/thumb/6/66/Honeysuckle_weeks_november_2008.jpg/250px-Honeysuckle_weeks_november_2008.jpg?utm_source=commons.wikimedia.org&utm_campaign=imageinfo&utm_content=thumbnail	https://ts3.mm.bing.net/th?id=OIP.rJSVLovqCcA7M-YiOYW9uwAAAA&pid=15.1
weight	权重	https://thumb.wikimedia.org/wikipedia/commons/thumb/d/dd/Weight_Limit_over_Bridge_-_geograph.org.uk_-_1558703.jpg/250px-Weight_Limit_over_Bridge_-_geograph.org.uk_-_1558703.jpg?utm_source=commons.wikimedia.org&utm_campaign=imageinfo&utm_content=thumbnail	https://cdn-icons-png.flaticon.com/128/1000/1000008.png
weights	权重	https://thumb.wikimedia.org/wikipedia/commons/thumb/9/98/Apothecaries_weights_1800.png/250px-Apothecaries_weights_1800.png?utm_source=commons.wikimedia.org&utm_campaign=imageinfo&utm_content=thumbnail	https://cdn-icons-png.flaticon.com/128/1000/1000008.png
welcome	欢迎	https://thumb.wikimedia.org/wikipedia/commons/thumb/7/79/Welcome_to_England.jpg/250px-Welcome_to_England.jpg?utm_source=commons.wikimedia.org&utm_campaign=imageinfo&utm_content=thumbnail	https://cdn-icons-png.flaticon.com/128/5615/5615894.png
welcomes	欢迎	https://thumb.wikimedia.org/wikipedia/commons/thumb/7/7a/Long_Island_City_Welcomes_You_Banner.JPG/250px-Long_Island_City_Welcomes_You_Banner.JPG?utm_source=commons.wikimedia.org&utm_campaign=imageinfo&utm_content=thumbnail	https://cdn-icons-png.flaticon.com/128/5615/5615894.png
well	好	https://thumb.wikimedia.org/wikipedia/commons/thumb/d/d2/Water_well_in_Hampstead_Norreys_Berkshire_-_geograph.org.uk_-_118382.jpg/250px-Water_well_in_Hampstead_Norreys_Berkshire_-_geograph.org.uk_-_118382.jpg?utm_source=commons.wikimedia.org&utm_campaign=imageinfo&utm_content=thumbnail	https://ts4.mm.bing.net/th?id=OIP.7Ekn5sZ43z0lpFGWU5I-zQAAAA&pid=15.1
went	去了	https://upload.wikimedia.org/wikipedia/commons/3/34/Went.jpg?utm_source=commons.wikimedia.org&utm_campaign=imageinfo&utm_content=thumbnail_unscaled	https://icons.iconarchive.com/icons/oxygen-icons.org/oxygen/128/Actions-go-first-view-page-icon.png
were	曾是		https://ts2.mm.bing.net/th?id=OIP.VOpC-QxVWACjFfPJimvRowAAAA&pid=15.1
what	什么	https://upload.wikimedia.org/wikipedia/commons/4/42/Capital_A%2C_What_Katy_Did%2C_1873.jpg?utm_source=commons.wikimedia.org&utm_campaign=imageinfo&utm_content=thumbnail_unscaled	https://cdn-icons-png.flaticon.com/128/5229/5229460.png
when	当	https://thumb.wikimedia.org/wikipedia/commons/thumb/7/7b/When_Romance_Rides_%281922%29_-_2.jpg/120px-When_Romance_Rides_%281922%29_-_2.jpg?utm_source=commons.wikimedia.org&utm_campaign=imageinfo&utm_content=thumbnail	https://cdn-icons-png.flaticon.com/128/8776/8776755.png
whenever	每当	https://thumb.wikimedia.org/wikipedia/commons/thumb/9/95/Poet_reading_at_Whenever_We_Feel_Like_It_event.png/250px-Poet_reading_at_Whenever_We_Feel_Like_It_event.png?utm_source=commons.wikimedia.org&utm_campaign=imageinfo&utm_content=thumbnail	https://ts3.mm.bing.net/th?id=OIP.ZPgt17LfP8ZKj4NQJgwjxwAAAA&pid=15.1
where	哪里	https://thumb.wikimedia.org/wikipedia/commons/thumb/e/e0/Where_There_Is_Love.PNG/250px-Where_There_Is_Love.PNG?utm_source=commons.wikimedia.org&utm_campaign=imageinfo&utm_content=thumbnail	https://cdn-icons-png.flaticon.com/128/5359/5359676.png
which	哪个	https://thumb.wikimedia.org/wikipedia/commons/thumb/f/f6/The_Luck_Which_Touched_the_Leg_1930.gif/250px-The_Luck_Which_Touched_the_Leg_1930.gif?utm_source=commons.wikimedia.org&utm_campaign=imageinfo&utm_content=thumbnail	https://ts2.mm.bing.net/th?id=OIP.L_z7xjiw-D2JX8sNhFKs-gAAAA&pid=15.1
while	当	https://thumb.wikimedia.org/wikipedia/commons/thumb/7/7f/TEXTING_WHILE_DRIVING.jpg/250px-TEXTING_WHILE_DRIVING.jpg?utm_source=commons.wikimedia.org&utm_campaign=imageinfo&utm_content=thumbnail	https://cdn-icons-png.flaticon.com/128/11926/11926042.png
whistleblower	举报人	https://thumb.wikimedia.org/wikipedia/commons/thumb/2/2c/Aviation_and_national_security_whistleblower_Robert_MacLean.jpg/250px-Aviation_and_national_security_whistleblower_Robert_MacLean.jpg?utm_source=commons.wikimedia.org&utm_campaign=imageinfo&utm_content=thumbnail	https://cdn-icons-png.flaticon.com/128/15133/15133450.png
white	白	https://thumb.wikimedia.org/wikipedia/commons/thumb/7/71/White_Wine_Glas.jpg/120px-White_Wine_Glas.jpg?utm_source=commons.wikimedia.org&utm_campaign=imageinfo&utm_content=thumbnail	https://ts2.mm.bing.net/th?id=OIP.6YP5RlizIRZNjfArZO-OnQAAAA&pid=15.1
who	谁	https://thumb.wikimedia.org/wikipedia/commons/thumb/8/87/Peggy_O%27Dare_Who%27s_Who_on_the_Screen.jpg/250px-Peggy_O%27Dare_Who%27s_Who_on_the_Screen.jpg?utm_source=commons.wikimedia.org&utm_campaign=imageinfo&utm_content=thumbnail	https://cdn-icons-png.flaticon.com/128/5129/5129544.png
whole	整个	https://upload.wikimedia.org/wikipedia/commons/2/21/The_Whole_Family.JPG?utm_source=commons.wikimedia.org&utm_campaign=imageinfo&utm_content=thumbnail_unscaled	https://cdn-icons-png.flaticon.com/128/125/125076.png
whom	谁		https://ts3.mm.bing.net/th?id=OIP.Cd49VeLzAWreYoiqkl4V7AAAAA&pid=15.1
why	为何	https://thumb.wikimedia.org/wikipedia/commons/thumb/0/07/Why-brussels-2010.jpg/250px-Why-brussels-2010.jpg?utm_source=commons.wikimedia.org&utm_campaign=imageinfo&utm_content=thumbnail	https://ts2.mm.bing.net/th?id=OIP.lLy63Mu1E-4UFn6UbaA03QAAAA&pid=15.1
wide	宽	https://upload.wikimedia.org/wikipedia/commons/8/8c/WorldWideWeb_Icon.png?utm_source=commons.wikimedia.org&utm_campaign=imageinfo&utm_content=thumbnail_unscaled	https://ts4.mm.bing.net/th?id=OIP.BuqaC6tafMKJrgLM0bxYDAAAAA&pid=15.1
widely	广泛地	https://thumb.wikimedia.org/wikipedia/commons/thumb/0/0c/Map-Most_Widely_Spoken_Native_Languages_in_Latin_America.png/250px-Map-Most_Widely_Spoken_Native_Languages_in_Latin_America.png?utm_source=commons.wikimedia.org&utm_campaign=imageinfo&utm_content=thumbnail	https://ts3.mm.bing.net/th?id=OIP.6S_8SESGlxE5txjG6KsLcQAAAA&pid=15.1
wider	更宽	https://thumb.wikimedia.org/wikipedia/commons/thumb/b/bc/UNU-WIDER_Conference_on_Poverty_and_Behavioural_Economics._Helsinki%2C_Finland_%2810036241784%29.jpg/250px-UNU-WIDER_Conference_on_Poverty_and_Behavioural_Economics._Helsinki%2C_Finland_%2810036241784%29.jpg?utm_source=commons.wikimedia.org&utm_campaign=imageinfo&utm_content=thumbnail	https://ts4.mm.bing.net/th?id=OIP.BuqaC6tafMKJrgLM0bxYDAAAAA&pid=15.1
widgets	部件	https://thumb.wikimedia.org/wikipedia/commons/thumb/5/5d/Yahoo%21_Widgets_-_Picture_Frame.png/250px-Yahoo%21_Widgets_-_Picture_Frame.png?utm_source=commons.wikimedia.org&utm_campaign=imageinfo&utm_content=thumbnail	https://cdn-icons-png.flaticon.com/128/10311/10311889.png
will	将	https://thumb.wikimedia.org/wikipedia/commons/thumb/8/8d/Will_of_Alfred_the_Great_%28New_Minster_Liber_Vitae%29_-_BL_Stowe_MS_944%2C_f_30v.jpg/120px-Will_of_Alfred_the_Great_%28New_Minster_Liber_Vitae%29_-_BL_Stowe_MS_944%2C_f_30v.jpg?utm_source=commons.wikimedia.org&utm_campaign=imageinfo&utm_content=thumbnail	https://cdn-icons-png.flaticon.com/128/10005/10005901.png
willing	愿意	https://thumb.wikimedia.org/wikipedia/commons/thumb/0/02/Travelodge%2C_Willing_House%2C_356-64_Grays_Inn_Road_WC1X_-_geograph.org.uk_-_1315888.jpg/250px-Travelodge%2C_Willing_House%2C_356-64_Grays_Inn_Road_WC1X_-_geograph.org.uk_-_1315888.jpg?utm_source=commons.wikimedia.org&utm_campaign=imageinfo&utm_content=thumbnail	https://ts1.mm.bing.net/th?id=OIP.0yOE-KcdEcUUg5GkED4gVgAAAA&pid=15.1
willingness	意愿	https://thumb.wikimedia.org/wikipedia/commons/thumb/0/00/Salix_alba_Morton.jpg/250px-Salix_alba_Morton.jpg?utm_source=commons.wikimedia.org&utm_campaign=imageinfo&utm_content=thumbnail	https://ts2.mm.bing.net/th?id=OIP.sggiAyYzCe0gynB8W0r9NgAAAA&pid=15.1
win	赢	https://thumb.wikimedia.org/wikipedia/commons/thumb/3/37/Win_Butler-Rex_Theater-sitting_red.jpg/250px-Win_Butler-Rex_Theater-sitting_red.jpg?utm_source=commons.wikimedia.org&utm_campaign=imageinfo&utm_content=thumbnail	https://cdn-icons-png.flaticon.com/128/2374/2374896.png
windows	窗口	https://thumb.wikimedia.org/wikipedia/commons/thumb/e/e9/Windows_of_Newark_Castle_-_geograph.org.uk_-_766777.jpg/250px-Windows_of_Newark_Castle_-_geograph.org.uk_-_766777.jpg?utm_source=commons.wikimedia.org&utm_campaign=imageinfo&utm_content=thumbnail	https://images.icon-icons.com/79/PNG/96/windows_15242.png
winning	获胜		https://cdn-icons-png.flaticon.com/128/2374/2374896.png
wins	赢	https://thumb.wikimedia.org/wikipedia/commons/thumb/e/e1/Wins_shinyokohama_20110705.jpg/250px-Wins_shinyokohama_20110705.jpg?utm_source=commons.wikimedia.org&utm_campaign=imageinfo&utm_content=thumbnail	https://cdn-icons-png.flaticon.com/128/2374/2374896.png
wipe	擦除	https://upload.wikimedia.org/wikipedia/commons/7/7c/Wipe_down.jpg?utm_source=commons.wikimedia.org&utm_campaign=imageinfo&utm_content=thumbnail_unscaled	https://cdn-icons-png.flaticon.com/128/1199/1199860.png
wireframes	线框	https://thumb.wikimedia.org/wikipedia/commons/thumb/b/bc/Maze_representation_using_wireframes_2022-01-10.gif/250px-Maze_representation_using_wireframes_2022-01-10.gif?utm_source=commons.wikimedia.org&utm_campaign=imageinfo&utm_content=thumbnail	https://cdn-icons-png.flaticon.com/128/1072/1072025.png
wisely	明智地	https://thumb.wikimedia.org/wikipedia/commons/thumb/b/ba/Using_water_wisely_-_geograph.org.uk_-_544437.jpg/250px-Using_water_wisely_-_geograph.org.uk_-_544437.jpg?utm_source=commons.wikimedia.org&utm_campaign=imageinfo&utm_content=thumbnail	https://ts1.mm.bing.net/th?id=OIP.wX3AQzJ8jjYYMDiMJO1xtwAAAA&pid=15.1
with	用		
within	之内	https://thumb.wikimedia.org/wikipedia/commons/thumb/c/c6/Within-temptation-all.jpg/250px-Within-temptation-all.jpg?utm_source=commons.wikimedia.org&utm_campaign=imageinfo&utm_content=thumbnail	https://ts1.mm.bing.net/th?id=OIP.3bdGyBfNGeqyf6AuiOx1EAAAAA&pid=15.1
without	没有		
word	词	https://thumb.wikimedia.org/wikipedia/commons/thumb/4/45/Words.png/250px-Words.png?utm_source=commons.wikimedia.org&utm_campaign=imageinfo&utm_content=thumbnail	https://images.icon-icons.com/2397/PNG/96/microsoft_office_word_logo_icon_145724.png
words	词	https://thumb.wikimedia.org/wikipedia/commons/thumb/d/dd/The_hidden_words%2C_Printed_Canton_1937.jpg/250px-The_hidden_words%2C_Printed_Canton_1937.jpg?utm_source=commons.wikimedia.org&utm_campaign=imageinfo&utm_content=thumbnail	https://cdn-icons-png.flaticon.com/128/8541/8541712.png
work	工作	https://thumb.wikimedia.org/wikipedia/commons/thumb/d/dc/Steam_locomotive_work.gif/250px-Steam_locomotive_work.gif?utm_source=commons.wikimedia.org&utm_campaign=imageinfo&utm_content=thumbnail	https://cdn-icons-png.flaticon.com/128/1584/1584911.png
worked	已工作	https://thumb.wikimedia.org/wikipedia/commons/thumb/2/28/Dartmoor%2C_worked_granite_-_geograph.org.uk_-_794778.jpg/250px-Dartmoor%2C_worked_granite_-_geograph.org.uk_-_794778.jpg?utm_source=commons.wikimedia.org&utm_campaign=imageinfo&utm_content=thumbnail	https://cdn-icons-png.flaticon.com/128/760/760570.png
workers	工人	https://thumb.wikimedia.org/wikipedia/commons/thumb/4/42/Female_workers_assembling_Piat_anti-tank_gun_parts._Orilla%2C_Ontario_1944_LAC_3197624E000762429.jpeg/250px-Female_workers_assembling_Piat_anti-tank_gun_parts._Orilla%2C_Ontario_1944_LAC_3197624E000762429.jpeg?utm_source=commons.wikimedia.org&utm_campaign=imageinfo&utm_content=thumbnail	https://cdn-icons-png.flaticon.com/128/10293/10293154.png
workflows	工作流	https://thumb.wikimedia.org/wikipedia/commons/thumb/6/6c/Separating_review_and_message_to_creator_workflows_-_option_2.png/250px-Separating_review_and_message_to_creator_workflows_-_option_2.png?utm_source=commons.wikimedia.org&utm_campaign=imageinfo&utm_content=thumbnail	https://cdn-icons-png.flaticon.com/128/8317/8317737.png
workforce	劳动力	https://thumb.wikimedia.org/wikipedia/commons/thumb/d/d6/North_American_workforce_to_Brazil.jpg/250px-North_American_workforce_to_Brazil.jpg?utm_source=commons.wikimedia.org&utm_campaign=imageinfo&utm_content=thumbnail	https://cdn-icons-png.flaticon.com/128/6596/6596902.png
working	工作	https://thumb.wikimedia.org/wikipedia/commons/thumb/6/64/Yearly_working_time_2004.jpg/250px-Yearly_working_time_2004.jpg?utm_source=commons.wikimedia.org&utm_campaign=imageinfo&utm_content=thumbnail	https://ts3.mm.bing.net/th?id=OIP.1qU_bdVqboGAAWOWg6UPfwAAAA&pid=15.1
workload	负载	https://thumb.wikimedia.org/wikipedia/commons/thumb/f/fc/NasaTLX.png/120px-NasaTLX.png?utm_source=commons.wikimedia.org&utm_campaign=imageinfo&utm_content=thumbnail	https://cdn-icons-png.flaticon.com/128/8386/8386451.png
workplaces	工作场所	https://thumb.wikimedia.org/wikipedia/commons/thumb/6/63/SNCF_VB2N_107_interior_Paris_St_Lazare_24-07-04.jpg/250px-SNCF_VB2N_107_interior_Paris_St_Lazare_24-07-04.jpg?utm_source=commons.wikimedia.org&utm_campaign=imageinfo&utm_content=thumbnail	https://cdn-icons-png.flaticon.com/128/13430/13430654.png
works	工作	https://thumb.wikimedia.org/wikipedia/commons/thumb/7/74/John_D._Works%2C_1909.jpg/250px-John_D._Works%2C_1909.jpg?utm_source=commons.wikimedia.org&utm_campaign=imageinfo&utm_content=thumbnail	https://cdn-icons-png.flaticon.com/128/1584/1584961.png
worksheets	作业纸	https://upload.wikimedia.org/wikipedia/commons/7/75/Crystal_004_spreadsheet_document.png?utm_source=commons.wikimedia.org&utm_campaign=imageinfo&utm_content=thumbnail_unscaled	https://ts4.mm.bing.net/th?id=OIP.C-d2qlmCjnjts4s5PTqV7AAAAA&pid=15.1
workshops	研讨会	https://thumb.wikimedia.org/wikipedia/commons/thumb/2/2f/Horlicks_Factory_-_geograph.org.uk_-_580427.jpg/250px-Horlicks_Factory_-_geograph.org.uk_-_580427.jpg?utm_source=commons.wikimedia.org&utm_campaign=imageinfo&utm_content=thumbnail	https://cdn-icons-png.flaticon.com/128/3981/3981152.png
workstations	工位	https://thumb.wikimedia.org/wikipedia/commons/thumb/4/4a/LUCASSegmentation1.jpg/250px-LUCASSegmentation1.jpg?utm_source=commons.wikimedia.org&utm_campaign=imageinfo&utm_content=thumbnail	https://ts4.mm.bing.net/th?id=OIP.Dn34sW5baDPc4bWP1ZeUCAAAAA&pid=15.1
worst	最差	https://upload.wikimedia.org/wikipedia/commons/9/9c/Worst_games.png?utm_source=commons.wikimedia.org&utm_campaign=imageinfo&utm_content=thumbnail_unscaled	https://cdn-icons-png.flaticon.com/128/900/900460.png
wrap	包装		https://cdn-icons-png.flaticon.com/128/6121/6121488.png
write	写	https://thumb.wikimedia.org/wikipedia/commons/thumb/5/59/Students_Write_Wikipedia_Statistics_2013-2015.png/250px-Students_Write_Wikipedia_Statistics_2013-2015.png?utm_source=commons.wikimedia.org&utm_campaign=imageinfo&utm_content=thumbnail	https://cdn-icons-png.flaticon.com/128/1170/1170221.png
writers	作者	https://thumb.wikimedia.org/wikipedia/commons/thumb/b/b3/Kamala_das.jpg/250px-Kamala_das.jpg?utm_source=commons.wikimedia.org&utm_campaign=imageinfo&utm_content=thumbnail	https://cdn-icons-png.flaticon.com/128/1983/1983427.png
writes	写	https://thumb.wikimedia.org/wikipedia/commons/thumb/0/0b/Aristophanes_-_Project_Gutenberg_eText_12788.png/250px-Aristophanes_-_Project_Gutenberg_eText_12788.png?utm_source=commons.wikimedia.org&utm_campaign=imageinfo&utm_content=thumbnail	https://cdn-icons-png.flaticon.com/128/2554/2554282.png
writing	写作	https://thumb.wikimedia.org/wikipedia/commons/thumb/9/9c/Evangelist_Saint_Mark_writing_the_Gospel_with_his_symbol%2C_the_Lion%2C_holding_a_scroll_MET_tem1719036dmk.jpg/250px-Evangelist_Saint_Mark_writing_the_Gospel_with_his_symbol%2C_the_Lion%2C_holding_a_scroll_MET_tem1719036dmk.jpg?utm_source=commons.wikimedia.org&utm_campaign=imageinfo&utm_content=thumbnail	https://cdn-icons-png.flaticon.com/128/1170/1170221.png
written	已写	https://thumb.wikimedia.org/wikipedia/commons/thumb/e/e3/Einbrief.jpg/250px-Einbrief.jpg?utm_source=commons.wikimedia.org&utm_campaign=imageinfo&utm_content=thumbnail	https://cdn-icons-png.flaticon.com/128/1170/1170221.png
year	年	https://thumb.wikimedia.org/wikipedia/commons/thumb/f/f0/2013-01_happy-new-year_003_net.jpg/120px-2013-01_happy-new-year_003_net.jpg?utm_source=commons.wikimedia.org&utm_campaign=imageinfo&utm_content=thumbnail	https://ts2.mm.bing.net/th?id=OIP.Kvf-kiV2CelNos9Is85UNwAAAA&pid=15.1
yearly	每年	https://upload.wikimedia.org/wikipedia/commons/8/8a/Yearly_Ukrainian_National_Awards_Logo.png?utm_source=commons.wikimedia.org&utm_campaign=imageinfo&utm_content=thumbnail_unscaled	https://ts4.mm.bing.net/th?id=OIP.Kvf-kiV2CelNos9Is85UNwAAAA&pid=15.1
yet	尚未	https://thumb.wikimedia.org/wikipedia/commons/thumb/2/25/Yet_another_parapet_-_geograph.org.uk_-_214743.jpg/250px-Yet_another_parapet_-_geograph.org.uk_-_214743.jpg?utm_source=commons.wikimedia.org&utm_campaign=imageinfo&utm_content=thumbnail	https://ts1.mm.bing.net/th?id=OIP.6BoFWWf-Lo65GKgtSW4AdgAAAA&pid=15.1
yield	产出	https://thumb.wikimedia.org/wikipedia/commons/thumb/0/01/TAR-yield-icon.png/250px-TAR-yield-icon.png?utm_source=commons.wikimedia.org&utm_campaign=imageinfo&utm_content=thumbnail	https://ts4.mm.bing.net/th?id=OIP.EL82-VqOHNObUO4IrlH4lAAAAA&pid=15.1
you	你	https://thumb.wikimedia.org/wikipedia/commons/thumb/6/6b/Baba_Is_You_logo.png/250px-Baba_Is_You_logo.png?utm_source=commons.wikimedia.org&utm_campaign=imageinfo&utm_content=thumbnail	https://cdn-icons-png.flaticon.com/128/11273/11273407.png
younger	更年轻		https://cdn-icons-png.flaticon.com/128/10554/10554287.png
your	你的	https://thumb.wikimedia.org/wikipedia/commons/thumb/6/6d/Your_Best_Friend_%281922%29_-_9.jpg/250px-Your_Best_Friend_%281922%29_-_9.jpg?utm_source=commons.wikimedia.org&utm_campaign=imageinfo&utm_content=thumbnail	https://cdn-icons-png.flaticon.com/128/18113/18113658.png
zero	零	https://thumb.wikimedia.org/wikipedia/commons/thumb/2/29/Zip_the_pinhead.jpg/250px-Zip_the_pinhead.jpg?utm_source=commons.wikimedia.org&utm_campaign=imageinfo&utm_content=thumbnail	https://cdn-icons-png.flaticon.com/128/9037/9037215.png
zones	区域	https://thumb.wikimedia.org/wikipedia/commons/thumb/2/21/Germany_after_WWII_zones_USA.png/250px-Germany_after_WWII_zones_USA.png?utm_source=commons.wikimedia.org&utm_campaign=imageinfo&utm_content=thumbnail	https://ts3.mm.bing.net/th?id=OIP.rptRvg651Mm2HfgG-TvsCAAAAA&pid=15.1
grandfathered	已豁免	https://upload.wikimedia.org/wikipedia/commons/d/d7/Gramps-logo.png?utm_source=commons.wikimedia.org&utm_campaign=imageinfo&utm_content=thumbnail_unscaled	https://ts1.mm.bing.net/th?id=OIP.99tTDkcT20aN0iVfuNCYZQAAAA&pid=15.1
unwanted	不想要	https://upload.wikimedia.org/wikipedia/commons/d/d4/Unwanted_Witness.png?utm_source=commons.wikimedia.org&utm_campaign=imageinfo&utm_content=thumbnail_unscaled	https://ts3.mm.bing.net/th?id=OIP.AHk5wn6PY5wC5SXHhrolngAAAA&pid=15.1
